----------------------
init.lua - encrypted
data\cursors\alvo.png - encrypted
data\cursors\cursors.otml - encrypted
data\cursors\horizontalcursor.png - encrypted
data\cursors\targetcursor.png - encrypted
data\cursors\textcursor.png - encrypted
data\cursors\verticalcursor.png - encrypted
data\fonts\ava.otfont - encrypted
data\fonts\ava.png - encrypted
data\fonts\baby-12.otfont - encrypted
data\fonts\baby-12.png - encrypted
data\fonts\cipsoftFont.otfont - encrypted
data\fonts\cipsoftFont.png - encrypted
data\fonts\consolechat-11px_cp1252.otfont - encrypted
data\fonts\Icon-VBold-11px.otfont - encrypted
data\fonts\Icon-VBold-11px.png - encrypted
data\fonts\new-verdana.png - encrypted
data\fonts\sans-bold-16px.otfont - encrypted
data\fonts\sans-bold-16px_cp1252.png - encrypted
data\fonts\terminus-10px.otfont - encrypted
data\fonts\terminus-10px.png - encrypted
data\fonts\terminus-14px-bold.otfont - encrypted
data\fonts\terminus-14px-bold.png - encrypted
data\fonts\Verdana Bold-11px.otfont - encrypted
data\fonts\Verdana Bold-11px.png - encrypted
data\fonts\verdana-11px-antialised.otfont - encrypted
data\fonts\verdana-11px-antialised_cp1250.png - encrypted
data\fonts\verdana-11px-antialised_cp1252.png - encrypted
data\fonts\verdana-11px-monochrome.otfont - encrypted
data\fonts\verdana-11px-monochrome_cp1250.png - encrypted
data\fonts\verdana-11px-monochrome_cp1252.png - encrypted
data\fonts\verdana-11px-rounded-new.otfont - encrypted
data\fonts\verdana-11px-rounded.otfont - encrypted
data\fonts\verdana-11px-rounded_cp1250.png - encrypted
data\fonts\verdana-11px-rounded_cp1252.png - encrypted
data\fonts\verdana-11px-rounded_cp1253.png - encrypted
data\fonts\verdana-11px-rounded_cp1254.png - encrypted
data\fonts\verdana-new.png - encrypted
data\fonts\verdana.otfont - encrypted
data\images\background.png - encrypted
data\images\background2.png - encrypted
data\images\bars\frame-bg.png - encrypted
data\images\bars\frame-outline.png - encrypted
data\images\bars\health1.png - encrypted
data\images\bars\mana-fill.png - encrypted
data\images\bars\mana1.png - encrypted
data\images\bars\ping-others.png - encrypted
data\images\bars\ping.png - encrypted
data\images\buffs\background.png - encrypted
data\images\buffs\buff_cosmic_insight.png - encrypted
data\images\buffs\buff_elementalist_passive1.png - encrypted
data\images\buffs\buff_elementalist_passive2.png - encrypted
data\images\buffs\buff_elementalist_passive3.png - encrypted
data\images\buffs\buff_shaman_passive.png - encrypted
data\images\buffs\buff_wizard_passive1.png - encrypted
data\images\buffs\buff_wizard_passive2.png - encrypted
data\images\buffs\buff_wizard_passive3.png - encrypted
data\images\buffs\debuff_slow.png - encrypted
data\images\buffs\exp_scroll.png - encrypted
data\images\buffs\frame-2-gold.png - encrypted
data\images\buffs\frame-2-magenta.png - encrypted
data\images\buffs\frame-2-orange.png - encrypted
data\images\buffs\frame-6-sky.png - encrypted
data\images\buffs\frame-7-blue.png - encrypted
data\images\buffs\frame-8-acid.png - encrypted
data\images\buffs\frame-9-grey.png - encrypted
data\images\buffs\frame-9-jade.png - encrypted
data\images\buffs\frame-9-red.png - encrypted
data\images\buffs\rect.png - encrypted
data\images\buffs\utamo_tempo.png - encrypted
data\images\buffs\utamo_tempo_san.png - encrypted
data\images\buffs\utamo_vita.png - encrypted
data\images\buffs\utana_vid.png - encrypted
data\images\buffs\utani_gran_hur.png - encrypted
data\images\buffs\utani_hur.png - encrypted
data\images\buffs\utani_tempo_hur.png - encrypted
data\images\buffs\utura.png - encrypted
data\images\buffs\utura_gran.png - encrypted
data\images\clienticon.png - encrypted
data\images\elements\2.png - encrypted
data\images\elements\3.png - encrypted
data\images\elements\4.png - encrypted
data\images\flags\de.png - encrypted
data\images\flags\en.png - encrypted
data\images\flags\es.png - encrypted
data\images\flags\pl.png - encrypted
data\images\flags\pt.png - encrypted
data\images\flags\sv.png - encrypted
data\images\folds\air\1.png - encrypted
data\images\folds\air\10.png - encrypted
data\images\folds\air\11.png - encrypted
data\images\folds\air\12.png - encrypted
data\images\folds\air\13.png - encrypted
data\images\folds\air\14.png - encrypted
data\images\folds\air\15.png - encrypted
data\images\folds\air\16.png - encrypted
data\images\folds\air\17.png - encrypted
data\images\folds\air\18.png - encrypted
data\images\folds\air\19.png - encrypted
data\images\folds\air\2.png - encrypted
data\images\folds\air\20.png - encrypted
data\images\folds\air\21.png - encrypted
data\images\folds\air\22.png - encrypted
data\images\folds\air\23.png - encrypted
data\images\folds\air\24.png - encrypted
data\images\folds\air\3.png - encrypted
data\images\folds\air\4.png - encrypted
data\images\folds\air\5.png - encrypted
data\images\folds\air\6.png - encrypted
data\images\folds\air\7.png - encrypted
data\images\folds\air\8.png - encrypted
data\images\folds\air\9.png - encrypted
data\images\folds\air\Air Fan.png - encrypted
data\images\folds\air\Air Gust.png - encrypted
data\images\folds\air\Air Hurricane.png - encrypted
data\images\folds\air\Air Wings.png - encrypted
data\images\folds\earth\1.png - encrypted
data\images\folds\earth\10.png - encrypted
data\images\folds\earth\11.png - encrypted
data\images\folds\earth\12.png - encrypted
data\images\folds\earth\13.png - encrypted
data\images\folds\earth\14.png - encrypted
data\images\folds\earth\15.png - encrypted
data\images\folds\earth\16.png - encrypted
data\images\folds\earth\17.png - encrypted
data\images\folds\earth\18.png - encrypted
data\images\folds\earth\19.png - encrypted
data\images\folds\earth\2.png - encrypted
data\images\folds\earth\20.png - encrypted
data\images\folds\earth\21.png - encrypted
data\images\folds\earth\22.png - encrypted
data\images\folds\earth\23.png - encrypted
data\images\folds\earth\24.png - encrypted
data\images\folds\earth\3.png - encrypted
data\images\folds\earth\4.png - encrypted
data\images\folds\earth\5.png - encrypted
data\images\folds\earth\6.png - encrypted
data\images\folds\earth\7.png - encrypted
data\images\folds\earth\8.png - encrypted
data\images\folds\earth\9.png - encrypted
data\images\folds\fire\1.png - encrypted
data\images\folds\fire\10.png - encrypted
data\images\folds\fire\11.png - encrypted
data\images\folds\fire\12.png - encrypted
data\images\folds\fire\13.png - encrypted
data\images\folds\fire\14.png - encrypted
data\images\folds\fire\15.png - encrypted
data\images\folds\fire\16.png - encrypted
data\images\folds\fire\17.png - encrypted
data\images\folds\fire\18.png - encrypted
data\images\folds\fire\19.png - encrypted
data\images\folds\fire\2.png - encrypted
data\images\folds\fire\20.png - encrypted
data\images\folds\fire\21.png - encrypted
data\images\folds\fire\22.png - encrypted
data\images\folds\fire\23.png - encrypted
data\images\folds\fire\24.png - encrypted
data\images\folds\fire\3.png - encrypted
data\images\folds\fire\4.png - encrypted
data\images\folds\fire\5.png - encrypted
data\images\folds\fire\6.png - encrypted
data\images\folds\fire\7.png - encrypted
data\images\folds\fire\8.png - encrypted
data\images\folds\fire\9.png - encrypted
data\images\folds\fire\Fire Kick.png - encrypted
data\images\folds\moldura.png - encrypted
data\images\folds\water\1.png - encrypted
data\images\folds\water\10.png - encrypted
data\images\folds\water\11.png - encrypted
data\images\folds\water\12.png - encrypted
data\images\folds\water\13.png - encrypted
data\images\folds\water\14.png - encrypted
data\images\folds\water\15.png - encrypted
data\images\folds\water\16.png - encrypted
data\images\folds\water\17.png - encrypted
data\images\folds\water\18.png - encrypted
data\images\folds\water\19.png - encrypted
data\images\folds\water\2.png - encrypted
data\images\folds\water\20.png - encrypted
data\images\folds\water\21.png - encrypted
data\images\folds\water\22.png - encrypted
data\images\folds\water\23.png - encrypted
data\images\folds\water\24.png - encrypted
data\images\folds\water\3.png - encrypted
data\images\folds\water\4.png - encrypted
data\images\folds\water\5.png - encrypted
data\images\folds\water\6.png - encrypted
data\images\folds\water\7.png - encrypted
data\images\folds\water\8.png - encrypted
data\images\folds\water\9.png - encrypted
data\images\game\actionbar\actionbarslot.png - encrypted
data\images\game\battle\battle_monsters.png - encrypted
data\images\game\battle\battle_npcs.png - encrypted
data\images\game\battle\battle_party.png - encrypted
data\images\game\battle\battle_players.png - encrypted
data\images\game\battle\battle_skulls.png - encrypted
data\images\game\combatmodes\chasemode.png - encrypted
data\images\game\combatmodes\chasemode1.png - encrypted
data\images\game\combatmodes\fightbalanced.png - encrypted
data\images\game\combatmodes\fightbalanced1.png - encrypted
data\images\game\combatmodes\fightdefensive.png - encrypted
data\images\game\combatmodes\fightdefensive1.png - encrypted
data\images\game\combatmodes\fightoffensive.png - encrypted
data\images\game\combatmodes\fightoffensive1.png - encrypted
data\images\game\combatmodes\mount.png - encrypted
data\images\game\combatmodes\redfistmode.png - encrypted
data\images\game\combatmodes\safefight.png - encrypted
data\images\game\combatmodes\safefight1.png - encrypted
data\images\game\combatmodes\whitedovemode.png - encrypted
data\images\game\combatmodes\whitehandmode.png - encrypted
data\images\game\combatmodes\yellowhandmode.png - encrypted
data\images\game\console\channels.png - encrypted
data\images\game\console\clearchannel.png - encrypted
data\images\game\console\closechannel.png - encrypted
data\images\game\console\ignore.png - encrypted
data\images\game\console\leftarrow.png - encrypted
data\images\game\console\rightarrow.png - encrypted
data\images\game\console\say.png - encrypted
data\images\game\console\whisper.png - encrypted
data\images\game\console\yell.png - encrypted
data\images\game\dangerous.png - encrypted
data\images\game\destiny_wheel\menuBg.png - encrypted
data\images\game\emblems\emblem_air.png - encrypted
data\images\game\emblems\emblem_blue.png - encrypted
data\images\game\emblems\emblem_earth.png - encrypted
data\images\game\emblems\emblem_fire.png - encrypted
data\images\game\emblems\emblem_green.png - encrypted
data\images\game\emblems\emblem_red.png - encrypted
data\images\game\emblems\emblem_water.png - encrypted
data\images\game\helperimg\OFF.png - encrypted
data\images\game\helperimg\ON.png - encrypted
data\images\game\helperimg\plus.png - encrypted
data\images\game\minimap\cross.png - encrypted
data\images\game\minimap\flag0.png - encrypted
data\images\game\minimap\flag1.png - encrypted
data\images\game\minimap\flag10.png - encrypted
data\images\game\minimap\flag11.png - encrypted
data\images\game\minimap\flag12.png - encrypted
data\images\game\minimap\flag13.png - encrypted
data\images\game\minimap\flag14.png - encrypted
data\images\game\minimap\flag15.png - encrypted
data\images\game\minimap\flag16.png - encrypted
data\images\game\minimap\flag17.png - encrypted
data\images\game\minimap\flag18.png - encrypted
data\images\game\minimap\flag19.png - encrypted
data\images\game\minimap\flag2.png - encrypted
data\images\game\minimap\flag3.png - encrypted
data\images\game\minimap\flag4.png - encrypted
data\images\game\minimap\flag5.png - encrypted
data\images\game\minimap\flag6.png - encrypted
data\images\game\minimap\flag7.png - encrypted
data\images\game\minimap\flag8.png - encrypted
data\images\game\minimap\flag9.png - encrypted
data\images\game\minimap\flagcheckbox.png - encrypted
data\images\game\minimap\floor_down.png - encrypted
data\images\game\minimap\floor_up.png - encrypted
data\images\game\minimap\huntdot.png - encrypted
data\images\game\minimap\zoom_in.png - encrypted
data\images\game\minimap\zoom_out.png - encrypted
data\images\game\npcicons\icon_chat.png - encrypted
data\images\game\npcicons\icon_quest.png - encrypted
data\images\game\npcicons\icon_trade.png - encrypted
data\images\game\npcicons\icon_tradequest.png - encrypted
data\images\game\offset\Direita.png - encrypted
data\images\game\offset\Esquerda.png - encrypted
data\images\game\offset\Floor.png - encrypted
data\images\game\offset\icon.png - encrypted
data\images\game\offset\Norte.png - encrypted
data\images\game\offset\Reset.png - encrypted
data\images\game\offset\Sul.png - encrypted
data\images\game\offset\textbox.png - encrypted
data\images\game\shields\shield_blue.png - encrypted
data\images\game\shields\shield_blue1.png - encrypted
data\images\game\shields\shield_blue_not_shared.png - encrypted
data\images\game\shields\shield_blue_not_shared1.png - encrypted
data\images\game\shields\shield_blue_shared.png - encrypted
data\images\game\shields\shield_blue_shared1.png - encrypted
data\images\game\shields\shield_blue_white.png - encrypted
data\images\game\shields\shield_blue_white1.png - encrypted
data\images\game\shields\shield_gray.png - encrypted
data\images\game\shields\shield_gray1.png - encrypted
data\images\game\shields\shield_yellow.png - encrypted
data\images\game\shields\shield_yellow1.png - encrypted
data\images\game\shields\shield_yellow_not_shared.png - encrypted
data\images\game\shields\shield_yellow_not_shared1.png - encrypted
data\images\game\shields\shield_yellow_shared.png - encrypted
data\images\game\shields\shield_yellow_shared1.png - encrypted
data\images\game\shields\shield_yellow_white.png - encrypted
data\images\game\shields\shield_yellow_white1.png - encrypted
data\images\game\skulls\skull_black.png - encrypted
data\images\game\skulls\skull_green.png - encrypted
data\images\game\skulls\skull_orange.png - encrypted
data\images\game\skulls\skull_red.png - encrypted
data\images\game\skulls\skull_white.png - encrypted
data\images\game\skulls\skull_yellow.png - encrypted
data\images\game\slots\ammo.png - encrypted
data\images\game\slots\back.png - encrypted
data\images\game\slots\body.png - encrypted
data\images\game\slots\camera.png - encrypted
data\images\game\slots\feet.png - encrypted
data\images\game\slots\finger.png - encrypted
data\images\game\slots\head.png - encrypted
data\images\game\slots\left-hand.png - encrypted
data\images\game\slots\legs.png - encrypted
data\images\game\slots\momopouch.png - encrypted
data\images\game\slots\neck.png - encrypted
data\images\game\slots\purse.png - encrypted
data\images\game\slots\right-hand.png - encrypted
data\images\game\spells\cooldowns.png - encrypted
data\images\game\spells\defaultspells.png - encrypted
data\images\game\states\bleeding.png - encrypted
data\images\game\states\burning.png - encrypted
data\images\game\states\cursed.png - encrypted
data\images\game\states\dazzled.png - encrypted
data\images\game\states\drowning.png - encrypted
data\images\game\states\drunk.png - encrypted
data\images\game\states\electrified.png - encrypted
data\images\game\states\freezing.png - encrypted
data\images\game\states\haste.png - encrypted
data\images\game\states\hungry.png - encrypted
data\images\game\states\logout_block.png - encrypted
data\images\game\states\magic_shield.png - encrypted
data\images\game\states\poisoned.png - encrypted
data\images\game\states\protection_zone.png - encrypted
data\images\game\states\protection_zone_block.png - encrypted
data\images\game\states\slowed.png - encrypted
data\images\game\states\strengthened.png - encrypted
data\images\game\summon_other.png - encrypted
data\images\game\summon_own.png - encrypted
data\images\game\tutorial\backdrop_crestr.png - encrypted
data\images\game\viplist\icons.png - encrypted
data\images\game\viplist\vipcheckbox.png - encrypted
data\images\icon.png - encrypted
data\images\icons\icon-healing.png - encrypted
data\images\miniicons\healcut.png - encrypted
data\images\miniicons\hungry.png - encrypted
data\images\miniicons\nomana.png - encrypted
data\images\optionstab\audio.png - encrypted
data\images\optionstab\console.png - encrypted
data\images\optionstab\game.png - encrypted
data\images\optionstab\graphics.png - encrypted
data\images\optionstab\name-label.png - encrypted
data\images\shaders\rainbow.png - encrypted
data\images\skin\show-gui-help-grey.png - encrypted
data\images\skin\show-gui-help-red.png - encrypted
data\images\stickers\background.png - encrypted
data\images\stickers\emoji.png - encrypted
data\images\stickers\stickerSpeechBubble.png - encrypted
data\images\stickers\test1.png - encrypted
data\images\stickers\test2.png - encrypted
data\images\stickers\test3.png - encrypted
data\images\stickers\test4.png - encrypted
data\images\stickers\test5.png - encrypted
data\images\stickers\test6.png - encrypted
data\images\stickers\test7.png - encrypted
data\images\stickers\test8.png - encrypted
data\images\stickers\test9.png - encrypted
data\images\store\bazaar-add-item.png - encrypted
data\images\store\button-erase-small-down.png - encrypted
data\images\store\button-erase-small-up.png - encrypted
data\images\store\icon-yes.png - encrypted
data\images\tooltip_bg.png - encrypted
data\images\topbuttons\appa.png - encrypted
data\images\topbuttons\atributos.png - encrypted
data\images\topbuttons\audio.png - encrypted
data\images\topbuttons\audio_mute.png - encrypted
data\images\topbuttons\base.png - encrypted
data\images\topbuttons\battle.png - encrypted
data\images\topbuttons\battle2.png - encrypted
data\images\topbuttons\cast.png - encrypted
data\images\topbuttons\cd.png - encrypted
data\images\topbuttons\code.png - encrypted
data\images\topbuttons\combatcontrols.png - encrypted
data\images\topbuttons\Conquistas.png - encrypted
data\images\topbuttons\cooldowns.png - encrypted
data\images\topbuttons\dailyhunt.png - encrypted
data\images\topbuttons\drop.png - encrypted
data\images\topbuttons\EXP.png - encrypted
data\images\topbuttons\guild.png - encrypted
data\images\topbuttons\healthinfo.png - encrypted
data\images\topbuttons\Helper.png - encrypted
data\images\topbuttons\hotkeys.pdn - encrypted
data\images\topbuttons\hotkeys.png - encrypted
data\images\topbuttons\huntfinder.png - encrypted
data\images\topbuttons\inventory.png - encrypted
data\images\topbuttons\login.png - encrypted
data\images\topbuttons\logout.png - encrypted
data\images\topbuttons\Magicmeter.png - encrypted
data\images\topbuttons\market.png - encrypted
data\images\topbuttons\marketinterrog.png - encrypted
data\images\topbuttons\minimap.png - encrypted
data\images\topbuttons\modulemanager.png - encrypted
data\images\topbuttons\motd.png - encrypted
data\images\topbuttons\Navigation.png - encrypted
data\images\topbuttons\options.png - encrypted
data\images\topbuttons\particles.png - encrypted
data\images\topbuttons\PartyDPS.png - encrypted
data\images\topbuttons\questlog.png - encrypted
data\images\topbuttons\shop.png - encrypted
data\images\topbuttons\skills.png - encrypted
data\images\topbuttons\spelllist.png - encrypted
data\images\topbuttons\talenttree.png - encrypted
data\images\topbuttons\terminal.png - encrypted
data\images\topbuttons\topbuttons.rar - encrypted
data\images\topbuttons\viplist.png - encrypted
data\images\ui\1pixel-down-frame.png - encrypted
data\images\ui\2pixel-up-frame-borderimage.png - encrypted
data\images\ui\3pixel-frame-borderimage.png - encrypted
data\images\ui\arrow_horizontal.png - encrypted
data\images\ui\arrow_vertical.png - encrypted
data\images\ui\button.png - encrypted
data\images\ui\button1 (2).png - encrypted
data\images\ui\button1.png - encrypted
data\images\ui\buttons-blue.png - encrypted
data\images\ui\button_popupmenu.png - encrypted
data\images\ui\button_popupmenu1.png - encrypted
data\images\ui\button_rounded.png - encrypted
data\images\ui\button_rounded1.png - encrypted
data\images\ui\button_square.png - encrypted
data\images\ui\button_square1.png - encrypted
data\images\ui\button_topgame.png - encrypted
data\images\ui\checkbox.png - encrypted
data\images\ui\checkbox1.png - encrypted
data\images\ui\colorbox.png - encrypted
data\images\ui\combobox.png - encrypted
data\images\ui\combobox_rounded.png - encrypted
data\images\ui\combobox_square.png - encrypted
data\images\ui\depotsearch.png - encrypted
data\images\ui\ditherpattern.png - encrypted
data\images\ui\hierarchy-branch.png - encrypted
data\images\ui\icon_add.png - encrypted
data\images\ui\Image_2D_0165_0798.png - encrypted
data\images\ui\inventario_slot.png - encrypted
data\images\ui\item - Copia.png - encrypted
data\images\ui\item.png - encrypted
data\images\ui\item1.png - encrypted
data\images\ui\menubox.png - encrypted
data\images\ui\miniborder.png - encrypted
data\images\ui\miniwindow.png - encrypted
data\images\ui\miniwindow_buttons.png - encrypted
data\images\ui\panel_bottom.png - encrypted
data\images\ui\panel_container.png - encrypted
data\images\ui\panel_content.png - encrypted
data\images\ui\panel_flat.png - encrypted
data\images\ui\panel_lightflat.png - encrypted
data\images\ui\panel_map.png - encrypted
data\images\ui\panel_side.png - encrypted
data\images\ui\panel_top.png - encrypted
data\images\ui\percent-buttons.png - encrypted
data\images\ui\percentBg.png - encrypted
data\images\ui\progressbar - Copia.png - encrypted
data\images\ui\progressbar.png - encrypted
data\images\ui\rmv-button.png - encrypted
data\images\ui\scrollbar.png - encrypted
data\images\ui\scrollbar1.png - encrypted
data\images\ui\separator_horizontal - Copia.png - encrypted
data\images\ui\separator_horizontal.png - encrypted
data\images\ui\separator_vertical.png - encrypted
data\images\ui\spinbox.png - encrypted
data\images\ui\spinbox_down.png - encrypted
data\images\ui\spinbox_up.png - encrypted
data\images\ui\t2pixel-up-frame-borderimage.png - encrypted
data\images\ui\tabbutton_rounded.png - encrypted
data\images\ui\tabbutton_square.png - encrypted
data\images\ui\textedit.png - encrypted
data\images\ui\ui.zip - encrypted
data\images\ui\window.png - encrypted
data\images\ui\window_headless.png - encrypted
data\loadingimages\appa.png - encrypted
data\locales\de.lua - lua bytecode encrypted
data\locales\de.lua - encrypted
data\locales\en.lua - lua bytecode encrypted
data\locales\en.lua - encrypted
data\locales\es.lua - lua bytecode encrypted
data\locales\es.lua - encrypted
data\locales\pl.lua - lua bytecode encrypted
data\locales\pl.lua - encrypted
data\locales\pt.lua - lua bytecode encrypted
data\locales\pt.lua - encrypted
data\locales\sv.lua - lua bytecode encrypted
data\locales\sv.lua - encrypted
data\normalmaps\README.md - encrypted
data\particles\particle.png - encrypted
data\particles\particles.otps - encrypted
data\shaders\background_particles_fragment.frag - encrypted
data\shaders\entergame_glow_fragment.frag - encrypted
data\shaders\healthbar_bg.frag - encrypted
data\shaders\healthbar_bg_1.frag - encrypted
data\shaders\healthbar_bg_2.frag - encrypted
data\shaders\healthbar_bg_3.frag - encrypted
data\shaders\healthbar_bg_4.frag - encrypted
data\shaders\item_tier_1.frag - encrypted
data\shaders\item_tier_10.frag - encrypted
data\shaders\item_tier_2.frag - encrypted
data\shaders\item_tier_3.frag - encrypted
data\shaders\item_tier_4.frag - encrypted
data\shaders\item_tier_5.frag - encrypted
data\shaders\item_tier_6.frag - encrypted
data\shaders\item_tier_7.frag - encrypted
data\shaders\item_tier_8.frag - encrypted
data\shaders\item_tier_9.frag - encrypted
data\shaders\item_tier_fragment.frag - encrypted
data\shaders\item_tier_vertex.frag - encrypted
data\shaders\map_cloudy_fade_out_fragment.frag - encrypted
data\shaders\map_cloudy_fragment.frag - encrypted
data\shaders\map_cloudy_vertex.frag - encrypted
data\shaders\map_default_fragment.frag - encrypted
data\shaders\map_default_vertex.frag - encrypted
data\shaders\map_fade_in_fragment.frag - encrypted
data\shaders\map_fade_out_fragment.frag - encrypted
data\shaders\map_lens_fragment.frag - encrypted
data\shaders\map_overlay_dim_fragment.frag - encrypted
data\shaders\map_rainbow_fragment.frag - encrypted
data\shaders\map_rainbow_vertex.frag - encrypted
data\shaders\map_toph_fragment.frag - encrypted
data\shaders\novos\amazin\outfit_monsterrarity_holy_fragment.frag - encrypted
data\shaders\novos\amazin\outfit_monsterrarity_holy_vertex.frag - encrypted
data\shaders\novos\aqua.png - encrypted
data\shaders\novos\border_glow_fragment.frag - encrypted
data\shaders\novos\border_glow_vertex.frag - encrypted
data\shaders\novos\contrast2_fragment.frag - encrypted
data\shaders\novos\contrast_fragment.frag - encrypted
data\shaders\novos\contrast_vertex.frag - encrypted
data\shaders\novos\cosmetic_transition_fragment.frag - encrypted
data\shaders\novos\deuteranopia_fragment.frag - encrypted
data\shaders\novos\deuteranopia_vertex.frag - encrypted
data\shaders\novos\done\outfit_colorizingWave_fragment.frag - encrypted
data\shaders\novos\done\outfit_colorizingWave_vertex.frag - encrypted
data\shaders\novos\done\outfit_matrixFall_fragment.frag - encrypted
data\shaders\novos\done\outfit_matrixFall_vertex.frag - encrypted
data\shaders\novos\done\outfit_rainbowRGB_fragment.frag - encrypted
data\shaders\novos\done\outfit_rainbowRGB_vertex.frag - encrypted
data\shaders\novos\done\outfit_rainbowWave_fragment.frag - encrypted
data\shaders\novos\done\outfit_rainbowWave_vertex.frag - encrypted
data\shaders\novos\done\outfit_redGlow_fragment.frag - encrypted
data\shaders\novos\done\outfit_redGlow_vertex.frag - encrypted
data\shaders\novos\done\outfit_shine_fragment.frag - encrypted
data\shaders\novos\done\outfit_shine_vertex.frag - encrypted
data\shaders\novos\done\outfit_starsLinkDarken_fragment.frag - encrypted
data\shaders\novos\done\outfit_starsLinkDarken_vertex.frag - encrypted
data\shaders\novos\done\outfit_starsRainbowNebula_fragment.frag - encrypted
data\shaders\novos\done\outfit_starsRainbowNebula_vertex.frag - encrypted
data\shaders\novos\glitch_relentless_fragment.frag - encrypted
data\shaders\novos\glitch_relentless_vertex.frag - encrypted
data\shaders\novos\goldglow_fragment.frag - encrypted
data\shaders\novos\goldglow_vertex.frag - encrypted
data\shaders\novos\greenwaves_fragment.frag - encrypted
data\shaders\novos\item\rarity_corrupted.frag - encrypted
data\shaders\novos\item\rarity_epic.frag - encrypted
data\shaders\novos\item\rarity_legendary.frag - encrypted
data\shaders\novos\item\rarity_rare.frag - encrypted
data\shaders\novos\item\rarity_uncommon.frag - encrypted
data\shaders\novos\item_transmute_blackout_fragment.frag - encrypted
data\shaders\novos\item_transmute_blackout_vertex.frag - encrypted
data\shaders\novos\item_transmute_dust_dissolve_fragment.frag - encrypted
data\shaders\novos\item_transmute_dust_dissolve_vertex.frag - encrypted
data\shaders\novos\item_transmute_hide_fragment.frag - encrypted
data\shaders\novos\item_transmute_hide_vertex.frag - encrypted
data\shaders\novos\item_transmute_outline_fail_fragment.frag - encrypted
data\shaders\novos\item_transmute_outline_success_fragment.frag - encrypted
data\shaders\novos\item_transmute_reveal_fragment.frag - encrypted
data\shaders\novos\item_transmute_reveal_vertex.frag - encrypted
data\shaders\novos\item_transmute_shatter_fragment.frag - encrypted
data\shaders\novos\item_transmute_shatter_vertex.frag - encrypted
data\shaders\novos\item_transmute_tierup_aura_fragment.frag - encrypted
data\shaders\novos\item_transmute_tierup_edge_fragment.frag - encrypted
data\shaders\novos\lib\compat.glsl - encrypted
data\shaders\novos\map_aurora_fragment.frag - encrypted
data\shaders\novos\map_aurora_vertex.frag - encrypted
data\shaders\novos\map_blur_high_fragment.frag - encrypted
data\shaders\novos\map_blur_high_vertex.frag - encrypted
data\shaders\novos\map_blur_low_fragment.frag - encrypted
data\shaders\novos\map_blur_low_vertex.frag - encrypted
data\shaders\novos\map_blur_medium_fragment.frag - encrypted
data\shaders\novos\map_blur_medium_vertex.frag - encrypted
data\shaders\novos\map_cloudy_fragment.frag - encrypted
data\shaders\novos\map_cloudy_vertex.frag - encrypted
data\shaders\novos\map_crystalcavern_fragment.frag - encrypted
data\shaders\novos\map_crystalcavern_vertex.frag - encrypted
data\shaders\novos\map_deathgas_fragment.frag - encrypted
data\shaders\novos\map_deathgas_vertex.frag - encrypted
data\shaders\novos\map_default_fragment.frag - encrypted
data\shaders\novos\map_default_vertex.frag - encrypted
data\shaders\novos\map_dreamworld_fragment.frag - encrypted
data\shaders\novos\map_dreamworld_vertex.frag - encrypted
data\shaders\novos\map_drunk_fragment.frag - encrypted
data\shaders\novos\map_drunk_vertex.frag - encrypted
data\shaders\novos\map_firestorm_blue_fragment.frag - encrypted
data\shaders\novos\map_firestorm_blue_vertex.frag - encrypted
data\shaders\novos\map_firestorm_fragment.frag - encrypted
data\shaders\novos\map_firestorm_green_fragment.frag - encrypted
data\shaders\novos\map_firestorm_green_vertex.frag - encrypted
data\shaders\novos\map_firestorm_intense_fragment.frag - encrypted
data\shaders\novos\map_firestorm_intense_vertex.frag - encrypted
data\shaders\novos\map_firestorm_purple_fragment.frag - encrypted
data\shaders\novos\map_firestorm_purple_vertex.frag - encrypted
data\shaders\novos\map_firestorm_subtle_fragment.frag - encrypted
data\shaders\novos\map_firestorm_subtle_vertex.frag - encrypted
data\shaders\novos\map_firestorm_vertex.frag - encrypted
data\shaders\novos\map_fog_fragment.frag - encrypted
data\shaders\novos\map_fog_vertex.frag - encrypted
data\shaders\novos\map_frozen_fragment.frag - encrypted
data\shaders\novos\map_frozen_vertex.frag - encrypted
data\shaders\novos\map_heatwave_fragment.frag - encrypted
data\shaders\novos\map_heatwave_vertex.frag - encrypted
data\shaders\novos\map_moonlight_fragment.frag - encrypted
data\shaders\novos\map_moonlight_vertex.frag - encrypted
data\shaders\novos\map_nightmare_fragment.frag - encrypted
data\shaders\novos\map_nightmare_vertex.frag - encrypted
data\shaders\novos\map_rainbow_fragment.frag - encrypted
data\shaders\novos\map_rainbow_vertex.frag - encrypted
data\shaders\novos\map_rain_fragment.frag - encrypted
data\shaders\novos\map_rain_vertex.frag - encrypted
data\shaders\novos\map_sandstorm_fragment.frag - encrypted
data\shaders\novos\map_sandstorm_vertex.frag - encrypted
data\shaders\novos\map_shader330_fragment.frag - encrypted
data\shaders\novos\map_shader330_vertex.frag - encrypted
data\shaders\novos\map_shadowrealm_fragment.frag - encrypted
data\shaders\novos\map_shadowrealm_vertex.frag - encrypted
data\shaders\novos\map_snow_fragment.frag - encrypted
data\shaders\novos\map_snow_vertex.frag - encrypted
data\shaders\novos\map_sunset_fragment.frag - encrypted
data\shaders\novos\map_sunset_vertex.frag - encrypted
data\shaders\novos\map_thunderstorm_fragment.frag - encrypted
data\shaders\novos\map_thunderstorm_vertex.frag - encrypted
data\shaders\novos\map_toxicfog_fragment.frag - encrypted
data\shaders\novos\map_toxicfog_vertex.frag - encrypted
data\shaders\novos\map_underwater_fragment.frag - encrypted
data\shaders\novos\map_underwater_vertex.frag - encrypted
data\shaders\novos\map_vignette_fragment.frag - encrypted
data\shaders\novos\map_vignette_vertex.frag - encrypted
data\shaders\novos\map_visionlimit_fragment.frag - encrypted
data\shaders\novos\map_visionlimit_vertex.frag - encrypted
data\shaders\novos\map_volcanoash_fragment.frag - encrypted
data\shaders\novos\map_volcanoash_vertex.frag - encrypted
data\shaders\novos\name_chromatic_fragment.frag - encrypted
data\shaders\novos\name_fire_fragment.frag - encrypted
data\shaders\novos\name_glitch_fragment.frag - encrypted
data\shaders\novos\name_gold_fragment.frag - encrypted
data\shaders\novos\name_gradient_blue_fragment.frag - encrypted
data\shaders\novos\name_ice_fragment.frag - encrypted
data\shaders\novos\name_matrix_fragment.frag - encrypted
data\shaders\novos\name_neon_fragment.frag - encrypted
data\shaders\novos\name_phantom_fragment.frag - encrypted
data\shaders\novos\name_pulse_fragment.frag - encrypted
data\shaders\novos\name_rainbow_fragment.frag - encrypted
data\shaders\novos\name_shadow_fragment.frag - encrypted
data\shaders\novos\name_static_fragment.frag - encrypted
data\shaders\novos\name_vertex.frag - encrypted
data\shaders\novos\name_wave_fragment.frag - encrypted
data\shaders\novos\news\blur.vert - encrypted
data\shaders\novos\news\chromatic-aberration.frag - encrypted
data\shaders\novos\news\combine.frag - encrypted
data\shaders\novos\news\convolve-1d.frag - encrypted
data\shaders\novos\news\copy.frag - encrypted
data\shaders\novos\news\crt.frag - encrypted
data\shaders\novos\news\default.vert - encrypted
data\shaders\novos\news\film-grain.frag - encrypted
data\shaders\novos\news\fisheye.frag - encrypted
data\shaders\novos\news\fisheye_vertex.frag - encrypted
data\shaders\novos\news\fxaa.frag - encrypted
data\shaders\novos\news\gamma-threshold.frag - encrypted
data\shaders\novos\news\lens-flare.frag - encrypted
data\shaders\novos\news\levels.frag - encrypted
data\shaders\novos\news\mix.frag - encrypted
data\shaders\novos\news\nfaa.frag - encrypted
data\shaders\novos\news\old-tv.frag - encrypted
data\shaders\novos\news\radial-blur_fragment.frag - encrypted
data\shaders\novos\news\radial-blur_vertex.vert - encrypted
data\shaders\novos\news\radial-distortion.frag - encrypted
data\shaders\novos\news\screenspace.vert - encrypted
data\shaders\novos\news\vignetting.frag - encrypted
data\shaders\novos\news\water-distortion.frag - encrypted
data\shaders\novos\news\zoom.frag - encrypted
data\shaders\novos\news\zoom.vert - encrypted
data\shaders\novos\outfit_arcane_overlay_fragment.frag - encrypted
data\shaders\novos\outfit_arcane_overlay_vertex.frag - encrypted
data\shaders\novos\outfit_blessed_error_fragment.frag - encrypted
data\shaders\novos\outfit_blessed_fragment.frag - encrypted
data\shaders\novos\outfit_blessed_vertex.frag - encrypted
data\shaders\novos\outfit_bounce_fragment.frag - encrypted
data\shaders\novos\outfit_bounce_high_blue_fragment.frag - encrypted
data\shaders\novos\outfit_bounce_high_fragment.frag - encrypted
data\shaders\novos\outfit_bounce_high_green_fragment.frag - encrypted
data\shaders\novos\outfit_bounce_high_vertex.frag - encrypted
data\shaders\novos\outfit_bounce_sideways_fragment.frag - encrypted
data\shaders\novos\outfit_bounce_sideways_vertex.frag - encrypted
data\shaders\novos\outfit_bounce_vertex.frag - encrypted
data\shaders\novos\outfit_brazil_fragment.frag - encrypted
data\shaders\novos\outfit_brazil_vertex.frag - encrypted
data\shaders\novos\outfit_bubble_blue_fragment.frag - encrypted
data\shaders\novos\outfit_bubble_fragment.frag - encrypted
data\shaders\novos\outfit_bubble_green_fragment.frag - encrypted
data\shaders\novos\outfit_bubble_vertex.frag - encrypted
data\shaders\novos\outfit_bubble_watery_vertex.frag - encrypted
data\shaders\novos\outfit_camouflage_fragment.frag - encrypted
data\shaders\novos\outfit_camouflage_vertex.frag - encrypted
data\shaders\novos\outfit_celestial_radiance_vertex.frag - encrypted
data\shaders\novos\outfit_circle2_fragment.frag - encrypted
data\shaders\novos\outfit_circle2_vertex.frag - encrypted
data\shaders\novos\outfit_circle3_fragment.frag - encrypted
data\shaders\novos\outfit_circle3_vertex.frag - encrypted
data\shaders\novos\outfit_circle4_fragment.frag - encrypted
data\shaders\novos\outfit_circle4_vertex.frag - encrypted
data\shaders\novos\outfit_circle_fragment.frag - encrypted
data\shaders\novos\outfit_circle_vertex.frag - encrypted
data\shaders\novos\outfit_colorizingWave_fragment.frag - encrypted
data\shaders\novos\outfit_colorizingWave_vertex.frag - encrypted
data\shaders\novos\outfit_cosmic_flow_fragment.frag - encrypted
data\shaders\novos\outfit_cosmic_flow_vertex.frag - encrypted
data\shaders\novos\outfit_cosmic_fragment.frag - encrypted
data\shaders\novos\outfit_cosmic_vertex.frag - encrypted
data\shaders\novos\outfit_cosmos_fragment.frag - encrypted
data\shaders\novos\outfit_cosmos_vertex.frag - encrypted
data\shaders\novos\outfit_cursed_fragment.frag - encrypted
data\shaders\novos\outfit_cursed_vertex.frag - encrypted
data\shaders\novos\outfit_cyber_glitch_fragment.frag - encrypted
data\shaders\novos\outfit_cyber_glitch_vertex.frag - encrypted
data\shaders\novos\outfit_cyber_matrix_fragment.frag - encrypted
data\shaders\novos\outfit_cyber_matrix_vertex.frag - encrypted
data\shaders\novos\outfit_default_fragment.frag - encrypted
data\shaders\novos\outfit_default_vertex.frag - encrypted
data\shaders\novos\outfit_drunk_fragment.frag - encrypted
data\shaders\novos\outfit_drunk_vertex.frag - encrypted
data\shaders\novos\outfit_dual_energy_fragment.frag - encrypted
data\shaders\novos\outfit_dual_glitter_fragment.frag - encrypted
data\shaders\novos\outfit_dual_texture_fragment.frag - encrypted
data\shaders\novos\outfit_dual_texture_vertex.frag - encrypted
data\shaders\novos\outfit_electric_eel_fragment.frag - encrypted
data\shaders\novos\outfit_electric_eel_vertex.frag - encrypted
data\shaders\novos\outfit_electric_fragment.frag - encrypted
data\shaders\novos\outfit_electric_goldgreen_fragment.frag - encrypted
data\shaders\novos\outfit_electric_goldgreen_vertex.frag - encrypted
data\shaders\novos\outfit_electric_green_fragment.frag - encrypted
data\shaders\novos\outfit_electric_green_vertex.frag - encrypted
data\shaders\novos\outfit_electric_purple_fragment.frag - encrypted
data\shaders\novos\outfit_electric_purple_vertex.frag - encrypted
data\shaders\novos\outfit_electric_red_fragment.frag - encrypted
data\shaders\novos\outfit_electric_red_vertex.frag - encrypted
data\shaders\novos\outfit_electric_southeast_fragment.frag - encrypted
data\shaders\novos\outfit_electric_southeast_vertex.frag - encrypted
data\shaders\novos\outfit_electric_vertex.frag - encrypted
data\shaders\novos\outfit_falling_stars_fragment.frag - encrypted
data\shaders\novos\outfit_falling_stars_vertex.frag - encrypted
data\shaders\novos\outfit_fire_fragment.frag - encrypted
data\shaders\novos\outfit_fire_vertex.frag - encrypted
data\shaders\novos\outfit_fizzy_blue_fragment.frag - encrypted
data\shaders\novos\outfit_fizzy_fragment.frag - encrypted
data\shaders\novos\outfit_fizzy_green_fragment.frag - encrypted
data\shaders\novos\outfit_fizzy_guitar_fragment.frag - encrypted
data\shaders\novos\outfit_fizzy_guitar_vertex.frag - encrypted
data\shaders\novos\outfit_fizzy_pink_fragment.frag - encrypted
data\shaders\novos\outfit_fizzy_purple_fragment.frag - encrypted
data\shaders\novos\outfit_fizzy_vertex.frag - encrypted
data\shaders\novos\outfit_flame_knight_fragment.frag - encrypted
data\shaders\novos\outfit_flame_knight_vertex.frag - encrypted
data\shaders\novos\outfit_fractal_flame_fragment.frag - encrypted
data\shaders\novos\outfit_fractal_flame_vertex.frag - encrypted
data\shaders\novos\outfit_ghost_fragment.frag - encrypted
data\shaders\novos\outfit_ghost_vertex.frag - encrypted
data\shaders\novos\outfit_glitch_fragment.frag - encrypted
data\shaders\novos\outfit_glitch_vertex.frag - encrypted
data\shaders\novos\outfit_glittering_ruby_fragment.frag - encrypted
data\shaders\novos\outfit_glittering_ruby_vertex.frag - encrypted
data\shaders\novos\outfit_glitter_oceangreen_fragment.frag - encrypted
data\shaders\novos\outfit_glitter_oceangreen_vertex.frag - encrypted
data\shaders\novos\outfit_glitter_purple_fragment.frag - encrypted
data\shaders\novos\outfit_glitter_purple_vertex.frag - encrypted
data\shaders\novos\outfit_glitter_twitch_fragment.frag - encrypted
data\shaders\novos\outfit_glitter_twitch_vertex.frag - encrypted
data\shaders\novos\outfit_gold_fragment.frag - encrypted
data\shaders\novos\outfit_gold_vertex.frag - encrypted
data\shaders\novos\outfit_goofy_stretchy_fragment.frag - encrypted
data\shaders\novos\outfit_goofy_stretchy_vertex.frag - encrypted
data\shaders\novos\outfit_grayscale.frag - encrypted
data\shaders\novos\outfit_grayscale_vertex.frag - encrypted
data\shaders\novos\outfit_hologram_glitch_fragment.frag - encrypted
data\shaders\novos\outfit_hologram_glitch_vertex.frag - encrypted
data\shaders\novos\outfit_huegreen_fragment.frag - encrypted
data\shaders\novos\outfit_huegreen_vertex.frag - encrypted
data\shaders\novos\outfit_inverted_fragment.frag - encrypted
data\shaders\novos\outfit_inverted_vertex.frag - encrypted
data\shaders\novos\outfit_jello_fragment.frag - encrypted
data\shaders\novos\outfit_jello_vertex.frag - encrypted
data\shaders\novos\outfit_jumping_fixed_fragment.frag - encrypted
data\shaders\novos\outfit_jumping_fixed_vertex.frag - encrypted
data\shaders\novos\outfit_jumping_fragment.frag - encrypted
data\shaders\novos\outfit_jumping_vertex.frag - encrypted
data\shaders\novos\outfit_lava_fragment.frag - encrypted
data\shaders\novos\outfit_lava_vertex.frag - encrypted
data\shaders\novos\outfit_lightning_storm_fragment.frag - encrypted
data\shaders\novos\outfit_lightning_storm_vertex.frag - encrypted
data\shaders\novos\outfit_line_fragment.frag - encrypted
data\shaders\novos\outfit_line_vertex.frag - encrypted
data\shaders\novos\outfit_matrixFall_fragment.frag - encrypted
data\shaders\novos\outfit_matrixFall_vertex.frag - encrypted
data\shaders\novos\outfit_metallic_bronze_fragment.frag - encrypted
data\shaders\novos\outfit_metallic_bronze_vertex.frag - encrypted
data\shaders\novos\outfit_metallic_fragment.frag - encrypted
data\shaders\novos\outfit_metallic_gold_fragment.frag - encrypted
data\shaders\novos\outfit_metallic_gold_vertex.frag - encrypted
data\shaders\novos\outfit_metallic_purple_fragment.frag - encrypted
data\shaders\novos\outfit_metallic_purple_vertex.frag - encrypted
data\shaders\novos\outfit_metallic_silver_fragment.frag - encrypted
data\shaders\novos\outfit_metallic_silver_vertex.frag - encrypted
data\shaders\novos\outfit_metallic_vertex.frag - encrypted
data\shaders\novos\outfit_mexican_fiesta_fragment.frag - encrypted
data\shaders\novos\outfit_mexican_fiesta_vertex.frag - encrypted
data\shaders\novos\outfit_midget_fragment.frag - encrypted
data\shaders\novos\outfit_midget_vertex.frag - encrypted
data\shaders\novos\outfit_molten_crystal_fragment.frag - encrypted
data\shaders\novos\outfit_molten_crystal_vertex.frag - encrypted
data\shaders\novos\outfit_monsterrarity_cosmos_fragment.frag - encrypted
data\shaders\novos\outfit_monsterrarity_cosmos_vertex.frag - encrypted
data\shaders\novos\outfit_monsterrarity_death_vertex.frag - encrypted
data\shaders\novos\outfit_monsterrarity_earth_fragment.frag - encrypted
data\shaders\novos\outfit_monsterrarity_earth_vertex.frag - encrypted
data\shaders\novos\outfit_monsterrarity_energy_fragment.frag - encrypted
data\shaders\novos\outfit_monsterrarity_energy_vertex.frag - encrypted
data\shaders\novos\outfit_monsterrarity_fire_fragment.frag - encrypted
data\shaders\novos\outfit_monsterrarity_fire_vertex.frag - encrypted
data\shaders\novos\outfit_monsterrarity_holy_fragment.frag - encrypted
data\shaders\novos\outfit_monsterrarity_holy_vertex.frag - encrypted
data\shaders\novos\outfit_monsterrarity_ice_fragment.frag - encrypted
data\shaders\novos\outfit_monsterrarity_ice_vertex.frag - encrypted
data\shaders\novos\outfit_mystical_aura_fragment.frag - encrypted
data\shaders\novos\outfit_mystical_aura_vertex.frag - encrypted
data\shaders\novos\outfit_neon_cyber_fragment.frag - encrypted
data\shaders\novos\outfit_neon_cyber_vertex.frag - encrypted
data\shaders\novos\outfit_neon_green_fragment.frag - encrypted
data\shaders\novos\outfit_neon_green_vertex.frag - encrypted
data\shaders\novos\outfit_neon_purple_fragment.frag - encrypted
data\shaders\novos\outfit_neon_purple_vertex.frag - encrypted
data\shaders\novos\outfit_neon_red_fragment.frag - encrypted
data\shaders\novos\outfit_neon_red_vertex.frag - encrypted
data\shaders\novos\outfit_onsale_fragment.frag - encrypted
data\shaders\novos\outfit_onsale_vertex.frag - encrypted
data\shaders\novos\outfit_outlineblack_fragment.frag - encrypted
data\shaders\novos\outfit_outlineblack_vertex.frag - encrypted
data\shaders\novos\outfit_outlinegreen_fragment.frag - encrypted
data\shaders\novos\outfit_outlinegreen_vertex.frag - encrypted
data\shaders\novos\outfit_outlinegrey_fragment.frag - encrypted
data\shaders\novos\outfit_outlinegrey_vertex.frag - encrypted
data\shaders\novos\outfit_outlinered_fragment.frag - encrypted
data\shaders\novos\outfit_outlinered_vertex.frag - encrypted
data\shaders\novos\outfit_outlinewhite_fragment.frag - encrypted
data\shaders\novos\outfit_outlinewhite_vertex.frag - encrypted
data\shaders\novos\outfit_outlineyellow_fragment.frag - encrypted
data\shaders\novos\outfit_outlineyellow_vertex.frag - encrypted
data\shaders\novos\outfit_outline_fragment.frag - encrypted
data\shaders\novos\outfit_outline_vertex.frag - encrypted
data\shaders\novos\outfit_overtexture_shimmering_fragment.frag - encrypted
data\shaders\novos\outfit_overtexture_shimmering_vertex.frag - encrypted
data\shaders\novos\outfit_pantone_gradient_fragment.frag - encrypted
data\shaders\novos\outfit_pantone_gradient_vertex.frag - encrypted
data\shaders\novos\outfit_pantone_spectrum_fragment.frag - encrypted
data\shaders\novos\outfit_pantone_spectrum_vertex.frag - encrypted
data\shaders\novos\outfit_pixelated_fragment.frag - encrypted
data\shaders\novos\outfit_pixelated_vertex.frag - encrypted
data\shaders\novos\outfit_pixel_lava_fragment.frag - encrypted
data\shaders\novos\outfit_pixel_lava_vertex.frag - encrypted
data\shaders\novos\outfit_plasmic_fast_fragment.frag - encrypted
data\shaders\novos\outfit_plasmic_fast_vertex.frag - encrypted
data\shaders\novos\outfit_plasmic_fragment.frag - encrypted
data\shaders\novos\outfit_plasmic_ocean_fragment.frag - encrypted
data\shaders\novos\outfit_plasmic_ocean_vertex.frag - encrypted
data\shaders\novos\outfit_plasmic_purple_fragment.frag - encrypted
data\shaders\novos\outfit_plasmic_purple_vertex.frag - encrypted
data\shaders\novos\outfit_plasmic_toxic_fragment.frag - encrypted
data\shaders\novos\outfit_plasmic_toxic_vertex.frag - encrypted
data\shaders\novos\outfit_plasmic_vertex.frag - encrypted
data\shaders\novos\outfit_poisoned_fragment.frag - encrypted
data\shaders\novos\outfit_poisoned_vertex.frag - encrypted
data\shaders\novos\outfit_prismatic_downward_fragment.frag - encrypted
data\shaders\novos\outfit_prismatic_downward_vertex.frag - encrypted
data\shaders\novos\outfit_prismatic_fragment.frag - encrypted
data\shaders\novos\outfit_prismatic_vertex.frag - encrypted
data\shaders\novos\outfit_pulsing_rings_fragment.frag - encrypted
data\shaders\novos\outfit_pulsing_rings_vertex.frag - encrypted
data\shaders\novos\outfit_purpleneon_fragment.frag - encrypted
data\shaders\novos\outfit_purpleneon_vertex.frag - encrypted
data\shaders\novos\outfit_purplesky_fragment.frag - encrypted
data\shaders\novos\outfit_purplesky_vertex.frag - encrypted
data\shaders\novos\outfit_rainbowRGB_fragment.frag - encrypted
data\shaders\novos\outfit_rainbowRGB_vertex.frag - encrypted
data\shaders\novos\outfit_rainbowWave_fragment.frag - encrypted
data\shaders\novos\outfit_rainbowWave_vertex.frag - encrypted
data\shaders\novos\outfit_rainbow_basic_fragment.frag - encrypted
data\shaders\novos\outfit_rainbow_basic_vertex.frag - encrypted
data\shaders\novos\outfit_rainbow_cascade_fragment.frag - encrypted
data\shaders\novos\outfit_rainbow_cascade_vertex.frag - encrypted
data\shaders\novos\outfit_rainbow_epilepsy_fragment.frag - encrypted
data\shaders\novos\outfit_rainbow_epilepsy_vertex.frag - encrypted
data\shaders\novos\outfit_rainbow_fast_fragment.frag - encrypted
data\shaders\novos\outfit_rainbow_fast_vertex.frag - encrypted
data\shaders\novos\outfit_rainbow_fragment.frag - encrypted
data\shaders\novos\outfit_rainbow_mutation_fragment.frag - encrypted
data\shaders\novos\outfit_rainbow_mutation_vertex.frag - encrypted
data\shaders\novos\outfit_rainbow_ripple_fragment.frag - encrypted
data\shaders\novos\outfit_rainbow_ripple_vertex.frag - encrypted
data\shaders\novos\outfit_rainbow_turbo_fragment.frag - encrypted
data\shaders\novos\outfit_rainbow_turbo_vertex.frag - encrypted
data\shaders\novos\outfit_rainbow_vertex.frag - encrypted
data\shaders\novos\outfit_redGlow_fragment.frag - encrypted
data\shaders\novos\outfit_redGlow_vertex.frag - encrypted
data\shaders\novos\outfit_retro_pixelated_fragment.frag - encrypted
data\shaders\novos\outfit_retro_pixelated_vertex.frag - encrypted
data\shaders\novos\outfit_ruby_fragment.frag - encrypted
data\shaders\novos\outfit_ruby_vertex.frag - encrypted
data\shaders\novos\outfit_shadow_cloak_fragment.frag - encrypted
data\shaders\novos\outfit_shadow_cloak_vertex.frag - encrypted
data\shaders\novos\outfit_shimmering_fragment.frag - encrypted
data\shaders\novos\outfit_shimmering_vertex.frag - encrypted
data\shaders\novos\outfit_shine_fragment.frag - encrypted
data\shaders\novos\outfit_shine_vertex.frag - encrypted
data\shaders\novos\outfit_shockwave_fragment.frag - encrypted
data\shaders\novos\outfit_shockwave_vertex.frag - encrypted
data\shaders\novos\outfit_silly_googly_fragment.frag - encrypted
data\shaders\novos\outfit_silly_googly_vertex.frag - encrypted
data\shaders\novos\outfit_snow_fragment.frag - encrypted
data\shaders\novos\outfit_snow_vertex.frag - encrypted
data\shaders\novos\outfit_split_fragment.frag - encrypted
data\shaders\novos\outfit_split_vertex.frag - encrypted
data\shaders\novos\outfit_stargaze_fragment.frag - encrypted
data\shaders\novos\outfit_stargaze_vertex.frag - encrypted
data\shaders\novos\outfit_starsLinkDarken_fragment.frag - encrypted
data\shaders\novos\outfit_starsLinkDarken_vertex.frag - encrypted
data\shaders\novos\outfit_starsover2_fragment.frag - encrypted
data\shaders\novos\outfit_starsover3_fragment.frag - encrypted
data\shaders\novos\outfit_starsover4_fragment.frag - encrypted
data\shaders\novos\outfit_starsover_fragment.frag - encrypted
data\shaders\novos\outfit_starsover_improved_vertex.frag - encrypted
data\shaders\novos\outfit_starsover_vertex.frag - encrypted
data\shaders\novos\outfit_starsRainbowNebula_vertex.frag - encrypted
data\shaders\novos\outfit_static_noise_fragment.frag - encrypted
data\shaders\novos\outfit_static_noise_vertex.frag - encrypted
data\shaders\novos\outfit_swamp_bugs_fragment.frag - encrypted
data\shaders\novos\outfit_swamp_bugs_vertex.frag - encrypted
data\shaders\novos\outfit_swamp_fragment.frag - encrypted
data\shaders\novos\outfit_swamp_vertex.frag - encrypted
data\shaders\novos\outfit_tall_fragment.frag - encrypted
data\shaders\novos\outfit_tall_vertex.frag - encrypted
data\shaders\novos\outfit_testMovingImg_fragment.frag - encrypted
data\shaders\novos\outfit_testMovingImg_vertex.frag - encrypted
data\shaders\novos\outfit_textured_rings_fragment.frag - encrypted
data\shaders\novos\outfit_textured_rings_vertex.frag - encrypted
data\shaders\novos\outfit_toph_fragment.frag - encrypted
data\shaders\novos\outfit_toph_vertex.frag - encrypted
data\shaders\novos\outfit_trippy_fragment.frag - encrypted
data\shaders\novos\outfit_trippy_vertex.frag - encrypted
data\shaders\novos\outfit_tunnel_vortex_blue_fragment.frag - encrypted
data\shaders\novos\outfit_tunnel_vortex_blue_vertex.frag - encrypted
data\shaders\novos\outfit_tunnel_vortex_fragment.frag - encrypted
data\shaders\novos\outfit_tunnel_vortex_gold_fragment.frag - encrypted
data\shaders\novos\outfit_tunnel_vortex_gold_vertex.frag - encrypted
data\shaders\novos\outfit_tunnel_vortex_green_fragment.frag - encrypted
data\shaders\novos\outfit_tunnel_vortex_green_vertex.frag - encrypted
data\shaders\novos\outfit_tunnel_vortex_neon_fragment.frag - encrypted
data\shaders\novos\outfit_tunnel_vortex_neon_vertex.frag - encrypted
data\shaders\novos\outfit_tunnel_vortex_purple_fragment.frag - encrypted
data\shaders\novos\outfit_tunnel_vortex_purple_vertex.frag - encrypted
data\shaders\novos\outfit_tunnel_vortex_red_fragment.frag - encrypted
data\shaders\novos\outfit_tunnel_vortex_red_vertex.frag - encrypted
data\shaders\novos\outfit_tunnel_vortex_vertex.frag - encrypted
data\shaders\novos\outfit_velvet_fragment.frag - encrypted
data\shaders\novos\outfit_velvet_vertex.frag - encrypted
data\shaders\novos\outfit_vortex_fragment.frag - encrypted
data\shaders\novos\outfit_vortex_glitter_fragment.frag - encrypted
data\shaders\novos\outfit_vortex_glitter_vertex.frag - encrypted
data\shaders\novos\outfit_vortex_vertex.frag - encrypted
data\shaders\novos\outfit_wave_fragment.frag - encrypted
data\shaders\novos\outfit_wave_vertex.frag - encrypted
data\shaders\novos\outfit_whiplash_fragment.frag - encrypted
data\shaders\novos\outfit_whiplash_vertex.frag - encrypted
data\shaders\novos\outline\outfit_outlineblack_fragment.frag - encrypted
data\shaders\novos\outline\outfit_outlineblack_vertex.frag - encrypted
data\shaders\novos\outline\outfit_outlinegreen_fragment.frag - encrypted
data\shaders\novos\outline\outfit_outlinegreen_vertex.frag - encrypted
data\shaders\novos\outline\outfit_outlinegrey_fragment.frag - encrypted
data\shaders\novos\outline\outfit_outlinegrey_vertex.frag - encrypted
data\shaders\novos\outline\outfit_outlinered_fragment.frag - encrypted
data\shaders\novos\outline\outfit_outlinered_vertex.frag - encrypted
data\shaders\novos\outline\outline_rainbow_fragment.frag - encrypted
data\shaders\novos\outline\outline_red_fragment.frag - encrypted
data\shaders\novos\outlinered_fragment.frag - encrypted
data\shaders\novos\outlinered_vertex.frag - encrypted
data\shaders\novos\outline_rainbow_fragment.frag - encrypted
data\shaders\novos\outline_rainbow_vertex.frag - encrypted
data\shaders\novos\outline_red_fragment.frag - encrypted
data\shaders\novos\outline_red_vertex.frag - encrypted
data\shaders\novos\outline_testOutline_fragment.frag - encrypted
data\shaders\novos\outline_testOutline_vertex.frag - encrypted
data\shaders\novos\protanopia_fragment.frag - encrypted
data\shaders\novos\protanopia_vertex.frag - encrypted
data\shaders\novos\rainbow_fragment.frag - encrypted
data\shaders\novos\rainbow_vertex.frag - encrypted
data\shaders\novos\redwaves_fragment.frag - encrypted
data\shaders\novos\redwaves_vertex.frag - encrypted
data\shaders\novos\retro_fragment.frag - encrypted
data\shaders\novos\retro_vertex.frag - encrypted
data\shaders\novos\ruby.png - encrypted
data\shaders\novos\small_fragment.frag - encrypted
data\shaders\novos\small_vertex.frag - encrypted
data\shaders\novos\tritanopia_fragment.frag - encrypted
data\shaders\novos\tritanopia_vertex.frag - encrypted
data\shaders\novos\ui\tooltip_epic_fragment.frag - encrypted
data\shaders\novos\ui\tooltip_gradient_vertex.frag - encrypted
data\shaders\novos\ui\tooltip_legendary_fragment.frag - encrypted
data\shaders\novos\ui\tooltip_mythic_fragment.frag - encrypted
data\shaders\novos\ui\tooltip_rare_fragment.frag - encrypted
data\shaders\novos\ui\tooltip_strange_fragment.frag - encrypted
data\shaders\novos\ui\ui_chance_bar_fragment.frag - encrypted
data\shaders\novos\ui\ui_chance_bar_vertex.frag - encrypted
data\shaders\novos\ui\ui_corrupted_fragment.frag - encrypted
data\shaders\novos\ui\ui_corrupted_vertex.frag - encrypted
data\shaders\novos\ui\ui_epic_fragment.frag - encrypted
data\shaders\novos\ui\ui_epic_vertex.frag - encrypted
data\shaders\novos\ui\ui_goldglitter_fragment.frag - encrypted
data\shaders\novos\ui\ui_goldglitter_vertex.frag - encrypted
data\shaders\novos\ui\ui_grayscale_blur_fragment.frag - encrypted
data\shaders\novos\ui\ui_grayscale_fragment.frag - encrypted
data\shaders\novos\ui\ui_grayscale_vertex.frag - encrypted
data\shaders\novos\ui\ui_legendary_fragment.frag - encrypted
data\shaders\novos\ui\ui_legendary_vertex.frag - encrypted
data\shaders\novos\ui\ui_mythic_fragment.frag - encrypted
data\shaders\novos\ui\ui_mythic_vertex.frag - encrypted
data\shaders\novos\ui\ui_rainbow_fragment.frag - encrypted
data\shaders\novos\ui\ui_rainbow_vertex.frag - encrypted
data\shaders\novos\ui\ui_rare_fragment.frag - encrypted
data\shaders\novos\ui\ui_rare_vertex.frag - encrypted
data\shaders\novos\ui\ui_uncommon_fragment.frag - encrypted
data\shaders\novos\ui\ui_uncommon_vertex.frag - encrypted
data\shaders\novos\uniform mat4 u_Color;.txt - encrypted
data\shaders\novos\whitebalance_fragment.frag - encrypted
data\shaders\novos\widget_fragment.frag - encrypted
data\shaders\novos\widget_vertex.frag - encrypted
data\shaders\outfit_spiritual_fragment.frag - encrypted
data\shaders\outfit_spiritual_vertex.frag - encrypted
data\shaders\sky_clouds_fragment.frag - encrypted
data\shaders\sky_clouds_vertex.frag - encrypted
data\shaders\spellbar_bg.frag - encrypted
data\shaders\spellbar_bg_1.frag - encrypted
data\shaders\spellbar_bg_2.frag - encrypted
data\shaders\spellbar_bg_3.frag - encrypted
data\shaders\spellbar_bg_4.frag - encrypted
data\shaders\talent_border_glow.frag - encrypted
data\shaders\tooltip_tier_1.frag - encrypted
data\shaders\tooltip_tier_10.frag - encrypted
data\shaders\tooltip_tier_2.frag - encrypted
data\shaders\tooltip_tier_3.frag - encrypted
data\shaders\tooltip_tier_4.frag - encrypted
data\shaders\tooltip_tier_5.frag - encrypted
data\shaders\tooltip_tier_6.frag - encrypted
data\shaders\tooltip_tier_7.frag - encrypted
data\shaders\tooltip_tier_8.frag - encrypted
data\shaders\tooltip_tier_9.frag - encrypted
data\shaders\tooltip_tier_vertex.frag - encrypted
data\sounds\Agua\Water cannon.ogg - encrypted
data\sounds\Agua\Water explosion.ogg - encrypted
data\sounds\Agua\Water heal.ogg - encrypted
data\sounds\Agua\Water icespikes.ogg - encrypted
data\sounds\Agua\Water jump.ogg - encrypted
data\sounds\Agua\Water recover.ogg - encrypted
data\sounds\Agua\Water regen.ogg - encrypted
data\sounds\Agua\Water res.ogg - encrypted
data\sounds\Agua\Water shards.ogg - encrypted
data\sounds\Agua\Water whip.ogg - encrypted
data\sounds\Bombermanevent\theme.ogg - encrypted
data\sounds\README.txt - encrypted
data\sounds\Terra\Earth Collapse.ogg - encrypted
data\sounds\Terra\Earth crush.ogg - encrypted
data\sounds\Terra\Earth fury.ogg - encrypted
data\sounds\Terra\Earth Growth.ogg - encrypted
data\sounds\Terra\Earth jump.ogg - encrypted
data\sounds\Terra\Earth petrify.ogg - encrypted
data\sounds\Terra\Earth pull.ogg - encrypted
data\sounds\Terra\Earth punch.ogg - encrypted
data\sounds\Terra\Earth recover.ogg - encrypted
data\sounds\Terra\Earth rock.ogg - encrypted
data\sounds\Terra\Water explosion.ogg - encrypted
data\sounds\Terra\Water heal.ogg - encrypted
data\sounds\Terra\Water shards.ogg - encrypted
data\styles\10-buttons.otui - encrypted
data\styles\10-checkboxes - Copia.otui - encrypted
data\styles\10-checkboxes.otui - encrypted
data\styles\10-comboboxes.otui - encrypted
data\styles\10-creaturebuttons.otui - encrypted
data\styles\10-creatures.otui - encrypted
data\styles\10-items.otui - encrypted
data\styles\10-labels - Copia.otui - encrypted
data\styles\10-labels.otui - encrypted
data\styles\10-listboxes.otui - encrypted
data\styles\10-panels.otui - encrypted
data\styles\10-progressbars.otui - encrypted
data\styles\10-scrollbars.otui - encrypted
data\styles\10-separators.otui - encrypted
data\styles\10-splitters.otui - encrypted
data\styles\10-textedits.otui - encrypted
data\styles\10-windows.otui - encrypted
data\styles\20-imageview.otui - encrypted
data\styles\20-popupmenus.otui - encrypted
data\styles\20-spinboxes.otui - encrypted
data\styles\20-tabbars.otui - encrypted
data\styles\20-tables.otui - encrypted
data\styles\20-topmenu.otui - encrypted
data\styles\30-inputboxes.otui - encrypted
data\styles\30-messageboxes.otui - encrypted
data\styles\30-minimap.otui - encrypted
data\styles\30-miniwindow.otui - encrypted
data\styles\helper_picker.otui - encrypted
data\styles\stickers.otui - encrypted
data\things\860\Tibia.otfi - encrypted
data\things\860\Tibia.otml - encrypted
data\things\860\Tibia_backup.otml - encrypted
data\things\things.otml - encrypted
data\things\things.otml.bak_wands - encrypted
modules\bomberman_button\bomberman_button.lua - lua bytecode encrypted
modules\bomberman_button\bomberman_button.lua - encrypted
modules\bomberman_button\bomberman_button.otmod - encrypted
modules\bomberman_button\bomberman_button.otui - encrypted
modules\bomberman_music\bomberman_music.lua - lua bytecode encrypted
modules\bomberman_music\bomberman_music.lua - encrypted
modules\bomberman_music\bomberman_music.otmod - encrypted
modules\client\client.lua - lua bytecode encrypted
modules\client\client.lua - encrypted
modules\client\client.otmod - encrypted
modules\client_background\background.lua - lua bytecode encrypted
modules\client_background\background.lua - encrypted
modules\client_background\background.otmod - encrypted
modules\client_background\background.otui - encrypted
modules\client_entergame\characterlist.lua - lua bytecode encrypted
modules\client_entergame\characterlist.lua - encrypted
modules\client_entergame\characterlist.otui - encrypted
modules\client_entergame\config.lua - lua bytecode encrypted
modules\client_entergame\config.lua - encrypted
modules\client_entergame\createaccount.lua - lua bytecode encrypted
modules\client_entergame\createaccount.lua - encrypted
modules\client_entergame\createaccount.otui - encrypted
modules\client_entergame\entergame.lua - lua bytecode encrypted
modules\client_entergame\entergame.lua - encrypted
modules\client_entergame\entergame.otmod - encrypted
modules\client_entergame\entergame.otui - encrypted
modules\client_entergame\logo.pdn - encrypted
modules\client_entergame\logo.png - encrypted
modules\client_entergame\logo.rar - encrypted
modules\client_entergame\waitinglist.otui - encrypted
modules\client_loading\client_loading.otmod - encrypted
modules\client_loading\img\bar_fill.png - encrypted
modules\client_loading\img\bar_track.png - encrypted
modules\client_loading\img\vignette.png - encrypted
modules\client_loading\loading.lua - lua bytecode encrypted
modules\client_loading\loading.lua - encrypted
modules\client_loading\loading.otui - encrypted
modules\client_locales\locales.lua - lua bytecode encrypted
modules\client_locales\locales.lua - encrypted
modules\client_locales\locales.otmod - encrypted
modules\client_locales\locales.otui - encrypted
modules\client_locales\neededtranslations.lua - lua bytecode encrypted
modules\client_locales\neededtranslations.lua - encrypted
modules\client_modulemanager\modulemanager.lua - lua bytecode encrypted
modules\client_modulemanager\modulemanager.lua - encrypted
modules\client_modulemanager\modulemanager.otmod - encrypted
modules\client_modulemanager\modulemanager.otui - encrypted
modules\client_options\audio.otui - encrypted
modules\client_options\buttons\background.png - encrypted
modules\client_options\buttons\background_hover.png - encrypted
modules\client_options\buttons\background_normal.png - encrypted
modules\client_options\buttons\bgbtn.png - encrypted
modules\client_options\buttons\bgwhite.png - encrypted
modules\client_options\buttons\smallbutton.png - encrypted
modules\client_options\buttons\smallbutton_hovered.png - encrypted
modules\client_options\console.otui - encrypted
modules\client_options\corner_menu.otui - encrypted
modules\client_options\effects.otui - encrypted
modules\client_options\fun.otui - encrypted
modules\client_options\game.otui - encrypted
modules\client_options\graphics.otui - encrypted
modules\client_options\options.lua - lua bytecode encrypted
modules\client_options\options.lua - encrypted
modules\client_options\options.lua.bak_walkflow - encrypted
modules\client_options\options.otmod - encrypted
modules\client_options\options.otui - encrypted
modules\client_options\settings\attached_background.png - encrypted
modules\client_options\settings\background.png - encrypted
modules\client_options\settings\backgroundPanel.png - encrypted
modules\client_options\settings\bgitemselect.png - encrypted
modules\client_options\settings\bgitemselectactive.png - encrypted
modules\client_options\settings\bgslider.png - encrypted
modules\client_options\settings\bgslideractive.png - encrypted
modules\client_options\settings\Botao base.png - encrypted
modules\client_options\settings\channel_change_icon.png - encrypted
modules\client_options\settings\checkbox.png - encrypted
modules\client_options\settings\checkboxactive.png - encrypted
modules\client_options\settings\close_button.png - encrypted
modules\client_options\settings\close_button_active.png - encrypted
modules\client_options\settings\combobox.png - encrypted
modules\client_options\settings\comboboxactive.png - encrypted
modules\client_options\settings\corner_button_menu.png - encrypted
modules\client_options\settings\corner_button_options_right.png - encrypted
modules\client_options\settings\cursorslider.png - encrypted
modules\client_options\settings\daily_task_button.png - encrypted
modules\client_options\settings\edgevertical.png - encrypted
modules\client_options\settings\edge_bottom.png - encrypted
modules\client_options\settings\edge_top.png - encrypted
modules\client_options\settings\helper_button.png - encrypted
modules\client_options\settings\hotkeys\category_column_bg.png - encrypted
modules\client_options\settings\hotkeys\category_item_bg.png - encrypted
modules\client_options\settings\hotkeys\category_item_key_bg.png - encrypted
modules\client_options\settings\hotkeys\category_item_key_bg_error.png - encrypted
modules\client_options\settings\hotkeys\category_item_key_bg_hover.png - encrypted
modules\client_options\settings\hotkeys\category_item_key_bg_on.png - encrypted
modules\client_options\settings\hotkeys\expand_minus.png - encrypted
modules\client_options\settings\hotkeys\expand_plus.png - encrypted
modules\client_options\settings\hotkeys\info_bg.png - encrypted
modules\client_options\settings\hotkeys\info_icon.png - encrypted
modules\client_options\settings\iconpanel.png - encrypted
modules\client_options\settings\inventory_button.png - encrypted
modules\client_options\settings\minimap_button.png - encrypted
modules\client_options\settings\options.png - encrypted
modules\client_options\settings\top_button_shop.png - encrypted
modules\client_options\styles\controller\controller.otui - encrypted
modules\client_serverlist\addserver.lua - lua bytecode encrypted
modules\client_serverlist\addserver.lua - encrypted
modules\client_serverlist\addserver.otui - encrypted
modules\client_serverlist\serverlist.lua - lua bytecode encrypted
modules\client_serverlist\serverlist.lua - encrypted
modules\client_serverlist\serverlist.otmod - encrypted
modules\client_serverlist\serverlist.otui - encrypted
modules\client_stats\stats.lua - lua bytecode encrypted
modules\client_stats\stats.lua - encrypted
modules\client_stats\stats.otmod - encrypted
modules\client_styles\styles.lua - lua bytecode encrypted
modules\client_styles\styles.lua - encrypted
modules\client_styles\styles.otmod - encrypted
modules\client_terminal\commands.lua - lua bytecode encrypted
modules\client_terminal\commands.lua - encrypted
modules\client_terminal\terminal.lua - lua bytecode encrypted
modules\client_terminal\terminal.lua - encrypted
modules\client_terminal\terminal.otmod - encrypted
modules\client_terminal\terminal.otui - encrypted
modules\client_topmenu\game_menu.otui - encrypted
modules\client_topmenu\topmenu.lua - lua bytecode encrypted
modules\client_topmenu\topmenu.lua - encrypted
modules\client_topmenu\topmenu.otmod - encrypted
modules\client_topmenu\topmenu.otui - encrypted
modules\corelib\bitwise.lua - lua bytecode encrypted
modules\corelib\bitwise.lua - encrypted
modules\corelib\config.lua - lua bytecode encrypted
modules\corelib\config.lua - encrypted
modules\corelib\const.lua - lua bytecode encrypted
modules\corelib\const.lua - encrypted
modules\corelib\corelib.otmod - encrypted
modules\corelib\globals.lua - lua bytecode encrypted
modules\corelib\globals.lua - encrypted
modules\corelib\inputmessage.lua - lua bytecode encrypted
modules\corelib\inputmessage.lua - encrypted
modules\corelib\json.lua - lua bytecode encrypted
modules\corelib\json.lua - encrypted
modules\corelib\keyboard.lua - lua bytecode encrypted
modules\corelib\keyboard.lua - encrypted
modules\corelib\math.lua - lua bytecode encrypted
modules\corelib\math.lua - encrypted
modules\corelib\mouse.lua - lua bytecode encrypted
modules\corelib\mouse.lua - encrypted
modules\corelib\net.lua - lua bytecode encrypted
modules\corelib\net.lua - encrypted
modules\corelib\outputmessage.lua - lua bytecode encrypted
modules\corelib\outputmessage.lua - encrypted
modules\corelib\settings.lua - lua bytecode encrypted
modules\corelib\settings.lua - encrypted
modules\corelib\string.lua - lua bytecode encrypted
modules\corelib\string.lua - encrypted
modules\corelib\table.lua - lua bytecode encrypted
modules\corelib\table.lua - encrypted
modules\corelib\ui\effects.lua - lua bytecode encrypted
modules\corelib\ui\effects.lua - encrypted
modules\corelib\ui\tooltip.lua - lua bytecode encrypted
modules\corelib\ui\tooltip.lua - encrypted
modules\corelib\ui\ui.rar - encrypted
modules\corelib\ui\uibutton.lua - lua bytecode encrypted
modules\corelib\ui\uibutton.lua - encrypted
modules\corelib\ui\uicheckbox.lua - lua bytecode encrypted
modules\corelib\ui\uicheckbox.lua - encrypted
modules\corelib\ui\uicombobox.lua - lua bytecode encrypted
modules\corelib\ui\uicombobox.lua - encrypted
modules\corelib\ui\uiimageview.lua - lua bytecode encrypted
modules\corelib\ui\uiimageview.lua - encrypted
modules\corelib\ui\uiinputbox.lua - lua bytecode encrypted
modules\corelib\ui\uiinputbox.lua - encrypted
modules\corelib\ui\uilabel.lua - lua bytecode encrypted
modules\corelib\ui\uilabel.lua - encrypted
modules\corelib\ui\uimessagebox.lua - lua bytecode encrypted
modules\corelib\ui\uimessagebox.lua - encrypted
modules\corelib\ui\uiminiwindow.lua - lua bytecode encrypted
modules\corelib\ui\uiminiwindow.lua - encrypted
modules\corelib\ui\uiminiwindowcontainer.lua - lua bytecode encrypted
modules\corelib\ui\uiminiwindowcontainer.lua - encrypted
modules\corelib\ui\uimovabletabbar.lua - lua bytecode encrypted
modules\corelib\ui\uimovabletabbar.lua - encrypted
modules\corelib\ui\uipopupmenu.lua - lua bytecode encrypted
modules\corelib\ui\uipopupmenu.lua - encrypted
modules\corelib\ui\uipopupscrollmenu.lua - lua bytecode encrypted
modules\corelib\ui\uipopupscrollmenu.lua - encrypted
modules\corelib\ui\uiprogressbar.lua - lua bytecode encrypted
modules\corelib\ui\uiprogressbar.lua - encrypted
modules\corelib\ui\uiradiogroup.lua - lua bytecode encrypted
modules\corelib\ui\uiradiogroup.lua - encrypted
modules\corelib\ui\uiresizeborder.lua - lua bytecode encrypted
modules\corelib\ui\uiresizeborder.lua - encrypted
modules\corelib\ui\uiscrollarea.lua - lua bytecode encrypted
modules\corelib\ui\uiscrollarea.lua - encrypted
modules\corelib\ui\uiscrollbar.lua - lua bytecode encrypted
modules\corelib\ui\uiscrollbar.lua - encrypted
modules\corelib\ui\uispinbox.lua - lua bytecode encrypted
modules\corelib\ui\uispinbox.lua - encrypted
modules\corelib\ui\uisplitter.lua - lua bytecode encrypted
modules\corelib\ui\uisplitter.lua - encrypted
modules\corelib\ui\uitabbar.lua - lua bytecode encrypted
modules\corelib\ui\uitabbar.lua - encrypted
modules\corelib\ui\uitable.lua - lua bytecode encrypted
modules\corelib\ui\uitable.lua - encrypted
modules\corelib\ui\uitextedit.lua - lua bytecode encrypted
modules\corelib\ui\uitextedit.lua - encrypted
modules\corelib\ui\uiwidget.lua - lua bytecode encrypted
modules\corelib\ui\uiwidget.lua - encrypted
modules\corelib\ui\uiwindow.lua - lua bytecode encrypted
modules\corelib\ui\uiwindow.lua - encrypted
modules\corelib\ui\zUniD.dat - encrypted
modules\corelib\ui\zUniD.dat.bak_efc183 - encrypted
modules\corelib\ui\zUniD.otfi - encrypted
modules\corelib\ui\zUniD.spr - encrypted
modules\corelib\ui\zUniD.spr.original_backup - encrypted
modules\corelib\util.lua - lua bytecode encrypted
modules\corelib\util.lua - encrypted
modules\gamelib\const.lua - lua bytecode encrypted
modules\gamelib\const.lua - encrypted
modules\gamelib\creature.lua - lua bytecode encrypted
modules\gamelib\creature.lua - encrypted
modules\gamelib\game.lua - lua bytecode encrypted
modules\gamelib\game.lua - encrypted
modules\gamelib\gamelib.otmod - encrypted
modules\gamelib\market.lua - lua bytecode encrypted
modules\gamelib\market.lua - encrypted
modules\gamelib\opcodes.lua - lua bytecode encrypted
modules\gamelib\opcodes.lua - encrypted
modules\gamelib\player.lua - lua bytecode encrypted
modules\gamelib\player.lua - encrypted
modules\gamelib\position.lua - lua bytecode encrypted
modules\gamelib\position.lua - encrypted
modules\gamelib\protocol.lua - lua bytecode encrypted
modules\gamelib\protocol.lua - encrypted
modules\gamelib\protocolgame.lua - lua bytecode encrypted
modules\gamelib\protocolgame.lua - encrypted
modules\gamelib\protocollogin.lua - lua bytecode encrypted
modules\gamelib\protocollogin.lua - encrypted
modules\gamelib\spells.lua - lua bytecode encrypted
modules\gamelib\spells.lua - encrypted
modules\gamelib\thing.lua - lua bytecode encrypted
modules\gamelib\thing.lua - encrypted
modules\gamelib\ui\uicreaturebutton.lua - lua bytecode encrypted
modules\gamelib\ui\uicreaturebutton.lua - encrypted
modules\gamelib\ui\uiminimap.lua - lua bytecode encrypted
modules\gamelib\ui\uiminimap.lua - encrypted
modules\gamelib\util.lua - lua bytecode encrypted
modules\gamelib\util.lua - encrypted
modules\game_achievements\achievements.lua - lua bytecode encrypted
modules\game_achievements\achievements.lua - encrypted
modules\game_achievements\achievements.otmod - encrypted
modules\game_achievements\achievements.otui - encrypted
modules\game_battle\battle.lua - lua bytecode encrypted
modules\game_battle\battle.lua - encrypted
modules\game_battle\battle.otmod - encrypted
modules\game_battle\battle.otui - encrypted
modules\game_battle\battlebutton.otui - encrypted
modules\game_cast\cast.lua - lua bytecode encrypted
modules\game_cast\cast.lua - encrypted
modules\game_cast\cast.otmod - encrypted
modules\game_cast\castBan.otui - encrypted
modules\game_cast\castKick.otui - encrypted
modules\game_cast\castMute.otui - encrypted
modules\game_cast\castSenha.otui - encrypted
modules\game_cast\castUnban.otui - encrypted
modules\game_cast\castUnmute.otui - encrypted
modules\game_code\code.lua - lua bytecode encrypted
modules\game_code\code.lua - encrypted
modules\game_code\code.otmod - encrypted
modules\game_code\code.otui - encrypted
modules\game_code\images\bg.png - encrypted
modules\game_code\images\bgout.png - encrypted
modules\game_code\images\close.png - encrypted
modules\game_code\images\confirm.png - encrypted
modules\game_code\images\itembg.png - encrypted
modules\game_code\images\resgateb.png - encrypted
modules\game_code\images\resgateb_big.png - encrypted
modules\game_code\images\rewardbg.png - encrypted
modules\game_code\images\subbg.png - encrypted
modules\game_code\images\textcode.png - encrypted
modules\game_combatcontrols\combatcontrols.lua - lua bytecode encrypted
modules\game_combatcontrols\combatcontrols.lua - encrypted
modules\game_combatcontrols\combatcontrols.otmod - encrypted
modules\game_combatcontrols\combatcontrols.otui - encrypted
modules\game_console\base.png - encrypted
modules\game_console\base2.png - encrypted
modules\game_console\button.png - encrypted
modules\game_console\button_active.png - encrypted
modules\game_console\button_clean.png - encrypted
modules\game_console\button_close.png - encrypted
modules\game_console\button_left.png - encrypted
modules\game_console\button_open.png - encrypted
modules\game_console\button_right.png - encrypted
modules\game_console\button_small.png - encrypted
modules\game_console\channelswindow.otui - encrypted
modules\game_console\communicationwindow.otui - encrypted
modules\game_console\console.lua - lua bytecode encrypted
modules\game_console\console.lua - encrypted
modules\game_console\console.otmod - encrypted
modules\game_console\console.otui - encrypted
modules\game_console\cooldown_panel.png - encrypted
modules\game_console\cooldown_progressbar.png - encrypted
modules\game_console\customchatbox.png - encrypted
modules\game_console\emoji_window.png - encrypted
modules\game_console\expBackground.png - encrypted
modules\game_console\flash_step.png - encrypted
modules\game_console\images\arrow.png - encrypted
modules\game_console\images\bar.png - encrypted
modules\game_console\images\bin.png - encrypted
modules\game_console\images\blank.png - encrypted
modules\game_console\images\endline.png - encrypted
modules\game_console\images\endline_rotated.png - encrypted
modules\game_console\images\folder.png - encrypted
modules\game_console\images\lock_icon.png - encrypted
modules\game_console\images\maincontentbox.png - encrypted
modules\game_console\images\maincontentboxshadow.png - encrypted
modules\game_console\images\move_bottom_top_icon.png - encrypted
modules\game_console\images\move_to_top_icon.png - encrypted
modules\game_console\images\panelarrow.png - encrypted
modules\game_console\images\panelbox.png - encrypted
modules\game_console\images\pressed.png - encrypted
modules\game_console\images\scrollempty.png - encrypted
modules\game_console\images\scrollhandler.png - encrypted
modules\game_console\images\seperators.png - encrypted
modules\game_console\images\settings_icon.png - encrypted
modules\game_console\images\typetextbox.png - encrypted
modules\game_console\indicator.png - encrypted
modules\game_console\levelBackground.png - encrypted
modules\game_console\scrollbar.png - encrypted
modules\game_console\stickers.lua - lua bytecode encrypted
modules\game_console\stickers.lua - encrypted
modules\game_console\textEdit.png - encrypted
modules\game_console\textEditBackground.png - encrypted
modules\game_console\violationwindow.otui - encrypted
modules\game_containers\container.otui - encrypted
modules\game_containers\containers.lua - lua bytecode encrypted
modules\game_containers\containers.lua - encrypted
modules\game_containers\containers.otmod - encrypted
modules\game_containers\depotsearch.otui - encrypted
modules\game_controller\controller.lua - lua bytecode encrypted
modules\game_controller\controller.lua - encrypted
modules\game_controller\controller.otmod - encrypted
modules\game_controller\controller_config.otui - encrypted
modules\game_cooking\cooking.lua - lua bytecode encrypted
modules\game_cooking\cooking.lua - encrypted
modules\game_cooking\cooking.otmod - encrypted
modules\game_cooking\cooking.otui - encrypted
modules\game_cooking\imagens\hud.png - encrypted
modules\game_cooldown\cooldown.lua - lua bytecode encrypted
modules\game_cooldown\cooldown.lua - encrypted
modules\game_cooldown\cooldown.otmod - encrypted
modules\game_cooldown\cooldown.otui - encrypted
modules\game_crafting\crafting.lua - lua bytecode encrypted
modules\game_crafting\crafting.lua - encrypted
modules\game_crafting\crafting.otmod - encrypted
modules\game_crafting\crafting.otui - encrypted
modules\game_creaturemanager\creaturemanager.lua - lua bytecode encrypted
modules\game_creaturemanager\creaturemanager.lua - encrypted
modules\game_creaturemanager\creaturemanager.otui - encrypted
modules\game_creaturemanager\creaturestore.otui - encrypted
modules\game_creaturemanager\game_creaturemanager.otmod - encrypted
modules\game_dailyhunt\dailyhunt.lua - lua bytecode encrypted
modules\game_dailyhunt\dailyhunt.lua - encrypted
modules\game_dailyhunt\dailyhunt.otmod - encrypted
modules\game_dailyhunt\dailyhunt.otui - encrypted
modules\game_dailyhunt\dailyhunt_button.otui - encrypted
modules\game_dailyreward\game_dailyreward.lua - lua bytecode encrypted
modules\game_dailyreward\game_dailyreward.lua - encrypted
modules\game_dailyreward\game_dailyreward.otmod - encrypted
modules\game_dailyreward\game_dailyreward.otui - encrypted
modules\game_dailyreward\mockup.html - encrypted
modules\game_exph\exph.lua - lua bytecode encrypted
modules\game_exph\exph.lua - encrypted
modules\game_exph\exph.lua.bak - encrypted
modules\game_exph\exph.otmod - encrypted
modules\game_exph\exph.otui - encrypted
modules\Game_firstlogin\game_firstlogin.lua - lua bytecode encrypted
modules\Game_firstlogin\game_firstlogin.lua - encrypted
modules\Game_firstlogin\game_firstlogin.otmod - encrypted
modules\Game_firstlogin\game_firstlogin.otui - encrypted
modules\Game_firstlogin\img\arrow.png - encrypted
modules\Game_firstlogin\img\IMG1.png - encrypted
modules\Game_firstlogin\img\IMG2.png - encrypted
modules\Game_firstlogin\img\IMG3.png - encrypted
modules\Game_firstlogin\img\IMG4.png - encrypted
modules\Game_firstlogin\img\IMG5.png - encrypted
modules\game_fishing\fishing.lua - lua bytecode encrypted
modules\game_fishing\fishing.lua - encrypted
modules\game_fishing\fishing.otmod - encrypted
modules\game_fishing\imagens\hud.png - encrypted
modules\game_folds\bg.pdn - encrypted
modules\game_folds\bg.png - encrypted
modules\game_folds\configs.lua - lua bytecode encrypted
modules\game_folds\configs.lua - encrypted
modules\game_folds\folds.lua - lua bytecode encrypted
modules\game_folds\folds.lua - encrypted
modules\game_folds\folds.otmod - encrypted
modules\game_folds\folds.otui - encrypted
modules\game_healcut\game_healcut.lua - lua bytecode encrypted
modules\game_healcut\game_healcut.lua - encrypted
modules\game_healcut\game_healcut.lua.bak - encrypted
modules\game_healcut\game_healcut.otmod - encrypted
modules\game_healcut\INSTALLATION.txt - encrypted
modules\game_healthinfo\background2.pdn - encrypted
modules\game_healthinfo\background2.png - encrypted
modules\game_healthinfo\healthinfo.lua - lua bytecode encrypted
modules\game_healthinfo\healthinfo.lua - encrypted
modules\game_healthinfo\healthinfo.otmod - encrypted
modules\game_healthinfo\healthinfo.otui - encrypted
modules\game_healthinfo\img\Air.png - encrypted
modules\game_healthinfo\img\earth.png - encrypted
modules\game_healthinfo\img\Fire.png - encrypted
modules\game_healthinfo\img\Water.png - encrypted
modules\game_hotkeys\hotkeys_manager.lua - lua bytecode encrypted
modules\game_hotkeys\hotkeys_manager.lua - encrypted
modules\game_hotkeys\hotkeys_manager.otmod - encrypted
modules\game_hotkeys\hotkeys_manager.otui - encrypted
modules\game_huntwaypoint\huntwaypoint.lua - lua bytecode encrypted
modules\game_huntwaypoint\huntwaypoint.lua - encrypted
modules\game_huntwaypoint\huntwaypoint.otmod - encrypted
modules\game_huntwaypoint\huntwaypoint.otui - encrypted
modules\game_iguild\guild.lua - lua bytecode encrypted
modules\game_iguild\guild.lua - encrypted
modules\game_iguild\guild.otmod - encrypted
modules\game_iguild\guildcreate.otui - encrypted
modules\game_iguild\guilddemote.otui - encrypted
modules\game_iguild\guilddisband.otui - encrypted
modules\game_iguild\guildinvite.otui - encrypted
modules\game_iguild\guildjoin.otui - encrypted
modules\game_iguild\guildkick.otui - encrypted
modules\game_iguild\guildleave.otui - encrypted
modules\game_iguild\guildnick.otui - encrypted
modules\game_iguild\guildpassleader.otui - encrypted
modules\game_iguild\guildpromote.otui - encrypted
modules\game_iguild\guildrankname.otui - encrypted
modules\game_iguild\guildrevoke.otui - encrypted
modules\game_iguild\guildwaraccept.otui - encrypted
modules\game_iguild\guildwarcancel.otui - encrypted
modules\game_iguild\guildwardeposit.otui - encrypted
modules\game_iguild\guildwarinvite.otui - encrypted
modules\game_iguild\guildwarpick.otui - encrypted
modules\game_iguild\guildwarreject.otui - encrypted
modules\game_iguild\guildwarsurrender.otui - encrypted
modules\game_iguild\img\guild.png - encrypted
modules\game_inspectcreature\inspectcreature.lua - lua bytecode encrypted
modules\game_inspectcreature\inspectcreature.lua - encrypted
modules\game_inspectcreature\inspectcreature.otmod - encrypted
modules\game_inspectcreature\inspectcreature.otui - encrypted
modules\game_interface\chat.png - encrypted
modules\game_interface\gameinterface.lua - lua bytecode encrypted
modules\game_interface\gameinterface.lua - encrypted
modules\game_interface\gameinterface.lua.bak_ue - encrypted
modules\game_interface\gameinterface.lua.bak_walkflow - encrypted
modules\game_interface\gameinterface.otui - encrypted
modules\game_interface\iconchat.png - encrypted
modules\game_interface\interface.otmod - encrypted
modules\game_interface\styles\countwindow.otui - encrypted
modules\game_interface\widgets\uigamemap.lua - lua bytecode encrypted
modules\game_interface\widgets\uigamemap.lua - encrypted
modules\game_interface\widgets\uiitem.lua - lua bytecode encrypted
modules\game_interface\widgets\uiitem.lua - encrypted
modules\game_inventory\inventory.lua - lua bytecode encrypted
modules\game_inventory\inventory.lua - encrypted
modules\game_inventory\inventory.otmod - encrypted
modules\game_inventory\inventory.otui - encrypted
modules\game_inventory\inventory_button.otui - encrypted
modules\game_itemfly\itemfly.lua - lua bytecode encrypted
modules\game_itemfly\itemfly.lua - encrypted
modules\game_itemfly\itemfly.otmod - encrypted
modules\game_loot\loot.lua - lua bytecode encrypted
modules\game_loot\loot.lua - encrypted
modules\game_loot\loot.otmod - encrypted
modules\game_magicmeter\game_magicmeter.otmod - encrypted
modules\game_magicmeter\magicmeter.lua - lua bytecode encrypted
modules\game_magicmeter\magicmeter.lua - encrypted
modules\game_magicmeter\magicmeter.otui - encrypted
modules\game_map_overlay\map_button.otui - encrypted
modules\game_map_overlay\map_overlay.lua - lua bytecode encrypted
modules\game_map_overlay\map_overlay.lua - encrypted
modules\game_map_overlay\map_overlay.otmod - encrypted
modules\game_map_overlay\map_overlay.otui - encrypted
modules\game_market\market.lua - lua bytecode encrypted
modules\game_market\market.lua - encrypted
modules\game_market\market.otmod - encrypted
modules\game_market\market.otui - encrypted
modules\game_market\marketadd.otui - encrypted
modules\game_market\ui\background.png - encrypted
modules\game_market\ui\button.png - encrypted
modules\game_market\ui\crosshair.png - encrypted
modules\game_market\ui\refresh.png - encrypted
modules\game_market\ui\shop.png - encrypted
modules\game_minimap\flagwindow.otui - encrypted
modules\game_minimap\minimap.lua - lua bytecode encrypted
modules\game_minimap\minimap.lua - encrypted
modules\game_minimap\minimap.otmod - encrypted
modules\game_minimap\minimap.otui - encrypted
modules\game_modaldialog\modaldialog.lua - lua bytecode encrypted
modules\game_modaldialog\modaldialog.lua - encrypted
modules\game_modaldialog\modaldialog.otmod - encrypted
modules\game_modaldialog\modaldialog.otui - encrypted
modules\game_momo\json.lua - lua bytecode encrypted
modules\game_momo\json.lua - encrypted
modules\game_momo\momo.lua - lua bytecode encrypted
modules\game_momo\momo.lua - encrypted
modules\game_momo\momo.otmod - encrypted
modules\game_momo\momo.otui - encrypted
modules\game_monsterloot\monsterloot.lua - lua bytecode encrypted
modules\game_monsterloot\monsterloot.lua - encrypted
modules\game_monsterloot\monsterloot.otmod - encrypted
modules\game_monsterloot\monsterloot.otui - encrypted
modules\game_monsterloot\Thumbs.db - encrypted
modules\game_mountsAvatar\configs.lua - lua bytecode encrypted
modules\game_mountsAvatar\configs.lua - encrypted
modules\game_mountsAvatar\game_mountsAvatar.lua - lua bytecode encrypted
modules\game_mountsAvatar\game_mountsAvatar.lua - encrypted
modules\game_mountsAvatar\game_mountsAvatar.otmod - encrypted
modules\game_mountsAvatar\game_mountsAvatar.otui - encrypted
modules\game_mountsAvatar\icones\air\1.png - encrypted
modules\game_mountsAvatar\icones\air\2.png - encrypted
modules\game_mountsAvatar\icones\air\3.png - encrypted
modules\game_mountsAvatar\icones\earth\1.png - encrypted
modules\game_mountsAvatar\icones\earth\2.png - encrypted
modules\game_mountsAvatar\icones\earth\3.png - encrypted
modules\game_mountsAvatar\icones\fire\1.png - encrypted
modules\game_mountsAvatar\icones\fire\2.png - encrypted
modules\game_mountsAvatar\icones\fire\3.png - encrypted
modules\game_mountsAvatar\icones\moldura.png - encrypted
modules\game_mountsAvatar\icones\water\1.png - encrypted
modules\game_mountsAvatar\icones\water\2.png - encrypted
modules\game_mountsAvatar\icones\water\3.png - encrypted
modules\game_mountsBuy\configs.lua - lua bytecode encrypted
modules\game_mountsBuy\configs.lua - encrypted
modules\game_mountsBuy\game_mountsBuy.lua - lua bytecode encrypted
modules\game_mountsBuy\game_mountsBuy.lua - encrypted
modules\game_mountsBuy\game_mountsBuy.otmod - encrypted
modules\game_mountsBuy\game_mountsBuy.otui - encrypted
modules\game_mountsBuy\icones\air\1 - Copia.png - encrypted
modules\game_mountsBuy\icones\air\1.png - encrypted
modules\game_mountsBuy\icones\air\10.png - encrypted
modules\game_mountsBuy\icones\air\11.png - encrypted
modules\game_mountsBuy\icones\air\12.png - encrypted
modules\game_mountsBuy\icones\air\13.png - encrypted
modules\game_mountsBuy\icones\air\2 - Copia.png - encrypted
modules\game_mountsBuy\icones\air\2.png - encrypted
modules\game_mountsBuy\icones\air\3 - Copia.png - encrypted
modules\game_mountsBuy\icones\air\3.png - encrypted
modules\game_mountsBuy\icones\air\4 - Copia.png - encrypted
modules\game_mountsBuy\icones\air\4.png - encrypted
modules\game_mountsBuy\icones\air\5.png - encrypted
modules\game_mountsBuy\icones\air\6.png - encrypted
modules\game_mountsBuy\icones\air\7.png - encrypted
modules\game_mountsBuy\icones\air\8.png - encrypted
modules\game_mountsBuy\icones\air\9.png - encrypted
modules\game_mountsBuy\icones\earth\1.png - encrypted
modules\game_mountsBuy\icones\earth\10.png - encrypted
modules\game_mountsBuy\icones\earth\11.png - encrypted
modules\game_mountsBuy\icones\earth\12.png - encrypted
modules\game_mountsBuy\icones\earth\13.png - encrypted
modules\game_mountsBuy\icones\earth\2.png - encrypted
modules\game_mountsBuy\icones\earth\3.png - encrypted
modules\game_mountsBuy\icones\earth\4.png - encrypted
modules\game_mountsBuy\icones\earth\5.png - encrypted
modules\game_mountsBuy\icones\earth\6.png - encrypted
modules\game_mountsBuy\icones\earth\7.png - encrypted
modules\game_mountsBuy\icones\earth\8.png - encrypted
modules\game_mountsBuy\icones\earth\9.png - encrypted
modules\game_mountsBuy\icones\fire\1.png - encrypted
modules\game_mountsBuy\icones\fire\10.png - encrypted
modules\game_mountsBuy\icones\fire\11.png - encrypted
modules\game_mountsBuy\icones\fire\12.png - encrypted
modules\game_mountsBuy\icones\fire\13.png - encrypted
modules\game_mountsBuy\icones\fire\2.png - encrypted
modules\game_mountsBuy\icones\fire\3.png - encrypted
modules\game_mountsBuy\icones\fire\4.png - encrypted
modules\game_mountsBuy\icones\fire\5.png - encrypted
modules\game_mountsBuy\icones\fire\6.png - encrypted
modules\game_mountsBuy\icones\fire\7.png - encrypted
modules\game_mountsBuy\icones\fire\8.png - encrypted
modules\game_mountsBuy\icones\fire\9.png - encrypted
modules\game_mountsBuy\icones\moldura.png - encrypted
modules\game_mountsBuy\icones\water\1.png - encrypted
modules\game_mountsBuy\icones\water\10.png - encrypted
modules\game_mountsBuy\icones\water\11.png - encrypted
modules\game_mountsBuy\icones\water\12.png - encrypted
modules\game_mountsBuy\icones\water\13.png - encrypted
modules\game_mountsBuy\icones\water\2.png - encrypted
modules\game_mountsBuy\icones\water\3.png - encrypted
modules\game_mountsBuy\icones\water\4.png - encrypted
modules\game_mountsBuy\icones\water\5.png - encrypted
modules\game_mountsBuy\icones\water\6.png - encrypted
modules\game_mountsBuy\icones\water\7.png - encrypted
modules\game_mountsBuy\icones\water\8.png - encrypted
modules\game_mountsBuy\icones\water\9.png - encrypted
modules\game_mountsChange\configs.lua - lua bytecode encrypted
modules\game_mountsChange\configs.lua - encrypted
modules\game_mountsChange\game_mountsChange.lua - lua bytecode encrypted
modules\game_mountsChange\game_mountsChange.lua - encrypted
modules\game_mountsChange\game_mountsChange.otmod - encrypted
modules\game_mountsChange\game_mountsChange.otui - encrypted
modules\game_mountsChange\icones\air\1 - Copia.png - encrypted
modules\game_mountsChange\icones\air\1.png - encrypted
modules\game_mountsChange\icones\air\10.png - encrypted
modules\game_mountsChange\icones\air\11.png - encrypted
modules\game_mountsChange\icones\air\12.png - encrypted
modules\game_mountsChange\icones\air\13.png - encrypted
modules\game_mountsChange\icones\air\2 - Copia.png - encrypted
modules\game_mountsChange\icones\air\2.png - encrypted
modules\game_mountsChange\icones\air\3 - Copia.png - encrypted
modules\game_mountsChange\icones\air\3.png - encrypted
modules\game_mountsChange\icones\air\4 - Copia.png - encrypted
modules\game_mountsChange\icones\air\4.png - encrypted
modules\game_mountsChange\icones\air\5.png - encrypted
modules\game_mountsChange\icones\air\6.png - encrypted
modules\game_mountsChange\icones\air\7.png - encrypted
modules\game_mountsChange\icones\air\8.png - encrypted
modules\game_mountsChange\icones\air\9.png - encrypted
modules\game_mountsChange\icones\earth\1.png - encrypted
modules\game_mountsChange\icones\earth\10.png - encrypted
modules\game_mountsChange\icones\earth\11.png - encrypted
modules\game_mountsChange\icones\earth\12.png - encrypted
modules\game_mountsChange\icones\earth\13.png - encrypted
modules\game_mountsChange\icones\earth\2.png - encrypted
modules\game_mountsChange\icones\earth\3.png - encrypted
modules\game_mountsChange\icones\earth\4.png - encrypted
modules\game_mountsChange\icones\earth\5.png - encrypted
modules\game_mountsChange\icones\earth\6.png - encrypted
modules\game_mountsChange\icones\earth\7.png - encrypted
modules\game_mountsChange\icones\earth\8.png - encrypted
modules\game_mountsChange\icones\earth\9.png - encrypted
modules\game_mountsChange\icones\fire\1.png - encrypted
modules\game_mountsChange\icones\fire\10.png - encrypted
modules\game_mountsChange\icones\fire\11.png - encrypted
modules\game_mountsChange\icones\fire\12.png - encrypted
modules\game_mountsChange\icones\fire\13.png - encrypted
modules\game_mountsChange\icones\fire\2.png - encrypted
modules\game_mountsChange\icones\fire\3.png - encrypted
modules\game_mountsChange\icones\fire\4.png - encrypted
modules\game_mountsChange\icones\fire\5.png - encrypted
modules\game_mountsChange\icones\fire\6.png - encrypted
modules\game_mountsChange\icones\fire\7.png - encrypted
modules\game_mountsChange\icones\fire\8.png - encrypted
modules\game_mountsChange\icones\fire\9.png - encrypted
modules\game_mountsChange\icones\moldura.png - encrypted
modules\game_mountsChange\icones\water\1.png - encrypted
modules\game_mountsChange\icones\water\10.png - encrypted
modules\game_mountsChange\icones\water\11.png - encrypted
modules\game_mountsChange\icones\water\12.png - encrypted
modules\game_mountsChange\icones\water\13.png - encrypted
modules\game_mountsChange\icones\water\2.png - encrypted
modules\game_mountsChange\icones\water\3.png - encrypted
modules\game_mountsChange\icones\water\4.png - encrypted
modules\game_mountsChange\icones\water\5.png - encrypted
modules\game_mountsChange\icones\water\6.png - encrypted
modules\game_mountsChange\icones\water\7.png - encrypted
modules\game_mountsChange\icones\water\8.png - encrypted
modules\game_mountsChange\icones\water\9.png - encrypted
modules\game_myhelper\helper.lua - lua bytecode encrypted
modules\game_myhelper\helper.lua - encrypted
modules\game_myhelper\helper.otmod - encrypted
modules\game_myhelper\helper.otui - encrypted
modules\game_myhelper\helperpotionlist.otui - encrypted
modules\game_myhelper\helper_button.otui - encrypted
modules\game_myhelper\potions.lua - lua bytecode encrypted
modules\game_myhelper\potions.lua - encrypted
modules\game_notification\notification.lua - lua bytecode encrypted
modules\game_notification\notification.lua - encrypted
modules\game_notification\notification.otmod - encrypted
modules\game_notification\notification.otui - encrypted
modules\game_npcmap\gen_npcmap.py - encrypted
modules\game_npcmap\img\npc_background_icon.png - encrypted
modules\game_npcmap\npcmap.lua - lua bytecode encrypted
modules\game_npcmap\npcmap.lua - encrypted
modules\game_npcmap\npcmap.otmod - encrypted
modules\game_npcmap\npcmap.otui - encrypted
modules\game_npcmap\npcs.lua - lua bytecode encrypted
modules\game_npcmap\npcs.lua - encrypted
modules\game_npctrade\npctrade.lua - lua bytecode encrypted
modules\game_npctrade\npctrade.lua - encrypted
modules\game_npctrade\npctrade.otmod - encrypted
modules\game_npctrade\npctrade.otui - encrypted
modules\game_offset\images\baixo.png - encrypted
modules\game_offset\images\cima.png - encrypted
modules\game_offset\images\direita.png - encrypted
modules\game_offset\images\esquerda.png - encrypted
modules\game_offset\offset.lua - lua bytecode encrypted
modules\game_offset\offset.lua - encrypted
modules\game_offset\offset.otmod - encrypted
modules\game_offset\offset.otui - encrypted
modules\game_outfit\outfit.lua - lua bytecode encrypted
modules\game_outfit\outfit.lua - encrypted
modules\game_outfit\outfit.otmod - encrypted
modules\game_outfit\outfitwindow.otui - encrypted
modules\game_outfit_scales\scales.lua - lua bytecode encrypted
modules\game_outfit_scales\scales.lua - encrypted
modules\game_outfit_scales\scales.otmod - encrypted
modules\game_partydamage\game_partydamage.otmod - encrypted
modules\game_partydamage\partydamage.lua - lua bytecode encrypted
modules\game_partydamage\partydamage.lua - encrypted
modules\game_partydamage\partydamage.otui - encrypted
modules\game_pet\pet.lua - lua bytecode encrypted
modules\game_pet\pet.lua - encrypted
modules\game_pet\pet.otmod - encrypted
modules\game_pet\petwindow.otui - encrypted
modules\game_ping\ping.lua - lua bytecode encrypted
modules\game_ping\ping.lua - encrypted
modules\game_ping\ping.otmod - encrypted
modules\game_playerdeath\deathwindow.otui - encrypted
modules\game_playerdeath\playerdeath.lua - lua bytecode encrypted
modules\game_playerdeath\playerdeath.lua - encrypted
modules\game_playerdeath\playerdeath.otmod - encrypted
modules\game_playerinfo\img\1.png - encrypted
modules\game_playerinfo\img\2.png - encrypted
modules\game_playerinfo\img\3.png - encrypted
modules\game_playerinfo\img\4.png - encrypted
modules\game_playerinfo\playerinfo.lua - lua bytecode encrypted
modules\game_playerinfo\playerinfo.lua - encrypted
modules\game_playerinfo\playerinfo.otmod - encrypted
modules\game_playerinfo\playerinfo.otui - encrypted
modules\game_playerinfo\Thumbs.db - encrypted
modules\game_playermount\playermount.lua - lua bytecode encrypted
modules\game_playermount\playermount.lua - encrypted
modules\game_playermount\playermount.otmod - encrypted
modules\game_playertrade\playertrade.lua - lua bytecode encrypted
modules\game_playertrade\playertrade.lua - encrypted
modules\game_playertrade\playertrade.otmod - encrypted
modules\game_playertrade\tradewindow.otui - encrypted
modules\game_potioncraft\game_potioncraft.lua - lua bytecode encrypted
modules\game_potioncraft\game_potioncraft.lua - encrypted
modules\game_potioncraft\game_potioncraft.otmod - encrypted
modules\game_potioncraft\game_potioncraft.otui - encrypted
modules\game_proficiency\const.lua - lua bytecode encrypted
modules\game_proficiency\const.lua - encrypted
modules\game_proficiency\images\augment-icons.png - encrypted
modules\game_proficiency\images\backdrop_weaponmastery_highlight.png - encrypted
modules\game_proficiency\images\big-icon-lock-grey.png - encrypted
modules\game_proficiency\images\bonus-select-bg-progress.png - encrypted
modules\game_proficiency\images\bonus-select-bg.png - encrypted
modules\game_proficiency\images\border-weaponmasterytreeicons-active.png - encrypted
modules\game_proficiency\images\border-weaponmasterytreeicons-inactive.png - encrypted
modules\game_proficiency\images\full-bonus-select-bg.png - encrypted
modules\game_proficiency\images\icon-lock-grey.png - encrypted
modules\game_proficiency\images\icon-masterylevel-0.png - encrypted
modules\game_proficiency\images\icon-masterylevel-1-gold.png - encrypted
modules\game_proficiency\images\icon-masterylevel-1-silver.png - encrypted
modules\game_proficiency\images\icon-masterylevel-1.png - encrypted
modules\game_proficiency\images\icon-masterylevel-2-gold.png - encrypted
modules\game_proficiency\images\icon-masterylevel-2-silver.png - encrypted
modules\game_proficiency\images\icon-masterylevel-2.png - encrypted
modules\game_proficiency\images\icon-masterylevel-3-gold.png - encrypted
modules\game_proficiency\images\icon-masterylevel-3-silver.png - encrypted
modules\game_proficiency\images\icon-masterylevel-3.png - encrypted
modules\game_proficiency\images\icon-masterylevel-4-gold.png - encrypted
modules\game_proficiency\images\icon-masterylevel-4-silver.png - encrypted
modules\game_proficiency\images\icon-masterylevel-4.png - encrypted
modules\game_proficiency\images\icon-masterylevel-5-gold.png - encrypted
modules\game_proficiency\images\icon-masterylevel-5-silver.png - encrypted
modules\game_proficiency\images\icon-masterylevel-5.png - encrypted
modules\game_proficiency\images\icon-masterylevel-6-gold.png - encrypted
modules\game_proficiency\images\icon-masterylevel-6-silver.png - encrypted
modules\game_proficiency\images\icon-masterylevel-6.png - encrypted
modules\game_proficiency\images\icon-masterylevel-7-gold.png - encrypted
modules\game_proficiency\images\icon-masterylevel-7-silver.png - encrypted
modules\game_proficiency\images\icon-masterylevel-7.png - encrypted
modules\game_proficiency\images\icon-star-dark.png - encrypted
modules\game_proficiency\images\icon-star-tiny-gold.png - encrypted
modules\game_proficiency\images\icon-star-tiny-silver.png - encrypted
modules\game_proficiency\images\icons-0.png - encrypted
modules\game_proficiency\images\icons-1.png - encrypted
modules\game_proficiency\images\icons-2.png - encrypted
modules\game_proficiency\images\icons-3.png - encrypted
modules\game_proficiency\images\icons-4.png - encrypted
modules\game_proficiency\images\icons-5.png - encrypted
modules\game_proficiency\images\icons-6.png - encrypted
modules\game_proficiency\images\icons-7.png - encrypted
modules\game_proficiency\images\icons-8.png - encrypted
modules\game_proficiency\images\icons-9-off.png - encrypted
modules\game_proficiency\images\icons-9.png - encrypted
modules\game_proficiency\images\topbar_icon.png - encrypted
modules\game_proficiency\proficiency.lua - lua bytecode encrypted
modules\game_proficiency\proficiency.lua - encrypted
modules\game_proficiency\proficiency.otmod - encrypted
modules\game_proficiency\proficiency.otui - encrypted
modules\game_proficiency\proficiency_data.lua - lua bytecode encrypted
modules\game_proficiency\proficiency_data.lua - encrypted
modules\game_quests\questlist.otui - encrypted
modules\game_quests\quests.lua - lua bytecode encrypted
modules\game_quests\quests.lua - encrypted
modules\game_quests\quests.otmod - encrypted
modules\game_ruleviolation\ruleviolation.lua - lua bytecode encrypted
modules\game_ruleviolation\ruleviolation.lua - encrypted
modules\game_ruleviolation\ruleviolation.otmod - encrypted
modules\game_ruleviolation\ruleviolation.otui - encrypted
modules\game_shaders\outfit_shaders.lua - lua bytecode encrypted
modules\game_shaders\outfit_shaders.lua - encrypted
modules\game_shaders\shaders.lua - lua bytecode encrypted
modules\game_shaders\shaders.lua - encrypted
modules\game_shaders\shaders.otmod - encrypted
modules\game_skills\skills.lua - lua bytecode encrypted
modules\game_skills\skills.lua - encrypted
modules\game_skills\skills.otmod - encrypted
modules\game_skills\skills.otui - encrypted
modules\game_skyclouds\skyclouds.lua - lua bytecode encrypted
modules\game_skyclouds\skyclouds.lua - encrypted
modules\game_skyclouds\skyclouds.otmod - encrypted
modules\game_slotmachine\slotmachine.lua - lua bytecode encrypted
modules\game_slotmachine\slotmachine.lua - encrypted
modules\game_slotmachine\slotmachine.otmod - encrypted
modules\game_slotmachine\slotmachine.otui - encrypted
modules\game_slotmachine\ui\air.png - encrypted
modules\game_slotmachine\ui\background1.png - encrypted
modules\game_slotmachine\ui\background2.png - encrypted
modules\game_slotmachine\ui\earth.png - encrypted
modules\game_slotmachine\ui\fire.png - encrypted
modules\game_slotmachine\ui\Thumbs.db - encrypted
modules\game_slotmachine\ui\water.png - encrypted
modules\game_slotmachineVermelho\slotmachinevermelho.lua - lua bytecode encrypted
modules\game_slotmachineVermelho\slotmachinevermelho.lua - encrypted
modules\game_slotmachineVermelho\slotmachinevermelho.otmod - encrypted
modules\game_slotmachineVermelho\slotmachinevermelho.otui - encrypted
modules\game_slotmachineVermelho\ui\air.png - encrypted
modules\game_slotmachineVermelho\ui\background1.png - encrypted
modules\game_slotmachineVermelho\ui\background2.png - encrypted
modules\game_slotmachineVermelho\ui\earth.png - encrypted
modules\game_slotmachineVermelho\ui\fire.png - encrypted
modules\game_slotmachineVermelho\ui\Thumbs.db - encrypted
modules\game_slotmachineVermelho\ui\water.png - encrypted
modules\game_specialfx\game_specialfx.otmod - encrypted
modules\game_specialfx\specialfx.lua - lua bytecode encrypted
modules\game_specialfx\specialfx.lua - encrypted
modules\game_spelllist\spelllist.lua - lua bytecode encrypted
modules\game_spelllist\spelllist.lua - encrypted
modules\game_spelllist\spelllist.otmod - encrypted
modules\game_spelllist\spelllist.otui - encrypted
modules\game_spellsound\game_spellsound.lua - lua bytecode encrypted
modules\game_spellsound\game_spellsound.lua - encrypted
modules\game_spellsound\game_spellsound.otmod - encrypted
modules\game_spellsound\spellsound.otui - encrypted
modules\game_talenttree\images\topbar_icon.png - encrypted
modules\game_talenttree\styles\styles.otui - encrypted
modules\game_talenttree\talenttree.lua - lua bytecode encrypted
modules\game_talenttree\talenttree.lua - encrypted
modules\game_talenttree\talenttree.otmod - encrypted
modules\game_talenttree\talenttree.otui - encrypted
modules\game_textmessage\textmessage.lua - lua bytecode encrypted
modules\game_textmessage\textmessage.lua - encrypted
modules\game_textmessage\textmessage.otmod - encrypted
modules\game_textmessage\textmessage.otui - encrypted
modules\game_textwindow\task.png - encrypted
modules\game_textwindow\textwindow.lua - lua bytecode encrypted
modules\game_textwindow\textwindow.lua - encrypted
modules\game_textwindow\textwindow.otmod - encrypted
modules\game_textwindow\textwindow.otui - encrypted
ERROR: Error while compressing
modules\game_things\.gitignore - already encrypted
modules\game_things\things.lua - lua bytecode encrypted
modules\game_things\things.lua - encrypted
modules\game_things\things.otmod - encrypted
modules\game_tooltips\item_tooltip.lua - lua bytecode encrypted
modules\game_tooltips\item_tooltip.lua - encrypted
modules\game_tooltips\item_tooltip.otmod - encrypted
modules\game_tooltips\item_tooltip.otui - encrypted
modules\game_tophmode\tophmode.lua - lua bytecode encrypted
modules\game_tophmode\tophmode.lua - encrypted
modules\game_tophmode\tophmode.otmod - encrypted
modules\game_trade\img\market.png - encrypted
modules\game_trade\market.lua - lua bytecode encrypted
modules\game_trade\market.lua - encrypted
modules\game_trade\market.otmod - encrypted
modules\game_trade\marketadd.otui - encrypted
modules\game_trade\marketbuy.otui - encrypted
modules\game_trade\marketremove.otui - encrypted
modules\game_trainwands\game_trainwands.lua - lua bytecode encrypted
modules\game_trainwands\game_trainwands.lua - encrypted
modules\game_trainwands\game_trainwands.otmod - encrypted
modules\game_viplist\addvip.otui - encrypted
modules\game_viplist\editvip.otui - encrypted
modules\game_viplist\viplist.lua - lua bytecode encrypted
modules\game_viplist\viplist.lua - encrypted
modules\game_viplist\viplist.otmod - encrypted
modules\game_viplist\viplist.otui - encrypted
modules\game_webview\init.lua - encrypted
modules\game_webview\overlay.html - encrypted
modules\game_webview\overlay.lua - lua bytecode encrypted
modules\game_webview\overlay.lua - encrypted
modules\game_webview\README.md - encrypted
modules\game_webview\sample.html - encrypted
modules\game_webview\test_blackbox.lua - lua bytecode encrypted
modules\game_webview\test_blackbox.lua - encrypted
modules\game_webview\webview.otml - encrypted
modules\game_webview\webview.otmod - encrypted
modules\game_webview\webview_demo.lua - lua bytecode encrypted
modules\game_webview\webview_demo.lua - encrypted
modules\locales\de.lua - lua bytecode encrypted
modules\locales\de.lua - encrypted
modules\locales\en.lua - lua bytecode encrypted
modules\locales\en.lua - encrypted
modules\locales\es.lua - lua bytecode encrypted
modules\locales\es.lua - encrypted
modules\locales\pl.lua - lua bytecode encrypted
modules\locales\pl.lua - encrypted
modules\locales\pt.lua - lua bytecode encrypted
modules\locales\pt.lua - encrypted
modules\locales\sv.lua - lua bytecode encrypted
modules\locales\sv.lua - encrypted
mods\.gitignore - encrypted
mods\ava_protocol\ava_configs.lua - lua bytecode encrypted
mods\ava_protocol\ava_configs.lua - encrypted
mods\ava_protocol\ava_protocol.lua - lua bytecode encrypted
mods\ava_protocol\ava_protocol.lua - encrypted
mods\ava_protocol\ava_protocol.otmod - encrypted
mods\ava_protocol\ava_protocol.otui - encrypted
mods\game_antibot\antibot.lua - lua bytecode encrypted
mods\game_antibot\antibot.lua - encrypted
mods\game_antibot\antibot.otmod - encrypted
mods\game_antibot\antibot.otui - encrypted
mods\game_antibot\atributos.png - encrypted
mods\game_antibot\icons\scrollbar.png - encrypted
mods\game_antibot\icons\time_icon.png - encrypted
mods\game_atributos\atributos.png - encrypted
mods\game_atributos\attrs.lua - lua bytecode encrypted
mods\game_atributos\attrs.lua - encrypted
mods\game_atributos\attrs.otmod - encrypted
mods\game_atributos\attrs.otui - encrypted
mods\game_atributos\icons\bend.png - encrypted
mods\game_atributos\icons\dodge.png - encrypted
mods\game_atributos\icons\health.png - encrypted
mods\game_atributos\icons\mana.png - encrypted
mods\game_atributos\icons\red bottom.png - encrypted
mods\game_atributos\icons\scrollbar - Copia.png - encrypted
mods\game_atributos\icons\scrollbar.png - encrypted
mods\game_atributos\icons\scrollbar2.png - encrypted
mods\game_buffs\buffs.lua - lua bytecode encrypted
mods\game_buffs\buffs.lua - encrypted
mods\game_buffs\buffs.otmod - encrypted
mods\game_buffs\buffs.otui - encrypted
mods\game_healthbars\healthbars.lua - lua bytecode encrypted
mods\game_healthbars\healthbars.lua - encrypted
mods\game_healthbars\healthbars.otmod - encrypted
mods\game_partyIcons\icons\Avatar.png - encrypted
mods\game_partyIcons\icons\Druid.png - encrypted
mods\game_partyIcons\icons\Knight.png - encrypted
mods\game_partyIcons\icons\None.png - encrypted
mods\game_partyIcons\icons\Paladin.png - encrypted
mods\game_partyIcons\icons\Sorcerer.png - encrypted
mods\game_partyIcons\icons.lua - lua bytecode encrypted
mods\game_partyIcons\icons.lua - encrypted
mods\game_partyIcons\Icons.otmod - encrypted
mods\game_partyIcons\icons.otui - encrypted
mods\game_shop\img\gold_coin.png - encrypted
mods\game_shop\img\tibia_coin.png - encrypted
mods\game_shop\json.lua - lua bytecode encrypted
mods\game_shop\json.lua - encrypted
mods\game_shop\shop.lua - lua bytecode encrypted
mods\game_shop\shop.lua - encrypted
mods\game_shop\shop.otmod - encrypted
mods\game_shop\shop.otui - encrypted
mods\game_tooltips\item_tooltip.lua - lua bytecode encrypted
mods\game_tooltips\item_tooltip.lua - encrypted
mods\game_tooltips\item_tooltip.otmod - encrypted
mods\game_tooltips\item_tooltip.otui - encrypted
mods\game_vocation_name\game_vocation_name.otmod - encrypted
mods\game_vocation_name\vocation_name.lua - lua bytecode encrypted
mods\game_vocation_name\vocation_name.lua - encrypted
mods\LICENSE.txt - encrypted
mods\README.txt - encrypted
----------------------
init.lua - encrypted
data\cursors\alvo.png - encrypted
data\cursors\cursors.otml - encrypted
data\cursors\horizontalcursor.png - encrypted
data\cursors\targetcursor.png - encrypted
data\cursors\textcursor.png - encrypted
data\cursors\verticalcursor.png - encrypted
data\fonts\ava.otfont - encrypted
data\fonts\ava.png - encrypted
data\fonts\baby-12.otfont - encrypted
data\fonts\baby-12.png - encrypted
data\fonts\cipsoftFont.otfont - encrypted
data\fonts\cipsoftFont.png - encrypted
data\fonts\consolechat-11px_cp1252.otfont - encrypted
data\fonts\Icon-VBold-11px.otfont - encrypted
data\fonts\Icon-VBold-11px.png - encrypted
data\fonts\new-verdana.png - encrypted
data\fonts\sans-bold-16px.otfont - encrypted
data\fonts\sans-bold-16px_cp1252.png - encrypted
data\fonts\terminus-10px.otfont - encrypted
data\fonts\terminus-10px.png - encrypted
data\fonts\terminus-14px-bold.otfont - encrypted
data\fonts\terminus-14px-bold.png - encrypted
data\fonts\Verdana Bold-11px.otfont - encrypted
data\fonts\Verdana Bold-11px.png - encrypted
data\fonts\verdana-11px-antialised.otfont - encrypted
data\fonts\verdana-11px-antialised_cp1250.png - encrypted
data\fonts\verdana-11px-antialised_cp1252.png - encrypted
data\fonts\verdana-11px-monochrome.otfont - encrypted
data\fonts\verdana-11px-monochrome_cp1250.png - encrypted
data\fonts\verdana-11px-monochrome_cp1252.png - encrypted
data\fonts\verdana-11px-rounded-new.otfont - encrypted
data\fonts\verdana-11px-rounded.otfont - encrypted
data\fonts\verdana-11px-rounded_cp1250.png - encrypted
data\fonts\verdana-11px-rounded_cp1252.png - encrypted
data\fonts\verdana-11px-rounded_cp1253.png - encrypted
data\fonts\verdana-11px-rounded_cp1254.png - encrypted
data\fonts\verdana-new.png - encrypted
data\fonts\verdana.otfont - encrypted
data\images\background.png - encrypted
data\images\background2.png - encrypted
data\images\bars\frame-bg.png - encrypted
data\images\bars\frame-outline.png - encrypted
data\images\bars\health1.png - encrypted
data\images\bars\mana-fill.png - encrypted
data\images\bars\mana1.png - encrypted
data\images\bars\ping-others.png - encrypted
data\images\bars\ping.png - encrypted
data\images\buffs\background.png - encrypted
data\images\buffs\buff_cosmic_insight.png - encrypted
data\images\buffs\buff_elementalist_passive1.png - encrypted
data\images\buffs\buff_elementalist_passive2.png - encrypted
data\images\buffs\buff_elementalist_passive3.png - encrypted
data\images\buffs\buff_shaman_passive.png - encrypted
data\images\buffs\buff_wizard_passive1.png - encrypted
data\images\buffs\buff_wizard_passive2.png - encrypted
data\images\buffs\buff_wizard_passive3.png - encrypted
data\images\buffs\debuff_slow.png - encrypted
data\images\buffs\exp_scroll.png - encrypted
data\images\buffs\frame-2-gold.png - encrypted
data\images\buffs\frame-2-magenta.png - encrypted
data\images\buffs\frame-2-orange.png - encrypted
data\images\buffs\frame-6-sky.png - encrypted
data\images\buffs\frame-7-blue.png - encrypted
data\images\buffs\frame-8-acid.png - encrypted
data\images\buffs\frame-9-grey.png - encrypted
data\images\buffs\frame-9-jade.png - encrypted
data\images\buffs\frame-9-red.png - encrypted
data\images\buffs\rect.png - encrypted
data\images\buffs\utamo_tempo.png - encrypted
data\images\buffs\utamo_tempo_san.png - encrypted
data\images\buffs\utamo_vita.png - encrypted
data\images\buffs\utana_vid.png - encrypted
data\images\buffs\utani_gran_hur.png - encrypted
data\images\buffs\utani_hur.png - encrypted
data\images\buffs\utani_tempo_hur.png - encrypted
data\images\buffs\utura.png - encrypted
data\images\buffs\utura_gran.png - encrypted
data\images\clienticon.png - encrypted
data\images\elements\2.png - encrypted
data\images\elements\3.png - encrypted
data\images\elements\4.png - encrypted
data\images\flags\de.png - encrypted
data\images\flags\en.png - encrypted
data\images\flags\es.png - encrypted
data\images\flags\pl.png - encrypted
data\images\flags\pt.png - encrypted
data\images\flags\sv.png - encrypted
data\images\folds\air\1.png - encrypted
data\images\folds\air\10.png - encrypted
data\images\folds\air\11.png - encrypted
data\images\folds\air\12.png - encrypted
data\images\folds\air\13.png - encrypted
data\images\folds\air\14.png - encrypted
data\images\folds\air\15.png - encrypted
data\images\folds\air\16.png - encrypted
data\images\folds\air\17.png - encrypted
data\images\folds\air\18.png - encrypted
data\images\folds\air\19.png - encrypted
data\images\folds\air\2.png - encrypted
data\images\folds\air\20.png - encrypted
data\images\folds\air\21.png - encrypted
data\images\folds\air\22.png - encrypted
data\images\folds\air\23.png - encrypted
data\images\folds\air\24.png - encrypted
data\images\folds\air\3.png - encrypted
data\images\folds\air\4.png - encrypted
data\images\folds\air\5.png - encrypted
data\images\folds\air\6.png - encrypted
data\images\folds\air\7.png - encrypted
data\images\folds\air\8.png - encrypted
data\images\folds\air\9.png - encrypted
data\images\folds\air\Air Fan.png - encrypted
data\images\folds\air\Air Gust.png - encrypted
data\images\folds\air\Air Hurricane.png - encrypted
data\images\folds\air\Air Wings.png - encrypted
data\images\folds\earth\1.png - encrypted
data\images\folds\earth\10.png - encrypted
data\images\folds\earth\11.png - encrypted
data\images\folds\earth\12.png - encrypted
data\images\folds\earth\13.png - encrypted
data\images\folds\earth\14.png - encrypted
data\images\folds\earth\15.png - encrypted
data\images\folds\earth\16.png - encrypted
data\images\folds\earth\17.png - encrypted
data\images\folds\earth\18.png - encrypted
data\images\folds\earth\19.png - encrypted
data\images\folds\earth\2.png - encrypted
data\images\folds\earth\20.png - encrypted
data\images\folds\earth\21.png - encrypted
data\images\folds\earth\22.png - encrypted
data\images\folds\earth\23.png - encrypted
data\images\folds\earth\24.png - encrypted
data\images\folds\earth\3.png - encrypted
data\images\folds\earth\4.png - encrypted
data\images\folds\earth\5.png - encrypted
data\images\folds\earth\6.png - encrypted
data\images\folds\earth\7.png - encrypted
data\images\folds\earth\8.png - encrypted
data\images\folds\earth\9.png - encrypted
data\images\folds\fire\1.png - encrypted
data\images\folds\fire\10.png - encrypted
data\images\folds\fire\11.png - encrypted
data\images\folds\fire\12.png - encrypted
data\images\folds\fire\13.png - encrypted
data\images\folds\fire\14.png - encrypted
data\images\folds\fire\15.png - encrypted
data\images\folds\fire\16.png - encrypted
data\images\folds\fire\17.png - encrypted
data\images\folds\fire\18.png - encrypted
data\images\folds\fire\19.png - encrypted
data\images\folds\fire\2.png - encrypted
data\images\folds\fire\20.png - encrypted
data\images\folds\fire\21.png - encrypted
data\images\folds\fire\22.png - encrypted
data\images\folds\fire\23.png - encrypted
data\images\folds\fire\24.png - encrypted
data\images\folds\fire\3.png - encrypted
data\images\folds\fire\4.png - encrypted
data\images\folds\fire\5.png - encrypted
data\images\folds\fire\6.png - encrypted
data\images\folds\fire\7.png - encrypted
data\images\folds\fire\8.png - encrypted
data\images\folds\fire\9.png - encrypted
data\images\folds\fire\Fire Kick.png - encrypted
data\images\folds\moldura.png - encrypted
data\images\folds\water\1.png - encrypted
data\images\folds\water\10.png - encrypted
data\images\folds\water\11.png - encrypted
data\images\folds\water\12.png - encrypted
data\images\folds\water\13.png - encrypted
data\images\folds\water\14.png - encrypted
data\images\folds\water\15.png - encrypted
data\images\folds\water\16.png - encrypted
data\images\folds\water\17.png - encrypted
data\images\folds\water\18.png - encrypted
data\images\folds\water\19.png - encrypted
data\images\folds\water\2.png - encrypted
data\images\folds\water\20.png - encrypted
data\images\folds\water\21.png - encrypted
data\images\folds\water\22.png - encrypted
data\images\folds\water\23.png - encrypted
data\images\folds\water\24.png - encrypted
data\images\folds\water\3.png - encrypted
data\images\folds\water\4.png - encrypted
data\images\folds\water\5.png - encrypted
data\images\folds\water\6.png - encrypted
data\images\folds\water\7.png - encrypted
data\images\folds\water\8.png - encrypted
data\images\folds\water\9.png - encrypted
data\images\game\actionbar\actionbarslot.png - encrypted
data\images\game\battle\battle_monsters.png - encrypted
data\images\game\battle\battle_npcs.png - encrypted
data\images\game\battle\battle_party.png - encrypted
data\images\game\battle\battle_players.png - encrypted
data\images\game\battle\battle_skulls.png - encrypted
data\images\game\combatmodes\chasemode.png - encrypted
data\images\game\combatmodes\chasemode1.png - encrypted
data\images\game\combatmodes\fightbalanced.png - encrypted
data\images\game\combatmodes\fightbalanced1.png - encrypted
data\images\game\combatmodes\fightdefensive.png - encrypted
data\images\game\combatmodes\fightdefensive1.png - encrypted
data\images\game\combatmodes\fightoffensive.png - encrypted
data\images\game\combatmodes\fightoffensive1.png - encrypted
data\images\game\combatmodes\mount.png - encrypted
data\images\game\combatmodes\redfistmode.png - encrypted
data\images\game\combatmodes\safefight.png - encrypted
data\images\game\combatmodes\safefight1.png - encrypted
data\images\game\combatmodes\whitedovemode.png - encrypted
data\images\game\combatmodes\whitehandmode.png - encrypted
data\images\game\combatmodes\yellowhandmode.png - encrypted
data\images\game\console\channels.png - encrypted
data\images\game\console\clearchannel.png - encrypted
data\images\game\console\closechannel.png - encrypted
data\images\game\console\ignore.png - encrypted
data\images\game\console\leftarrow.png - encrypted
data\images\game\console\rightarrow.png - encrypted
data\images\game\console\say.png - encrypted
data\images\game\console\whisper.png - encrypted
data\images\game\console\yell.png - encrypted
data\images\game\dangerous.png - encrypted
data\images\game\destiny_wheel\menuBg.png - encrypted
data\images\game\emblems\emblem_air.png - encrypted
data\images\game\emblems\emblem_blue.png - encrypted
data\images\game\emblems\emblem_earth.png - encrypted
data\images\game\emblems\emblem_fire.png - encrypted
data\images\game\emblems\emblem_green.png - encrypted
data\images\game\emblems\emblem_red.png - encrypted
data\images\game\emblems\emblem_water.png - encrypted
data\images\game\helperimg\OFF.png - encrypted
data\images\game\helperimg\ON.png - encrypted
data\images\game\helperimg\plus.png - encrypted
data\images\game\minimap\cross.png - encrypted
data\images\game\minimap\flag0.png - encrypted
data\images\game\minimap\flag1.png - encrypted
data\images\game\minimap\flag10.png - encrypted
data\images\game\minimap\flag11.png - encrypted
data\images\game\minimap\flag12.png - encrypted
data\images\game\minimap\flag13.png - encrypted
data\images\game\minimap\flag14.png - encrypted
data\images\game\minimap\flag15.png - encrypted
data\images\game\minimap\flag16.png - encrypted
data\images\game\minimap\flag17.png - encrypted
data\images\game\minimap\flag18.png - encrypted
data\images\game\minimap\flag19.png - encrypted
data\images\game\minimap\flag2.png - encrypted
data\images\game\minimap\flag3.png - encrypted
data\images\game\minimap\flag4.png - encrypted
data\images\game\minimap\flag5.png - encrypted
data\images\game\minimap\flag6.png - encrypted
data\images\game\minimap\flag7.png - encrypted
data\images\game\minimap\flag8.png - encrypted
data\images\game\minimap\flag9.png - encrypted
data\images\game\minimap\flagcheckbox.png - encrypted
data\images\game\minimap\floor_down.png - encrypted
data\images\game\minimap\floor_up.png - encrypted
data\images\game\minimap\huntdot.png - encrypted
data\images\game\minimap\zoom_in.png - encrypted
data\images\game\minimap\zoom_out.png - encrypted
data\images\game\npcicons\icon_chat.png - encrypted
data\images\game\npcicons\icon_quest.png - encrypted
data\images\game\npcicons\icon_trade.png - encrypted
data\images\game\npcicons\icon_tradequest.png - encrypted
data\images\game\offset\Direita.png - encrypted
data\images\game\offset\Esquerda.png - encrypted
data\images\game\offset\Floor.png - encrypted
data\images\game\offset\icon.png - encrypted
data\images\game\offset\Norte.png - encrypted
data\images\game\offset\Reset.png - encrypted
data\images\game\offset\Sul.png - encrypted
data\images\game\offset\textbox.png - encrypted
data\images\game\shields\shield_blue.png - encrypted
data\images\game\shields\shield_blue1.png - encrypted
data\images\game\shields\shield_blue_not_shared.png - encrypted
data\images\game\shields\shield_blue_not_shared1.png - encrypted
data\images\game\shields\shield_blue_shared.png - encrypted
data\images\game\shields\shield_blue_shared1.png - encrypted
data\images\game\shields\shield_blue_white.png - encrypted
data\images\game\shields\shield_blue_white1.png - encrypted
data\images\game\shields\shield_gray.png - encrypted
data\images\game\shields\shield_gray1.png - encrypted
data\images\game\shields\shield_yellow.png - encrypted
data\images\game\shields\shield_yellow1.png - encrypted
data\images\game\shields\shield_yellow_not_shared.png - encrypted
data\images\game\shields\shield_yellow_not_shared1.png - encrypted
data\images\game\shields\shield_yellow_shared.png - encrypted
data\images\game\shields\shield_yellow_shared1.png - encrypted
data\images\game\shields\shield_yellow_white.png - encrypted
data\images\game\shields\shield_yellow_white1.png - encrypted
data\images\game\skulls\skull_black.png - encrypted
data\images\game\skulls\skull_green.png - encrypted
data\images\game\skulls\skull_orange.png - encrypted
data\images\game\skulls\skull_red.png - encrypted
data\images\game\skulls\skull_white.png - encrypted
data\images\game\skulls\skull_yellow.png - encrypted
data\images\game\slots\ammo.png - encrypted
data\images\game\slots\back.png - encrypted
data\images\game\slots\body.png - encrypted
data\images\game\slots\camera.png - encrypted
data\images\game\slots\feet.png - encrypted
data\images\game\slots\finger.png - encrypted
data\images\game\slots\head.png - encrypted
data\images\game\slots\left-hand.png - encrypted
data\images\game\slots\legs.png - encrypted
data\images\game\slots\momopouch.png - encrypted
data\images\game\slots\neck.png - encrypted
data\images\game\slots\purse.png - encrypted
data\images\game\slots\right-hand.png - encrypted
data\images\game\spells\cooldowns.png - encrypted
data\images\game\spells\defaultspells.png - encrypted
data\images\game\states\bleeding.png - encrypted
data\images\game\states\burning.png - encrypted
data\images\game\states\cursed.png - encrypted
data\images\game\states\dazzled.png - encrypted
data\images\game\states\drowning.png - encrypted
data\images\game\states\drunk.png - encrypted
data\images\game\states\electrified.png - encrypted
data\images\game\states\freezing.png - encrypted
data\images\game\states\haste.png - encrypted
data\images\game\states\hungry.png - encrypted
data\images\game\states\logout_block.png - encrypted
data\images\game\states\magic_shield.png - encrypted
data\images\game\states\poisoned.png - encrypted
data\images\game\states\protection_zone.png - encrypted
data\images\game\states\protection_zone_block.png - encrypted
data\images\game\states\slowed.png - encrypted
data\images\game\states\strengthened.png - encrypted
data\images\game\summon_other.png - encrypted
data\images\game\summon_own.png - encrypted
data\images\game\tutorial\backdrop_crestr.png - encrypted
data\images\game\viplist\icons.png - encrypted
data\images\game\viplist\vipcheckbox.png - encrypted
data\images\icon.png - encrypted
data\images\icons\icon-healing.png - encrypted
data\images\miniicons\healcut.png - encrypted
data\images\miniicons\hungry.png - encrypted
data\images\miniicons\nomana.png - encrypted
data\images\optionstab\audio.png - encrypted
data\images\optionstab\console.png - encrypted
data\images\optionstab\game.png - encrypted
data\images\optionstab\graphics.png - encrypted
data\images\optionstab\name-label.png - encrypted
data\images\shaders\rainbow.png - encrypted
data\images\skin\show-gui-help-grey.png - encrypted
data\images\skin\show-gui-help-red.png - encrypted
data\images\stickers\background.png - encrypted
data\images\stickers\emoji.png - encrypted
data\images\stickers\stickerSpeechBubble.png - encrypted
data\images\stickers\test1.png - encrypted
data\images\stickers\test2.png - encrypted
data\images\stickers\test3.png - encrypted
data\images\stickers\test4.png - encrypted
data\images\stickers\test5.png - encrypted
data\images\stickers\test6.png - encrypted
data\images\stickers\test7.png - encrypted
data\images\stickers\test8.png - encrypted
data\images\stickers\test9.png - encrypted
data\images\store\bazaar-add-item.png - encrypted
data\images\store\button-erase-small-down.png - encrypted
data\images\store\button-erase-small-up.png - encrypted
data\images\store\icon-yes.png - encrypted
data\images\tooltip_bg.png - encrypted
data\images\topbuttons\appa.png - encrypted
data\images\topbuttons\atributos.png - encrypted
data\images\topbuttons\audio.png - encrypted
data\images\topbuttons\audio_mute.png - encrypted
data\images\topbuttons\base.png - encrypted
data\images\topbuttons\battle.png - encrypted
data\images\topbuttons\battle2.png - encrypted
data\images\topbuttons\cast.png - encrypted
data\images\topbuttons\cd.png - encrypted
data\images\topbuttons\code.png - encrypted
data\images\topbuttons\combatcontrols.png - encrypted
data\images\topbuttons\Conquistas.png - encrypted
data\images\topbuttons\cooldowns.png - encrypted
data\images\topbuttons\dailyhunt.png - encrypted
data\images\topbuttons\drop.png - encrypted
data\images\topbuttons\EXP.png - encrypted
data\images\topbuttons\guild.png - encrypted
data\images\topbuttons\healthinfo.png - encrypted
data\images\topbuttons\Helper.png - encrypted
data\images\topbuttons\hotkeys.pdn - encrypted
data\images\topbuttons\hotkeys.png - encrypted
data\images\topbuttons\huntfinder.png - encrypted
data\images\topbuttons\inventory.png - encrypted
data\images\topbuttons\login.png - encrypted
data\images\topbuttons\logout.png - encrypted
data\images\topbuttons\Magicmeter.png - encrypted
data\images\topbuttons\market.png - encrypted
data\images\topbuttons\marketinterrog.png - encrypted
data\images\topbuttons\minimap.png - encrypted
data\images\topbuttons\modulemanager.png - encrypted
data\images\topbuttons\motd.png - encrypted
data\images\topbuttons\Navigation.png - encrypted
data\images\topbuttons\options.png - encrypted
data\images\topbuttons\particles.png - encrypted
data\images\topbuttons\PartyDPS.png - encrypted
data\images\topbuttons\questlog.png - encrypted
data\images\topbuttons\shop.png - encrypted
data\images\topbuttons\skills.png - encrypted
data\images\topbuttons\spelllist.png - encrypted
data\images\topbuttons\talenttree.png - encrypted
data\images\topbuttons\terminal.png - encrypted
data\images\topbuttons\topbuttons.rar - encrypted
data\images\topbuttons\viplist.png - encrypted
data\images\ui\1pixel-down-frame.png - encrypted
data\images\ui\2pixel-up-frame-borderimage.png - encrypted
data\images\ui\3pixel-frame-borderimage.png - encrypted
data\images\ui\arrow_horizontal.png - encrypted
data\images\ui\arrow_vertical.png - encrypted
data\images\ui\button.png - encrypted
data\images\ui\button1 (2).png - encrypted
data\images\ui\button1.png - encrypted
data\images\ui\buttons-blue.png - encrypted
data\images\ui\button_popupmenu.png - encrypted
data\images\ui\button_popupmenu1.png - encrypted
data\images\ui\button_rounded.png - encrypted
data\images\ui\button_rounded1.png - encrypted
data\images\ui\button_square.png - encrypted
data\images\ui\button_square1.png - encrypted
data\images\ui\button_topgame.png - encrypted
data\images\ui\checkbox.png - encrypted
data\images\ui\checkbox1.png - encrypted
data\images\ui\colorbox.png - encrypted
data\images\ui\combobox.png - encrypted
data\images\ui\combobox_rounded.png - encrypted
data\images\ui\combobox_square.png - encrypted
data\images\ui\depotsearch.png - encrypted
data\images\ui\ditherpattern.png - encrypted
data\images\ui\hierarchy-branch.png - encrypted
data\images\ui\icon_add.png - encrypted
data\images\ui\Image_2D_0165_0798.png - encrypted
data\images\ui\inventario_slot.png - encrypted
data\images\ui\item - Copia.png - encrypted
data\images\ui\item.png - encrypted
data\images\ui\item1.png - encrypted
data\images\ui\menubox.png - encrypted
data\images\ui\miniborder.png - encrypted
data\images\ui\miniwindow.png - encrypted
data\images\ui\miniwindow_buttons.png - encrypted
data\images\ui\panel_bottom.png - encrypted
data\images\ui\panel_container.png - encrypted
data\images\ui\panel_content.png - encrypted
data\images\ui\panel_flat.png - encrypted
data\images\ui\panel_lightflat.png - encrypted
data\images\ui\panel_map.png - encrypted
data\images\ui\panel_side.png - encrypted
data\images\ui\panel_top.png - encrypted
data\images\ui\percent-buttons.png - encrypted
data\images\ui\percentBg.png - encrypted
data\images\ui\progressbar - Copia.png - encrypted
data\images\ui\progressbar.png - encrypted
data\images\ui\rmv-button.png - encrypted
data\images\ui\scrollbar.png - encrypted
data\images\ui\scrollbar1.png - encrypted
data\images\ui\separator_horizontal - Copia.png - encrypted
data\images\ui\separator_horizontal.png - encrypted
data\images\ui\separator_vertical.png - encrypted
data\images\ui\spinbox.png - encrypted
data\images\ui\spinbox_down.png - encrypted
data\images\ui\spinbox_up.png - encrypted
data\images\ui\t2pixel-up-frame-borderimage.png - encrypted
data\images\ui\tabbutton_rounded.png - encrypted
data\images\ui\tabbutton_square.png - encrypted
data\images\ui\textedit.png - encrypted
data\images\ui\ui.zip - encrypted
data\images\ui\window.png - encrypted
data\images\ui\window_headless.png - encrypted
data\loadingimages\appa.png - encrypted
data\locales\de.lua - lua bytecode encrypted
data\locales\de.lua - encrypted
data\locales\en.lua - lua bytecode encrypted
data\locales\en.lua - encrypted
data\locales\es.lua - lua bytecode encrypted
data\locales\es.lua - encrypted
data\locales\pl.lua - lua bytecode encrypted
data\locales\pl.lua - encrypted
data\locales\pt.lua - lua bytecode encrypted
data\locales\pt.lua - encrypted
data\locales\sv.lua - lua bytecode encrypted
data\locales\sv.lua - encrypted
data\normalmaps\README.md - encrypted
data\particles\particle.png - encrypted
data\particles\particles.otps - encrypted
data\shaders\background_particles_fragment.frag - encrypted
data\shaders\entergame_glow_fragment.frag - encrypted
data\shaders\healthbar_bg.frag - encrypted
data\shaders\healthbar_bg_1.frag - encrypted
data\shaders\healthbar_bg_2.frag - encrypted
data\shaders\healthbar_bg_3.frag - encrypted
data\shaders\healthbar_bg_4.frag - encrypted
data\shaders\item_tier_1.frag - encrypted
data\shaders\item_tier_10.frag - encrypted
data\shaders\item_tier_2.frag - encrypted
data\shaders\item_tier_3.frag - encrypted
data\shaders\item_tier_4.frag - encrypted
data\shaders\item_tier_5.frag - encrypted
data\shaders\item_tier_6.frag - encrypted
data\shaders\item_tier_7.frag - encrypted
data\shaders\item_tier_8.frag - encrypted
data\shaders\item_tier_9.frag - encrypted
data\shaders\item_tier_fragment.frag - encrypted
data\shaders\item_tier_vertex.frag - encrypted
data\shaders\map_cloudy_fade_out_fragment.frag - encrypted
data\shaders\map_cloudy_fragment.frag - encrypted
data\shaders\map_cloudy_vertex.frag - encrypted
data\shaders\map_default_fragment.frag - encrypted
data\shaders\map_default_vertex.frag - encrypted
data\shaders\map_fade_in_fragment.frag - encrypted
data\shaders\map_fade_out_fragment.frag - encrypted
data\shaders\map_lens_fragment.frag - encrypted
data\shaders\map_overlay_dim_fragment.frag - encrypted
data\shaders\map_rainbow_fragment.frag - encrypted
data\shaders\map_rainbow_vertex.frag - encrypted
data\shaders\map_toph_fragment.frag - encrypted
data\shaders\novos\amazin\outfit_monsterrarity_holy_fragment.frag - encrypted
data\shaders\novos\amazin\outfit_monsterrarity_holy_vertex.frag - encrypted
data\shaders\novos\aqua.png - encrypted
data\shaders\novos\border_glow_fragment.frag - encrypted
data\shaders\novos\border_glow_vertex.frag - encrypted
data\shaders\novos\contrast2_fragment.frag - encrypted
data\shaders\novos\contrast_fragment.frag - encrypted
data\shaders\novos\contrast_vertex.frag - encrypted
data\shaders\novos\cosmetic_transition_fragment.frag - encrypted
data\shaders\novos\deuteranopia_fragment.frag - encrypted
data\shaders\novos\deuteranopia_vertex.frag - encrypted
data\shaders\novos\done\outfit_colorizingWave_fragment.frag - encrypted
data\shaders\novos\done\outfit_colorizingWave_vertex.frag - encrypted
data\shaders\novos\done\outfit_matrixFall_fragment.frag - encrypted
data\shaders\novos\done\outfit_matrixFall_vertex.frag - encrypted
data\shaders\novos\done\outfit_rainbowRGB_fragment.frag - encrypted
data\shaders\novos\done\outfit_rainbowRGB_vertex.frag - encrypted
data\shaders\novos\done\outfit_rainbowWave_fragment.frag - encrypted
data\shaders\novos\done\outfit_rainbowWave_vertex.frag - encrypted
data\shaders\novos\done\outfit_redGlow_fragment.frag - encrypted
data\shaders\novos\done\outfit_redGlow_vertex.frag - encrypted
data\shaders\novos\done\outfit_shine_fragment.frag - encrypted
data\shaders\novos\done\outfit_shine_vertex.frag - encrypted
data\shaders\novos\done\outfit_starsLinkDarken_fragment.frag - encrypted
data\shaders\novos\done\outfit_starsLinkDarken_vertex.frag - encrypted
data\shaders\novos\done\outfit_starsRainbowNebula_fragment.frag - encrypted
data\shaders\novos\done\outfit_starsRainbowNebula_vertex.frag - encrypted
data\shaders\novos\glitch_relentless_fragment.frag - encrypted
data\shaders\novos\glitch_relentless_vertex.frag - encrypted
data\shaders\novos\goldglow_fragment.frag - encrypted
data\shaders\novos\goldglow_vertex.frag - encrypted
data\shaders\novos\greenwaves_fragment.frag - encrypted
data\shaders\novos\item\rarity_corrupted.frag - encrypted
data\shaders\novos\item\rarity_epic.frag - encrypted
data\shaders\novos\item\rarity_legendary.frag - encrypted
data\shaders\novos\item\rarity_rare.frag - encrypted
data\shaders\novos\item\rarity_uncommon.frag - encrypted
data\shaders\novos\item_transmute_blackout_fragment.frag - encrypted
data\shaders\novos\item_transmute_blackout_vertex.frag - encrypted
data\shaders\novos\item_transmute_dust_dissolve_fragment.frag - encrypted
data\shaders\novos\item_transmute_dust_dissolve_vertex.frag - encrypted
data\shaders\novos\item_transmute_hide_fragment.frag - encrypted
data\shaders\novos\item_transmute_hide_vertex.frag - encrypted
data\shaders\novos\item_transmute_outline_fail_fragment.frag - encrypted
data\shaders\novos\item_transmute_outline_success_fragment.frag - encrypted
data\shaders\novos\item_transmute_reveal_fragment.frag - encrypted
data\shaders\novos\item_transmute_reveal_vertex.frag - encrypted
data\shaders\novos\item_transmute_shatter_fragment.frag - encrypted
data\shaders\novos\item_transmute_shatter_vertex.frag - encrypted
data\shaders\novos\item_transmute_tierup_aura_fragment.frag - encrypted
data\shaders\novos\item_transmute_tierup_edge_fragment.frag - encrypted
data\shaders\novos\lib\compat.glsl - encrypted
data\shaders\novos\map_aurora_fragment.frag - encrypted
data\shaders\novos\map_aurora_vertex.frag - encrypted
data\shaders\novos\map_blur_high_fragment.frag - encrypted
data\shaders\novos\map_blur_high_vertex.frag - encrypted
data\shaders\novos\map_blur_low_fragment.frag - encrypted
data\shaders\novos\map_blur_low_vertex.frag - encrypted
data\shaders\novos\map_blur_medium_fragment.frag - encrypted
data\shaders\novos\map_blur_medium_vertex.frag - encrypted
data\shaders\novos\map_cloudy_fragment.frag - encrypted
data\shaders\novos\map_cloudy_vertex.frag - encrypted
data\shaders\novos\map_crystalcavern_fragment.frag - encrypted
data\shaders\novos\map_crystalcavern_vertex.frag - encrypted
data\shaders\novos\map_deathgas_fragment.frag - encrypted
data\shaders\novos\map_deathgas_vertex.frag - encrypted
data\shaders\novos\map_default_fragment.frag - encrypted
data\shaders\novos\map_default_vertex.frag - encrypted
data\shaders\novos\map_dreamworld_fragment.frag - encrypted
data\shaders\novos\map_dreamworld_vertex.frag - encrypted
data\shaders\novos\map_drunk_fragment.frag - encrypted
data\shaders\novos\map_drunk_vertex.frag - encrypted
data\shaders\novos\map_firestorm_blue_fragment.frag - encrypted
data\shaders\novos\map_firestorm_blue_vertex.frag - encrypted
data\shaders\novos\map_firestorm_fragment.frag - encrypted
data\shaders\novos\map_firestorm_green_fragment.frag - encrypted
data\shaders\novos\map_firestorm_green_vertex.frag - encrypted
data\shaders\novos\map_firestorm_intense_fragment.frag - encrypted
data\shaders\novos\map_firestorm_intense_vertex.frag - encrypted
data\shaders\novos\map_firestorm_purple_fragment.frag - encrypted
data\shaders\novos\map_firestorm_purple_vertex.frag - encrypted
data\shaders\novos\map_firestorm_subtle_fragment.frag - encrypted
data\shaders\novos\map_firestorm_subtle_vertex.frag - encrypted
data\shaders\novos\map_firestorm_vertex.frag - encrypted
data\shaders\novos\map_fog_fragment.frag - encrypted
data\shaders\novos\map_fog_vertex.frag - encrypted
data\shaders\novos\map_frozen_fragment.frag - encrypted
data\shaders\novos\map_frozen_vertex.frag - encrypted
data\shaders\novos\map_heatwave_fragment.frag - encrypted
data\shaders\novos\map_heatwave_vertex.frag - encrypted
data\shaders\novos\map_moonlight_fragment.frag - encrypted
data\shaders\novos\map_moonlight_vertex.frag - encrypted
data\shaders\novos\map_nightmare_fragment.frag - encrypted
data\shaders\novos\map_nightmare_vertex.frag - encrypted
data\shaders\novos\map_rainbow_fragment.frag - encrypted
data\shaders\novos\map_rainbow_vertex.frag - encrypted
data\shaders\novos\map_rain_fragment.frag - encrypted
data\shaders\novos\map_rain_vertex.frag - encrypted
data\shaders\novos\map_sandstorm_fragment.frag - encrypted
data\shaders\novos\map_sandstorm_vertex.frag - encrypted
data\shaders\novos\map_shader330_fragment.frag - encrypted
data\shaders\novos\map_shader330_vertex.frag - encrypted
data\shaders\novos\map_shadowrealm_fragment.frag - encrypted
data\shaders\novos\map_shadowrealm_vertex.frag - encrypted
data\shaders\novos\map_snow_fragment.frag - encrypted
data\shaders\novos\map_snow_vertex.frag - encrypted
data\shaders\novos\map_sunset_fragment.frag - encrypted
data\shaders\novos\map_sunset_vertex.frag - encrypted
data\shaders\novos\map_thunderstorm_fragment.frag - encrypted
data\shaders\novos\map_thunderstorm_vertex.frag - encrypted
data\shaders\novos\map_toxicfog_fragment.frag - encrypted
data\shaders\novos\map_toxicfog_vertex.frag - encrypted
data\shaders\novos\map_underwater_fragment.frag - encrypted
data\shaders\novos\map_underwater_vertex.frag - encrypted
data\shaders\novos\map_vignette_fragment.frag - encrypted
data\shaders\novos\map_vignette_vertex.frag - encrypted
data\shaders\novos\map_visionlimit_fragment.frag - encrypted
data\shaders\novos\map_visionlimit_vertex.frag - encrypted
data\shaders\novos\map_volcanoash_fragment.frag - encrypted
data\shaders\novos\map_volcanoash_vertex.frag - encrypted
data\shaders\novos\name_chromatic_fragment.frag - encrypted
data\shaders\novos\name_fire_fragment.frag - encrypted
data\shaders\novos\name_glitch_fragment.frag - encrypted
data\shaders\novos\name_gold_fragment.frag - encrypted
data\shaders\novos\name_gradient_blue_fragment.frag - encrypted
data\shaders\novos\name_ice_fragment.frag - encrypted
data\shaders\novos\name_matrix_fragment.frag - encrypted
data\shaders\novos\name_neon_fragment.frag - encrypted
data\shaders\novos\name_phantom_fragment.frag - encrypted
data\shaders\novos\name_pulse_fragment.frag - encrypted
data\shaders\novos\name_rainbow_fragment.frag - encrypted
data\shaders\novos\name_shadow_fragment.frag - encrypted
data\shaders\novos\name_static_fragment.frag - encrypted
data\shaders\novos\name_vertex.frag - encrypted
data\shaders\novos\name_wave_fragment.frag - encrypted
data\shaders\novos\news\blur.vert - encrypted
data\shaders\novos\news\chromatic-aberration.frag - encrypted
data\shaders\novos\news\combine.frag - encrypted
data\shaders\novos\news\convolve-1d.frag - encrypted
data\shaders\novos\news\copy.frag - encrypted
data\shaders\novos\news\crt.frag - encrypted
data\shaders\novos\news\default.vert - encrypted
data\shaders\novos\news\film-grain.frag - encrypted
data\shaders\novos\news\fisheye.frag - encrypted
data\shaders\novos\news\fisheye_vertex.frag - encrypted
data\shaders\novos\news\fxaa.frag - encrypted
data\shaders\novos\news\gamma-threshold.frag - encrypted
data\shaders\novos\news\lens-flare.frag - encrypted
data\shaders\novos\news\levels.frag - encrypted
data\shaders\novos\news\mix.frag - encrypted
data\shaders\novos\news\nfaa.frag - encrypted
data\shaders\novos\news\old-tv.frag - encrypted
data\shaders\novos\news\radial-blur_fragment.frag - encrypted
data\shaders\novos\news\radial-blur_vertex.vert - encrypted
data\shaders\novos\news\radial-distortion.frag - encrypted
data\shaders\novos\news\screenspace.vert - encrypted
data\shaders\novos\news\vignetting.frag - encrypted
data\shaders\novos\news\water-distortion.frag - encrypted
data\shaders\novos\news\zoom.frag - encrypted
data\shaders\novos\news\zoom.vert - encrypted
data\shaders\novos\outfit_arcane_overlay_fragment.frag - encrypted
data\shaders\novos\outfit_arcane_overlay_vertex.frag - encrypted
data\shaders\novos\outfit_blessed_error_fragment.frag - encrypted
data\shaders\novos\outfit_blessed_fragment.frag - encrypted
data\shaders\novos\outfit_blessed_vertex.frag - encrypted
data\shaders\novos\outfit_bounce_fragment.frag - encrypted
data\shaders\novos\outfit_bounce_high_blue_fragment.frag - encrypted
data\shaders\novos\outfit_bounce_high_fragment.frag - encrypted
data\shaders\novos\outfit_bounce_high_green_fragment.frag - encrypted
data\shaders\novos\outfit_bounce_high_vertex.frag - encrypted
data\shaders\novos\outfit_bounce_sideways_fragment.frag - encrypted
data\shaders\novos\outfit_bounce_sideways_vertex.frag - encrypted
data\shaders\novos\outfit_bounce_vertex.frag - encrypted
data\shaders\novos\outfit_brazil_fragment.frag - encrypted
data\shaders\novos\outfit_brazil_vertex.frag - encrypted
data\shaders\novos\outfit_bubble_blue_fragment.frag - encrypted
data\shaders\novos\outfit_bubble_fragment.frag - encrypted
data\shaders\novos\outfit_bubble_green_fragment.frag - encrypted
data\shaders\novos\outfit_bubble_vertex.frag - encrypted
data\shaders\novos\outfit_bubble_watery_vertex.frag - encrypted
data\shaders\novos\outfit_camouflage_fragment.frag - encrypted
data\shaders\novos\outfit_camouflage_vertex.frag - encrypted
data\shaders\novos\outfit_celestial_radiance_vertex.frag - encrypted
data\shaders\novos\outfit_circle2_fragment.frag - encrypted
data\shaders\novos\outfit_circle2_vertex.frag - encrypted
data\shaders\novos\outfit_circle3_fragment.frag - encrypted
data\shaders\novos\outfit_circle3_vertex.frag - encrypted
data\shaders\novos\outfit_circle4_fragment.frag - encrypted
data\shaders\novos\outfit_circle4_vertex.frag - encrypted
data\shaders\novos\outfit_circle_fragment.frag - encrypted
data\shaders\novos\outfit_circle_vertex.frag - encrypted
data\shaders\novos\outfit_colorizingWave_fragment.frag - encrypted
data\shaders\novos\outfit_colorizingWave_vertex.frag - encrypted
data\shaders\novos\outfit_cosmic_flow_fragment.frag - encrypted
data\shaders\novos\outfit_cosmic_flow_vertex.frag - encrypted
data\shaders\novos\outfit_cosmic_fragment.frag - encrypted
data\shaders\novos\outfit_cosmic_vertex.frag - encrypted
data\shaders\novos\outfit_cosmos_fragment.frag - encrypted
data\shaders\novos\outfit_cosmos_vertex.frag - encrypted
data\shaders\novos\outfit_cursed_fragment.frag - encrypted
data\shaders\novos\outfit_cursed_vertex.frag - encrypted
data\shaders\novos\outfit_cyber_glitch_fragment.frag - encrypted
data\shaders\novos\outfit_cyber_glitch_vertex.frag - encrypted
data\shaders\novos\outfit_cyber_matrix_fragment.frag - encrypted
data\shaders\novos\outfit_cyber_matrix_vertex.frag - encrypted
data\shaders\novos\outfit_default_fragment.frag - encrypted
data\shaders\novos\outfit_default_vertex.frag - encrypted
data\shaders\novos\outfit_drunk_fragment.frag - encrypted
data\shaders\novos\outfit_drunk_vertex.frag - encrypted
data\shaders\novos\outfit_dual_energy_fragment.frag - encrypted
data\shaders\novos\outfit_dual_glitter_fragment.frag - encrypted
data\shaders\novos\outfit_dual_texture_fragment.frag - encrypted
data\shaders\novos\outfit_dual_texture_vertex.frag - encrypted
data\shaders\novos\outfit_electric_eel_fragment.frag - encrypted
data\shaders\novos\outfit_electric_eel_vertex.frag - encrypted
data\shaders\novos\outfit_electric_fragment.frag - encrypted
data\shaders\novos\outfit_electric_goldgreen_fragment.frag - encrypted
data\shaders\novos\outfit_electric_goldgreen_vertex.frag - encrypted
data\shaders\novos\outfit_electric_green_fragment.frag - encrypted
data\shaders\novos\outfit_electric_green_vertex.frag - encrypted
data\shaders\novos\outfit_electric_purple_fragment.frag - encrypted
data\shaders\novos\outfit_electric_purple_vertex.frag - encrypted
data\shaders\novos\outfit_electric_red_fragment.frag - encrypted
data\shaders\novos\outfit_electric_red_vertex.frag - encrypted
data\shaders\novos\outfit_electric_southeast_fragment.frag - encrypted
data\shaders\novos\outfit_electric_southeast_vertex.frag - encrypted
data\shaders\novos\outfit_electric_vertex.frag - encrypted
data\shaders\novos\outfit_falling_stars_fragment.frag - encrypted
data\shaders\novos\outfit_falling_stars_vertex.frag - encrypted
data\shaders\novos\outfit_fire_fragment.frag - encrypted
data\shaders\novos\outfit_fire_vertex.frag - encrypted
data\shaders\novos\outfit_fizzy_blue_fragment.frag - encrypted
data\shaders\novos\outfit_fizzy_fragment.frag - encrypted
data\shaders\novos\outfit_fizzy_green_fragment.frag - encrypted
data\shaders\novos\outfit_fizzy_guitar_fragment.frag - encrypted
data\shaders\novos\outfit_fizzy_guitar_vertex.frag - encrypted
data\shaders\novos\outfit_fizzy_pink_fragment.frag - encrypted
data\shaders\novos\outfit_fizzy_purple_fragment.frag - encrypted
data\shaders\novos\outfit_fizzy_vertex.frag - encrypted
data\shaders\novos\outfit_flame_knight_fragment.frag - encrypted
data\shaders\novos\outfit_flame_knight_vertex.frag - encrypted
data\shaders\novos\outfit_fractal_flame_fragment.frag - encrypted
data\shaders\novos\outfit_fractal_flame_vertex.frag - encrypted
data\shaders\novos\outfit_ghost_fragment.frag - encrypted
data\shaders\novos\outfit_ghost_vertex.frag - encrypted
data\shaders\novos\outfit_glitch_fragment.frag - encrypted
data\shaders\novos\outfit_glitch_vertex.frag - encrypted
data\shaders\novos\outfit_glittering_ruby_fragment.frag - encrypted
data\shaders\novos\outfit_glittering_ruby_vertex.frag - encrypted
data\shaders\novos\outfit_glitter_oceangreen_fragment.frag - encrypted
data\shaders\novos\outfit_glitter_oceangreen_vertex.frag - encrypted
data\shaders\novos\outfit_glitter_purple_fragment.frag - encrypted
data\shaders\novos\outfit_glitter_purple_vertex.frag - encrypted
data\shaders\novos\outfit_glitter_twitch_fragment.frag - encrypted
data\shaders\novos\outfit_glitter_twitch_vertex.frag - encrypted
data\shaders\novos\outfit_gold_fragment.frag - encrypted
data\shaders\novos\outfit_gold_vertex.frag - encrypted
data\shaders\novos\outfit_goofy_stretchy_fragment.frag - encrypted
data\shaders\novos\outfit_goofy_stretchy_vertex.frag - encrypted
data\shaders\novos\outfit_grayscale.frag - encrypted
data\shaders\novos\outfit_grayscale_vertex.frag - encrypted
data\shaders\novos\outfit_hologram_glitch_fragment.frag - encrypted
data\shaders\novos\outfit_hologram_glitch_vertex.frag - encrypted
data\shaders\novos\outfit_huegreen_fragment.frag - encrypted
data\shaders\novos\outfit_huegreen_vertex.frag - encrypted
data\shaders\novos\outfit_inverted_fragment.frag - encrypted
data\shaders\novos\outfit_inverted_vertex.frag - encrypted
data\shaders\novos\outfit_jello_fragment.frag - encrypted
data\shaders\novos\outfit_jello_vertex.frag - encrypted
data\shaders\novos\outfit_jumping_fixed_fragment.frag - encrypted
data\shaders\novos\outfit_jumping_fixed_vertex.frag - encrypted
data\shaders\novos\outfit_jumping_fragment.frag - encrypted
data\shaders\novos\outfit_jumping_vertex.frag - encrypted
data\shaders\novos\outfit_lava_fragment.frag - encrypted
data\shaders\novos\outfit_lava_vertex.frag - encrypted
data\shaders\novos\outfit_lightning_storm_fragment.frag - encrypted
data\shaders\novos\outfit_lightning_storm_vertex.frag - encrypted
data\shaders\novos\outfit_line_fragment.frag - encrypted
data\shaders\novos\outfit_line_vertex.frag - encrypted
data\shaders\novos\outfit_matrixFall_fragment.frag - encrypted
data\shaders\novos\outfit_matrixFall_vertex.frag - encrypted
data\shaders\novos\outfit_metallic_bronze_fragment.frag - encrypted
data\shaders\novos\outfit_metallic_bronze_vertex.frag - encrypted
data\shaders\novos\outfit_metallic_fragment.frag - encrypted
data\shaders\novos\outfit_metallic_gold_fragment.frag - encrypted
data\shaders\novos\outfit_metallic_gold_vertex.frag - encrypted
data\shaders\novos\outfit_metallic_purple_fragment.frag - encrypted
data\shaders\novos\outfit_metallic_purple_vertex.frag - encrypted
data\shaders\novos\outfit_metallic_silver_fragment.frag - encrypted
data\shaders\novos\outfit_metallic_silver_vertex.frag - encrypted
data\shaders\novos\outfit_metallic_vertex.frag - encrypted
data\shaders\novos\outfit_mexican_fiesta_fragment.frag - encrypted
data\shaders\novos\outfit_mexican_fiesta_vertex.frag - encrypted
data\shaders\novos\outfit_midget_fragment.frag - encrypted
data\shaders\novos\outfit_midget_vertex.frag - encrypted
data\shaders\novos\outfit_molten_crystal_fragment.frag - encrypted
data\shaders\novos\outfit_molten_crystal_vertex.frag - encrypted
data\shaders\novos\outfit_monsterrarity_cosmos_fragment.frag - encrypted
data\shaders\novos\outfit_monsterrarity_cosmos_vertex.frag - encrypted
data\shaders\novos\outfit_monsterrarity_death_vertex.frag - encrypted
data\shaders\novos\outfit_monsterrarity_earth_fragment.frag - encrypted
data\shaders\novos\outfit_monsterrarity_earth_vertex.frag - encrypted
data\shaders\novos\outfit_monsterrarity_energy_fragment.frag - encrypted
data\shaders\novos\outfit_monsterrarity_energy_vertex.frag - encrypted
data\shaders\novos\outfit_monsterrarity_fire_fragment.frag - encrypted
data\shaders\novos\outfit_monsterrarity_fire_vertex.frag - encrypted
data\shaders\novos\outfit_monsterrarity_holy_fragment.frag - encrypted
data\shaders\novos\outfit_monsterrarity_holy_vertex.frag - encrypted
data\shaders\novos\outfit_monsterrarity_ice_fragment.frag - encrypted
data\shaders\novos\outfit_monsterrarity_ice_vertex.frag - encrypted
data\shaders\novos\outfit_mystical_aura_fragment.frag - encrypted
data\shaders\novos\outfit_mystical_aura_vertex.frag - encrypted
data\shaders\novos\outfit_neon_cyber_fragment.frag - encrypted
data\shaders\novos\outfit_neon_cyber_vertex.frag - encrypted
data\shaders\novos\outfit_neon_green_fragment.frag - encrypted
data\shaders\novos\outfit_neon_green_vertex.frag - encrypted
data\shaders\novos\outfit_neon_purple_fragment.frag - encrypted
data\shaders\novos\outfit_neon_purple_vertex.frag - encrypted
data\shaders\novos\outfit_neon_red_fragment.frag - encrypted
data\shaders\novos\outfit_neon_red_vertex.frag - encrypted
data\shaders\novos\outfit_onsale_fragment.frag - encrypted
data\shaders\novos\outfit_onsale_vertex.frag - encrypted
data\shaders\novos\outfit_outlineblack_fragment.frag - encrypted
data\shaders\novos\outfit_outlineblack_vertex.frag - encrypted
data\shaders\novos\outfit_outlinegreen_fragment.frag - encrypted
data\shaders\novos\outfit_outlinegreen_vertex.frag - encrypted
data\shaders\novos\outfit_outlinegrey_fragment.frag - encrypted
data\shaders\novos\outfit_outlinegrey_vertex.frag - encrypted
data\shaders\novos\outfit_outlinered_fragment.frag - encrypted
data\shaders\novos\outfit_outlinered_vertex.frag - encrypted
data\shaders\novos\outfit_outlinewhite_fragment.frag - encrypted
data\shaders\novos\outfit_outlinewhite_vertex.frag - encrypted
data\shaders\novos\outfit_outlineyellow_fragment.frag - encrypted
data\shaders\novos\outfit_outlineyellow_vertex.frag - encrypted
data\shaders\novos\outfit_outline_fragment.frag - encrypted
data\shaders\novos\outfit_outline_vertex.frag - encrypted
data\shaders\novos\outfit_overtexture_shimmering_fragment.frag - encrypted
data\shaders\novos\outfit_overtexture_shimmering_vertex.frag - encrypted
data\shaders\novos\outfit_pantone_gradient_fragment.frag - encrypted
data\shaders\novos\outfit_pantone_gradient_vertex.frag - encrypted
data\shaders\novos\outfit_pantone_spectrum_fragment.frag - encrypted
data\shaders\novos\outfit_pantone_spectrum_vertex.frag - encrypted
data\shaders\novos\outfit_pixelated_fragment.frag - encrypted
data\shaders\novos\outfit_pixelated_vertex.frag - encrypted
data\shaders\novos\outfit_pixel_lava_fragment.frag - encrypted
data\shaders\novos\outfit_pixel_lava_vertex.frag - encrypted
data\shaders\novos\outfit_plasmic_fast_fragment.frag - encrypted
data\shaders\novos\outfit_plasmic_fast_vertex.frag - encrypted
data\shaders\novos\outfit_plasmic_fragment.frag - encrypted
data\shaders\novos\outfit_plasmic_ocean_fragment.frag - encrypted
data\shaders\novos\outfit_plasmic_ocean_vertex.frag - encrypted
data\shaders\novos\outfit_plasmic_purple_fragment.frag - encrypted
data\shaders\novos\outfit_plasmic_purple_vertex.frag - encrypted
data\shaders\novos\outfit_plasmic_toxic_fragment.frag - encrypted
data\shaders\novos\outfit_plasmic_toxic_vertex.frag - encrypted
data\shaders\novos\outfit_plasmic_vertex.frag - encrypted
data\shaders\novos\outfit_poisoned_fragment.frag - encrypted
data\shaders\novos\outfit_poisoned_vertex.frag - encrypted
data\shaders\novos\outfit_prismatic_downward_fragment.frag - encrypted
data\shaders\novos\outfit_prismatic_downward_vertex.frag - encrypted
data\shaders\novos\outfit_prismatic_fragment.frag - encrypted
data\shaders\novos\outfit_prismatic_vertex.frag - encrypted
data\shaders\novos\outfit_pulsing_rings_fragment.frag - encrypted
data\shaders\novos\outfit_pulsing_rings_vertex.frag - encrypted
data\shaders\novos\outfit_purpleneon_fragment.frag - encrypted
data\shaders\novos\outfit_purpleneon_vertex.frag - encrypted
data\shaders\novos\outfit_purplesky_fragment.frag - encrypted
data\shaders\novos\outfit_purplesky_vertex.frag - encrypted
data\shaders\novos\outfit_rainbowRGB_fragment.frag - encrypted
data\shaders\novos\outfit_rainbowRGB_vertex.frag - encrypted
data\shaders\novos\outfit_rainbowWave_fragment.frag - encrypted
data\shaders\novos\outfit_rainbowWave_vertex.frag - encrypted
data\shaders\novos\outfit_rainbow_basic_fragment.frag - encrypted
data\shaders\novos\outfit_rainbow_basic_vertex.frag - encrypted
data\shaders\novos\outfit_rainbow_cascade_fragment.frag - encrypted
data\shaders\novos\outfit_rainbow_cascade_vertex.frag - encrypted
data\shaders\novos\outfit_rainbow_epilepsy_fragment.frag - encrypted
data\shaders\novos\outfit_rainbow_epilepsy_vertex.frag - encrypted
data\shaders\novos\outfit_rainbow_fast_fragment.frag - encrypted
data\shaders\novos\outfit_rainbow_fast_vertex.frag - encrypted
data\shaders\novos\outfit_rainbow_fragment.frag - encrypted
data\shaders\novos\outfit_rainbow_mutation_fragment.frag - encrypted
data\shaders\novos\outfit_rainbow_mutation_vertex.frag - encrypted
data\shaders\novos\outfit_rainbow_ripple_fragment.frag - encrypted
data\shaders\novos\outfit_rainbow_ripple_vertex.frag - encrypted
data\shaders\novos\outfit_rainbow_turbo_fragment.frag - encrypted
data\shaders\novos\outfit_rainbow_turbo_vertex.frag - encrypted
data\shaders\novos\outfit_rainbow_vertex.frag - encrypted
data\shaders\novos\outfit_redGlow_fragment.frag - encrypted
data\shaders\novos\outfit_redGlow_vertex.frag - encrypted
data\shaders\novos\outfit_retro_pixelated_fragment.frag - encrypted
data\shaders\novos\outfit_retro_pixelated_vertex.frag - encrypted
data\shaders\novos\outfit_ruby_fragment.frag - encrypted
data\shaders\novos\outfit_ruby_vertex.frag - encrypted
data\shaders\novos\outfit_shadow_cloak_fragment.frag - encrypted
data\shaders\novos\outfit_shadow_cloak_vertex.frag - encrypted
data\shaders\novos\outfit_shimmering_fragment.frag - encrypted
data\shaders\novos\outfit_shimmering_vertex.frag - encrypted
data\shaders\novos\outfit_shine_fragment.frag - encrypted
data\shaders\novos\outfit_shine_vertex.frag - encrypted
data\shaders\novos\outfit_shockwave_fragment.frag - encrypted
data\shaders\novos\outfit_shockwave_vertex.frag - encrypted
data\shaders\novos\outfit_silly_googly_fragment.frag - encrypted
data\shaders\novos\outfit_silly_googly_vertex.frag - encrypted
data\shaders\novos\outfit_snow_fragment.frag - encrypted
data\shaders\novos\outfit_snow_vertex.frag - encrypted
data\shaders\novos\outfit_split_fragment.frag - encrypted
data\shaders\novos\outfit_split_vertex.frag - encrypted
data\shaders\novos\outfit_stargaze_fragment.frag - encrypted
data\shaders\novos\outfit_stargaze_vertex.frag - encrypted
data\shaders\novos\outfit_starsLinkDarken_fragment.frag - encrypted
data\shaders\novos\outfit_starsLinkDarken_vertex.frag - encrypted
data\shaders\novos\outfit_starsover2_fragment.frag - encrypted
data\shaders\novos\outfit_starsover3_fragment.frag - encrypted
data\shaders\novos\outfit_starsover4_fragment.frag - encrypted
data\shaders\novos\outfit_starsover_fragment.frag - encrypted
data\shaders\novos\outfit_starsover_improved_vertex.frag - encrypted
data\shaders\novos\outfit_starsover_vertex.frag - encrypted
data\shaders\novos\outfit_starsRainbowNebula_vertex.frag - encrypted
data\shaders\novos\outfit_static_noise_fragment.frag - encrypted
data\shaders\novos\outfit_static_noise_vertex.frag - encrypted
data\shaders\novos\outfit_swamp_bugs_fragment.frag - encrypted
data\shaders\novos\outfit_swamp_bugs_vertex.frag - encrypted
data\shaders\novos\outfit_swamp_fragment.frag - encrypted
data\shaders\novos\outfit_swamp_vertex.frag - encrypted
data\shaders\novos\outfit_tall_fragment.frag - encrypted
data\shaders\novos\outfit_tall_vertex.frag - encrypted
data\shaders\novos\outfit_testMovingImg_fragment.frag - encrypted
data\shaders\novos\outfit_testMovingImg_vertex.frag - encrypted
data\shaders\novos\outfit_textured_rings_fragment.frag - encrypted
data\shaders\novos\outfit_textured_rings_vertex.frag - encrypted
data\shaders\novos\outfit_toph_fragment.frag - encrypted
data\shaders\novos\outfit_toph_vertex.frag - encrypted
data\shaders\novos\outfit_trippy_fragment.frag - encrypted
data\shaders\novos\outfit_trippy_vertex.frag - encrypted
data\shaders\novos\outfit_tunnel_vortex_blue_fragment.frag - encrypted
data\shaders\novos\outfit_tunnel_vortex_blue_vertex.frag - encrypted
data\shaders\novos\outfit_tunnel_vortex_fragment.frag - encrypted
data\shaders\novos\outfit_tunnel_vortex_gold_fragment.frag - encrypted
data\shaders\novos\outfit_tunnel_vortex_gold_vertex.frag - encrypted
data\shaders\novos\outfit_tunnel_vortex_green_fragment.frag - encrypted
data\shaders\novos\outfit_tunnel_vortex_green_vertex.frag - encrypted
data\shaders\novos\outfit_tunnel_vortex_neon_fragment.frag - encrypted
data\shaders\novos\outfit_tunnel_vortex_neon_vertex.frag - encrypted
data\shaders\novos\outfit_tunnel_vortex_purple_fragment.frag - encrypted
data\shaders\novos\outfit_tunnel_vortex_purple_vertex.frag - encrypted
data\shaders\novos\outfit_tunnel_vortex_red_fragment.frag - encrypted
data\shaders\novos\outfit_tunnel_vortex_red_vertex.frag - encrypted
data\shaders\novos\outfit_tunnel_vortex_vertex.frag - encrypted
data\shaders\novos\outfit_velvet_fragment.frag - encrypted
data\shaders\novos\outfit_velvet_vertex.frag - encrypted
data\shaders\novos\outfit_vortex_fragment.frag - encrypted
data\shaders\novos\outfit_vortex_glitter_fragment.frag - encrypted
data\shaders\novos\outfit_vortex_glitter_vertex.frag - encrypted
data\shaders\novos\outfit_vortex_vertex.frag - encrypted
data\shaders\novos\outfit_wave_fragment.frag - encrypted
data\shaders\novos\outfit_wave_vertex.frag - encrypted
data\shaders\novos\outfit_whiplash_fragment.frag - encrypted
data\shaders\novos\outfit_whiplash_vertex.frag - encrypted
data\shaders\novos\outline\outfit_outlineblack_fragment.frag - encrypted
data\shaders\novos\outline\outfit_outlineblack_vertex.frag - encrypted
data\shaders\novos\outline\outfit_outlinegreen_fragment.frag - encrypted
data\shaders\novos\outline\outfit_outlinegreen_vertex.frag - encrypted
data\shaders\novos\outline\outfit_outlinegrey_fragment.frag - encrypted
data\shaders\novos\outline\outfit_outlinegrey_vertex.frag - encrypted
data\shaders\novos\outline\outfit_outlinered_fragment.frag - encrypted
data\shaders\novos\outline\outfit_outlinered_vertex.frag - encrypted
data\shaders\novos\outline\outline_rainbow_fragment.frag - encrypted
data\shaders\novos\outline\outline_red_fragment.frag - encrypted
data\shaders\novos\outlinered_fragment.frag - encrypted
data\shaders\novos\outlinered_vertex.frag - encrypted
data\shaders\novos\outline_rainbow_fragment.frag - encrypted
data\shaders\novos\outline_rainbow_vertex.frag - encrypted
data\shaders\novos\outline_red_fragment.frag - encrypted
data\shaders\novos\outline_red_vertex.frag - encrypted
data\shaders\novos\outline_testOutline_fragment.frag - encrypted
data\shaders\novos\outline_testOutline_vertex.frag - encrypted
data\shaders\novos\protanopia_fragment.frag - encrypted
data\shaders\novos\protanopia_vertex.frag - encrypted
data\shaders\novos\rainbow_fragment.frag - encrypted
data\shaders\novos\rainbow_vertex.frag - encrypted
data\shaders\novos\redwaves_fragment.frag - encrypted
data\shaders\novos\redwaves_vertex.frag - encrypted
data\shaders\novos\retro_fragment.frag - encrypted
data\shaders\novos\retro_vertex.frag - encrypted
data\shaders\novos\ruby.png - encrypted
data\shaders\novos\small_fragment.frag - encrypted
data\shaders\novos\small_vertex.frag - encrypted
data\shaders\novos\tritanopia_fragment.frag - encrypted
data\shaders\novos\tritanopia_vertex.frag - encrypted
data\shaders\novos\ui\tooltip_epic_fragment.frag - encrypted
data\shaders\novos\ui\tooltip_gradient_vertex.frag - encrypted
data\shaders\novos\ui\tooltip_legendary_fragment.frag - encrypted
data\shaders\novos\ui\tooltip_mythic_fragment.frag - encrypted
data\shaders\novos\ui\tooltip_rare_fragment.frag - encrypted
data\shaders\novos\ui\tooltip_strange_fragment.frag - encrypted
data\shaders\novos\ui\ui_chance_bar_fragment.frag - encrypted
data\shaders\novos\ui\ui_chance_bar_vertex.frag - encrypted
data\shaders\novos\ui\ui_corrupted_fragment.frag - encrypted
data\shaders\novos\ui\ui_corrupted_vertex.frag - encrypted
data\shaders\novos\ui\ui_epic_fragment.frag - encrypted
data\shaders\novos\ui\ui_epic_vertex.frag - encrypted
data\shaders\novos\ui\ui_goldglitter_fragment.frag - encrypted
data\shaders\novos\ui\ui_goldglitter_vertex.frag - encrypted
data\shaders\novos\ui\ui_grayscale_blur_fragment.frag - encrypted
data\shaders\novos\ui\ui_grayscale_fragment.frag - encrypted
data\shaders\novos\ui\ui_grayscale_vertex.frag - encrypted
data\shaders\novos\ui\ui_legendary_fragment.frag - encrypted
data\shaders\novos\ui\ui_legendary_vertex.frag - encrypted
data\shaders\novos\ui\ui_mythic_fragment.frag - encrypted
data\shaders\novos\ui\ui_mythic_vertex.frag - encrypted
data\shaders\novos\ui\ui_rainbow_fragment.frag - encrypted
data\shaders\novos\ui\ui_rainbow_vertex.frag - encrypted
data\shaders\novos\ui\ui_rare_fragment.frag - encrypted
data\shaders\novos\ui\ui_rare_vertex.frag - encrypted
data\shaders\novos\ui\ui_uncommon_fragment.frag - encrypted
data\shaders\novos\ui\ui_uncommon_vertex.frag - encrypted
data\shaders\novos\uniform mat4 u_Color;.txt - encrypted
data\shaders\novos\whitebalance_fragment.frag - encrypted
data\shaders\novos\widget_fragment.frag - encrypted
data\shaders\novos\widget_vertex.frag - encrypted
data\shaders\outfit_spiritual_fragment.frag - encrypted
data\shaders\outfit_spiritual_vertex.frag - encrypted
data\shaders\sky_clouds_fragment.frag - encrypted
data\shaders\sky_clouds_vertex.frag - encrypted
data\shaders\spellbar_bg.frag - encrypted
data\shaders\spellbar_bg_1.frag - encrypted
data\shaders\spellbar_bg_2.frag - encrypted
data\shaders\spellbar_bg_3.frag - encrypted
data\shaders\spellbar_bg_4.frag - encrypted
data\shaders\talent_border_glow.frag - encrypted
data\shaders\tooltip_tier_1.frag - encrypted
data\shaders\tooltip_tier_10.frag - encrypted
data\shaders\tooltip_tier_2.frag - encrypted
data\shaders\tooltip_tier_3.frag - encrypted
data\shaders\tooltip_tier_4.frag - encrypted
data\shaders\tooltip_tier_5.frag - encrypted
data\shaders\tooltip_tier_6.frag - encrypted
data\shaders\tooltip_tier_7.frag - encrypted
data\shaders\tooltip_tier_8.frag - encrypted
data\shaders\tooltip_tier_9.frag - encrypted
data\shaders\tooltip_tier_vertex.frag - encrypted
data\sounds\Agua\Water cannon.ogg - encrypted
data\sounds\Agua\Water explosion.ogg - encrypted
data\sounds\Agua\Water heal.ogg - encrypted
data\sounds\Agua\Water icespikes.ogg - encrypted
data\sounds\Agua\Water jump.ogg - encrypted
data\sounds\Agua\Water recover.ogg - encrypted
data\sounds\Agua\Water regen.ogg - encrypted
data\sounds\Agua\Water res.ogg - encrypted
data\sounds\Agua\Water shards.ogg - encrypted
data\sounds\Agua\Water whip.ogg - encrypted
data\sounds\Bombermanevent\theme.ogg - encrypted
data\sounds\README.txt - encrypted
data\sounds\Terra\Earth Collapse.ogg - encrypted
data\sounds\Terra\Earth crush.ogg - encrypted
data\sounds\Terra\Earth fury.ogg - encrypted
data\sounds\Terra\Earth Growth.ogg - encrypted
data\sounds\Terra\Earth jump.ogg - encrypted
data\sounds\Terra\Earth petrify.ogg - encrypted
data\sounds\Terra\Earth pull.ogg - encrypted
data\sounds\Terra\Earth punch.ogg - encrypted
data\sounds\Terra\Earth recover.ogg - encrypted
data\sounds\Terra\Earth rock.ogg - encrypted
data\sounds\Terra\Water explosion.ogg - encrypted
data\sounds\Terra\Water heal.ogg - encrypted
data\sounds\Terra\Water shards.ogg - encrypted
data\styles\10-buttons.otui - encrypted
data\styles\10-checkboxes - Copia.otui - encrypted
data\styles\10-checkboxes.otui - encrypted
data\styles\10-comboboxes.otui - encrypted
data\styles\10-creaturebuttons.otui - encrypted
data\styles\10-creatures.otui - encrypted
data\styles\10-items.otui - encrypted
data\styles\10-labels - Copia.otui - encrypted
data\styles\10-labels.otui - encrypted
data\styles\10-listboxes.otui - encrypted
data\styles\10-panels.otui - encrypted
data\styles\10-progressbars.otui - encrypted
data\styles\10-scrollbars.otui - encrypted
data\styles\10-separators.otui - encrypted
data\styles\10-splitters.otui - encrypted
data\styles\10-textedits.otui - encrypted
data\styles\10-windows.otui - encrypted
data\styles\20-imageview.otui - encrypted
data\styles\20-popupmenus.otui - encrypted
data\styles\20-spinboxes.otui - encrypted
data\styles\20-tabbars.otui - encrypted
data\styles\20-tables.otui - encrypted
data\styles\20-topmenu.otui - encrypted
data\styles\30-inputboxes.otui - encrypted
data\styles\30-messageboxes.otui - encrypted
data\styles\30-minimap.otui - encrypted
data\styles\30-miniwindow.otui - encrypted
data\styles\helper_picker.otui - encrypted
data\styles\stickers.otui - encrypted
data\things\860\Tibia.otfi - encrypted
data\things\860\Tibia.otml - encrypted
data\things\860\Tibia_backup.otml - encrypted
data\things\things.otml - encrypted
data\things\things.otml.bak_wands - encrypted
modules\bomberman_button\bomberman_button.lua - lua bytecode encrypted
modules\bomberman_button\bomberman_button.lua - encrypted
modules\bomberman_button\bomberman_button.otmod - encrypted
modules\bomberman_button\bomberman_button.otui - encrypted
modules\bomberman_music\bomberman_music.lua - lua bytecode encrypted
modules\bomberman_music\bomberman_music.lua - encrypted
modules\bomberman_music\bomberman_music.otmod - encrypted
modules\client\client.lua - lua bytecode encrypted
modules\client\client.lua - encrypted
modules\client\client.otmod - encrypted
modules\client_background\background.lua - lua bytecode encrypted
modules\client_background\background.lua - encrypted
modules\client_background\background.otmod - encrypted
modules\client_background\background.otui - encrypted
modules\client_entergame\characterlist.lua - lua bytecode encrypted
modules\client_entergame\characterlist.lua - encrypted
modules\client_entergame\characterlist.otui - encrypted
modules\client_entergame\config.lua - lua bytecode encrypted
modules\client_entergame\config.lua - encrypted
modules\client_entergame\createaccount.lua - lua bytecode encrypted
modules\client_entergame\createaccount.lua - encrypted
modules\client_entergame\createaccount.otui - encrypted
modules\client_entergame\entergame.lua - lua bytecode encrypted
modules\client_entergame\entergame.lua - encrypted
modules\client_entergame\entergame.otmod - encrypted
modules\client_entergame\entergame.otui - encrypted
modules\client_entergame\logo.pdn - encrypted
modules\client_entergame\logo.png - encrypted
modules\client_entergame\logo.rar - encrypted
modules\client_entergame\waitinglist.otui - encrypted
modules\client_loading\client_loading.otmod - encrypted
modules\client_loading\img\bar_fill.png - encrypted
modules\client_loading\img\bar_track.png - encrypted
modules\client_loading\img\vignette.png - encrypted
modules\client_loading\loading.lua - lua bytecode encrypted
modules\client_loading\loading.lua - encrypted
modules\client_loading\loading.otui - encrypted
modules\client_locales\locales.lua - lua bytecode encrypted
modules\client_locales\locales.lua - encrypted
modules\client_locales\locales.otmod - encrypted
modules\client_locales\locales.otui - encrypted
modules\client_locales\neededtranslations.lua - lua bytecode encrypted
modules\client_locales\neededtranslations.lua - encrypted
modules\client_modulemanager\modulemanager.lua - lua bytecode encrypted
modules\client_modulemanager\modulemanager.lua - encrypted
modules\client_modulemanager\modulemanager.otmod - encrypted
modules\client_modulemanager\modulemanager.otui - encrypted
modules\client_options\audio.otui - encrypted
modules\client_options\buttons\background.png - encrypted
modules\client_options\buttons\background_hover.png - encrypted
modules\client_options\buttons\background_normal.png - encrypted
modules\client_options\buttons\bgbtn.png - encrypted
modules\client_options\buttons\bgwhite.png - encrypted
modules\client_options\buttons\smallbutton.png - encrypted
modules\client_options\buttons\smallbutton_hovered.png - encrypted
modules\client_options\console.otui - encrypted
modules\client_options\corner_menu.otui - encrypted
modules\client_options\effects.otui - encrypted
modules\client_options\fun.otui - encrypted
modules\client_options\game.otui - encrypted
modules\client_options\graphics.otui - encrypted
modules\client_options\options.lua - lua bytecode encrypted
modules\client_options\options.lua - encrypted
modules\client_options\options.lua.bak_walkflow - encrypted
modules\client_options\options.otmod - encrypted
modules\client_options\options.otui - encrypted
modules\client_options\settings\attached_background.png - encrypted
modules\client_options\settings\background.png - encrypted
modules\client_options\settings\backgroundPanel.png - encrypted
modules\client_options\settings\bgitemselect.png - encrypted
modules\client_options\settings\bgitemselectactive.png - encrypted
modules\client_options\settings\bgslider.png - encrypted
modules\client_options\settings\bgslideractive.png - encrypted
modules\client_options\settings\Botao base.png - encrypted
modules\client_options\settings\channel_change_icon.png - encrypted
modules\client_options\settings\checkbox.png - encrypted
modules\client_options\settings\checkboxactive.png - encrypted
modules\client_options\settings\close_button.png - encrypted
modules\client_options\settings\close_button_active.png - encrypted
modules\client_options\settings\combobox.png - encrypted
modules\client_options\settings\comboboxactive.png - encrypted
modules\client_options\settings\corner_button_menu.png - encrypted
modules\client_options\settings\corner_button_options_right.png - encrypted
modules\client_options\settings\cursorslider.png - encrypted
modules\client_options\settings\daily_task_button.png - encrypted
modules\client_options\settings\edgevertical.png - encrypted
modules\client_options\settings\edge_bottom.png - encrypted
modules\client_options\settings\edge_top.png - encrypted
modules\client_options\settings\helper_button.png - encrypted
modules\client_options\settings\hotkeys\category_column_bg.png - encrypted
modules\client_options\settings\hotkeys\category_item_bg.png - encrypted
modules\client_options\settings\hotkeys\category_item_key_bg.png - encrypted
modules\client_options\settings\hotkeys\category_item_key_bg_error.png - encrypted
modules\client_options\settings\hotkeys\category_item_key_bg_hover.png - encrypted
modules\client_options\settings\hotkeys\category_item_key_bg_on.png - encrypted
modules\client_options\settings\hotkeys\expand_minus.png - encrypted
modules\client_options\settings\hotkeys\expand_plus.png - encrypted
modules\client_options\settings\hotkeys\info_bg.png - encrypted
modules\client_options\settings\hotkeys\info_icon.png - encrypted
modules\client_options\settings\iconpanel.png - encrypted
modules\client_options\settings\inventory_button.png - encrypted
modules\client_options\settings\minimap_button.png - encrypted
modules\client_options\settings\options.png - encrypted
modules\client_options\settings\top_button_shop.png - encrypted
modules\client_options\styles\controller\controller.otui - encrypted
modules\client_serverlist\addserver.lua - lua bytecode encrypted
modules\client_serverlist\addserver.lua - encrypted
modules\client_serverlist\addserver.otui - encrypted
modules\client_serverlist\serverlist.lua - lua bytecode encrypted
modules\client_serverlist\serverlist.lua - encrypted
modules\client_serverlist\serverlist.otmod - encrypted
modules\client_serverlist\serverlist.otui - encrypted
modules\client_stats\stats.lua - lua bytecode encrypted
modules\client_stats\stats.lua - encrypted
modules\client_stats\stats.otmod - encrypted
modules\client_styles\styles.lua - lua bytecode encrypted
modules\client_styles\styles.lua - encrypted
modules\client_styles\styles.otmod - encrypted
modules\client_terminal\commands.lua - lua bytecode encrypted
modules\client_terminal\commands.lua - encrypted
modules\client_terminal\terminal.lua - lua bytecode encrypted
modules\client_terminal\terminal.lua - encrypted
modules\client_terminal\terminal.otmod - encrypted
modules\client_terminal\terminal.otui - encrypted
modules\client_topmenu\game_menu.otui - encrypted
modules\client_topmenu\topmenu.lua - lua bytecode encrypted
modules\client_topmenu\topmenu.lua - encrypted
modules\client_topmenu\topmenu.otmod - encrypted
modules\client_topmenu\topmenu.otui - encrypted
modules\corelib\bitwise.lua - lua bytecode encrypted
modules\corelib\bitwise.lua - encrypted
modules\corelib\config.lua - lua bytecode encrypted
modules\corelib\config.lua - encrypted
modules\corelib\const.lua - lua bytecode encrypted
modules\corelib\const.lua - encrypted
modules\corelib\corelib.otmod - encrypted
modules\corelib\globals.lua - lua bytecode encrypted
modules\corelib\globals.lua - encrypted
modules\corelib\inputmessage.lua - lua bytecode encrypted
modules\corelib\inputmessage.lua - encrypted
modules\corelib\json.lua - lua bytecode encrypted
modules\corelib\json.lua - encrypted
modules\corelib\keyboard.lua - lua bytecode encrypted
modules\corelib\keyboard.lua - encrypted
modules\corelib\math.lua - lua bytecode encrypted
modules\corelib\math.lua - encrypted
modules\corelib\mouse.lua - lua bytecode encrypted
modules\corelib\mouse.lua - encrypted
modules\corelib\net.lua - lua bytecode encrypted
modules\corelib\net.lua - encrypted
modules\corelib\outputmessage.lua - lua bytecode encrypted
modules\corelib\outputmessage.lua - encrypted
modules\corelib\settings.lua - lua bytecode encrypted
modules\corelib\settings.lua - encrypted
modules\corelib\string.lua - lua bytecode encrypted
modules\corelib\string.lua - encrypted
modules\corelib\table.lua - lua bytecode encrypted
modules\corelib\table.lua - encrypted
modules\corelib\ui\effects.lua - lua bytecode encrypted
modules\corelib\ui\effects.lua - encrypted
modules\corelib\ui\tooltip.lua - lua bytecode encrypted
modules\corelib\ui\tooltip.lua - encrypted
modules\corelib\ui\ui.rar - encrypted
modules\corelib\ui\uibutton.lua - lua bytecode encrypted
modules\corelib\ui\uibutton.lua - encrypted
modules\corelib\ui\uicheckbox.lua - lua bytecode encrypted
modules\corelib\ui\uicheckbox.lua - encrypted
modules\corelib\ui\uicombobox.lua - lua bytecode encrypted
modules\corelib\ui\uicombobox.lua - encrypted
modules\corelib\ui\uiimageview.lua - lua bytecode encrypted
modules\corelib\ui\uiimageview.lua - encrypted
modules\corelib\ui\uiinputbox.lua - lua bytecode encrypted
modules\corelib\ui\uiinputbox.lua - encrypted
modules\corelib\ui\uilabel.lua - lua bytecode encrypted
modules\corelib\ui\uilabel.lua - encrypted
modules\corelib\ui\uimessagebox.lua - lua bytecode encrypted
modules\corelib\ui\uimessagebox.lua - encrypted
modules\corelib\ui\uiminiwindow.lua - lua bytecode encrypted
modules\corelib\ui\uiminiwindow.lua - encrypted
modules\corelib\ui\uiminiwindowcontainer.lua - lua bytecode encrypted
modules\corelib\ui\uiminiwindowcontainer.lua - encrypted
modules\corelib\ui\uimovabletabbar.lua - lua bytecode encrypted
modules\corelib\ui\uimovabletabbar.lua - encrypted
modules\corelib\ui\uipopupmenu.lua - lua bytecode encrypted
modules\corelib\ui\uipopupmenu.lua - encrypted
modules\corelib\ui\uipopupscrollmenu.lua - lua bytecode encrypted
modules\corelib\ui\uipopupscrollmenu.lua - encrypted
modules\corelib\ui\uiprogressbar.lua - lua bytecode encrypted
modules\corelib\ui\uiprogressbar.lua - encrypted
modules\corelib\ui\uiradiogroup.lua - lua bytecode encrypted
modules\corelib\ui\uiradiogroup.lua - encrypted
modules\corelib\ui\uiresizeborder.lua - lua bytecode encrypted
modules\corelib\ui\uiresizeborder.lua - encrypted
modules\corelib\ui\uiscrollarea.lua - lua bytecode encrypted
modules\corelib\ui\uiscrollarea.lua - encrypted
modules\corelib\ui\uiscrollbar.lua - lua bytecode encrypted
modules\corelib\ui\uiscrollbar.lua - encrypted
modules\corelib\ui\uispinbox.lua - lua bytecode encrypted
modules\corelib\ui\uispinbox.lua - encrypted
modules\corelib\ui\uisplitter.lua - lua bytecode encrypted
modules\corelib\ui\uisplitter.lua - encrypted
modules\corelib\ui\uitabbar.lua - lua bytecode encrypted
modules\corelib\ui\uitabbar.lua - encrypted
modules\corelib\ui\uitable.lua - lua bytecode encrypted
modules\corelib\ui\uitable.lua - encrypted
modules\corelib\ui\uitextedit.lua - lua bytecode encrypted
modules\corelib\ui\uitextedit.lua - encrypted
modules\corelib\ui\uiwidget.lua - lua bytecode encrypted
modules\corelib\ui\uiwidget.lua - encrypted
modules\corelib\ui\uiwindow.lua - lua bytecode encrypted
modules\corelib\ui\uiwindow.lua - encrypted
modules\corelib\ui\zUniD.dat - encrypted
modules\corelib\ui\zUniD.dat.bak_efc183 - encrypted
modules\corelib\ui\zUniD.otfi - encrypted
modules\corelib\ui\zUniD.spr - encrypted
modules\corelib\ui\zUniD.spr.original_backup - encrypted
modules\corelib\util.lua - lua bytecode encrypted
modules\corelib\util.lua - encrypted
modules\gamelib\const.lua - lua bytecode encrypted
modules\gamelib\const.lua - encrypted
modules\gamelib\creature.lua - lua bytecode encrypted
modules\gamelib\creature.lua - encrypted
modules\gamelib\game.lua - lua bytecode encrypted
modules\gamelib\game.lua - encrypted
modules\gamelib\gamelib.otmod - encrypted
modules\gamelib\market.lua - lua bytecode encrypted
modules\gamelib\market.lua - encrypted
modules\gamelib\opcodes.lua - lua bytecode encrypted
modules\gamelib\opcodes.lua - encrypted
modules\gamelib\player.lua - lua bytecode encrypted
modules\gamelib\player.lua - encrypted
modules\gamelib\position.lua - lua bytecode encrypted
modules\gamelib\position.lua - encrypted
modules\gamelib\protocol.lua - lua bytecode encrypted
modules\gamelib\protocol.lua - encrypted
modules\gamelib\protocolgame.lua - lua bytecode encrypted
modules\gamelib\protocolgame.lua - encrypted
modules\gamelib\protocollogin.lua - lua bytecode encrypted
modules\gamelib\protocollogin.lua - encrypted
modules\gamelib\spells.lua - lua bytecode encrypted
modules\gamelib\spells.lua - encrypted
modules\gamelib\thing.lua - lua bytecode encrypted
modules\gamelib\thing.lua - encrypted
modules\gamelib\ui\uicreaturebutton.lua - lua bytecode encrypted
modules\gamelib\ui\uicreaturebutton.lua - encrypted
modules\gamelib\ui\uiminimap.lua - lua bytecode encrypted
modules\gamelib\ui\uiminimap.lua - encrypted
modules\gamelib\util.lua - lua bytecode encrypted
modules\gamelib\util.lua - encrypted
modules\game_achievements\achievements.lua - lua bytecode encrypted
modules\game_achievements\achievements.lua - encrypted
modules\game_achievements\achievements.otmod - encrypted
modules\game_achievements\achievements.otui - encrypted
modules\game_battle\battle.lua - lua bytecode encrypted
modules\game_battle\battle.lua - encrypted
modules\game_battle\battle.otmod - encrypted
modules\game_battle\battle.otui - encrypted
modules\game_battle\battlebutton.otui - encrypted
modules\game_cast\cast.lua - lua bytecode encrypted
modules\game_cast\cast.lua - encrypted
modules\game_cast\cast.otmod - encrypted
modules\game_cast\castBan.otui - encrypted
modules\game_cast\castKick.otui - encrypted
modules\game_cast\castMute.otui - encrypted
modules\game_cast\castSenha.otui - encrypted
modules\game_cast\castUnban.otui - encrypted
modules\game_cast\castUnmute.otui - encrypted
modules\game_code\code.lua - lua bytecode encrypted
modules\game_code\code.lua - encrypted
modules\game_code\code.otmod - encrypted
modules\game_code\code.otui - encrypted
modules\game_code\images\bg.png - encrypted
modules\game_code\images\bgout.png - encrypted
modules\game_code\images\close.png - encrypted
modules\game_code\images\confirm.png - encrypted
modules\game_code\images\itembg.png - encrypted
modules\game_code\images\resgateb.png - encrypted
modules\game_code\images\resgateb_big.png - encrypted
modules\game_code\images\rewardbg.png - encrypted
modules\game_code\images\subbg.png - encrypted
modules\game_code\images\textcode.png - encrypted
modules\game_combatcontrols\combatcontrols.lua - lua bytecode encrypted
modules\game_combatcontrols\combatcontrols.lua - encrypted
modules\game_combatcontrols\combatcontrols.otmod - encrypted
modules\game_combatcontrols\combatcontrols.otui - encrypted
modules\game_console\base.png - encrypted
modules\game_console\base2.png - encrypted
modules\game_console\button.png - encrypted
modules\game_console\button_active.png - encrypted
modules\game_console\button_clean.png - encrypted
modules\game_console\button_close.png - encrypted
modules\game_console\button_left.png - encrypted
modules\game_console\button_open.png - encrypted
modules\game_console\button_right.png - encrypted
modules\game_console\button_small.png - encrypted
modules\game_console\channelswindow.otui - encrypted
modules\game_console\communicationwindow.otui - encrypted
modules\game_console\console.lua - lua bytecode encrypted
modules\game_console\console.lua - encrypted
modules\game_console\console.otmod - encrypted
modules\game_console\console.otui - encrypted
modules\game_console\cooldown_panel.png - encrypted
modules\game_console\cooldown_progressbar.png - encrypted
modules\game_console\customchatbox.png - encrypted
modules\game_console\emoji_window.png - encrypted
modules\game_console\expBackground.png - encrypted
modules\game_console\flash_step.png - encrypted
modules\game_console\images\arrow.png - encrypted
modules\game_console\images\bar.png - encrypted
modules\game_console\images\bin.png - encrypted
modules\game_console\images\blank.png - encrypted
modules\game_console\images\endline.png - encrypted
modules\game_console\images\endline_rotated.png - encrypted
modules\game_console\images\folder.png - encrypted
modules\game_console\images\lock_icon.png - encrypted
modules\game_console\images\maincontentbox.png - encrypted
modules\game_console\images\maincontentboxshadow.png - encrypted
modules\game_console\images\move_bottom_top_icon.png - encrypted
modules\game_console\images\move_to_top_icon.png - encrypted
modules\game_console\images\panelarrow.png - encrypted
modules\game_console\images\panelbox.png - encrypted
modules\game_console\images\pressed.png - encrypted
modules\game_console\images\scrollempty.png - encrypted
modules\game_console\images\scrollhandler.png - encrypted
modules\game_console\images\seperators.png - encrypted
modules\game_console\images\settings_icon.png - encrypted
modules\game_console\images\typetextbox.png - encrypted
modules\game_console\indicator.png - encrypted
modules\game_console\levelBackground.png - encrypted
modules\game_console\scrollbar.png - encrypted
modules\game_console\stickers.lua - lua bytecode encrypted
modules\game_console\stickers.lua - encrypted
modules\game_console\textEdit.png - encrypted
modules\game_console\textEditBackground.png - encrypted
modules\game_console\violationwindow.otui - encrypted
modules\game_containers\container.otui - encrypted
modules\game_containers\containers.lua - lua bytecode encrypted
modules\game_containers\containers.lua - encrypted
modules\game_containers\containers.otmod - encrypted
modules\game_containers\depotsearch.otui - encrypted
modules\game_controller\controller.lua - lua bytecode encrypted
modules\game_controller\controller.lua - encrypted
modules\game_controller\controller.otmod - encrypted
modules\game_controller\controller_config.otui - encrypted
modules\game_cooking\cooking.lua - lua bytecode encrypted
modules\game_cooking\cooking.lua - encrypted
modules\game_cooking\cooking.otmod - encrypted
modules\game_cooking\cooking.otui - encrypted
modules\game_cooking\imagens\hud.png - encrypted
modules\game_cooldown\cooldown.lua - lua bytecode encrypted
modules\game_cooldown\cooldown.lua - encrypted
modules\game_cooldown\cooldown.otmod - encrypted
modules\game_cooldown\cooldown.otui - encrypted
modules\game_crafting\crafting.lua - lua bytecode encrypted
modules\game_crafting\crafting.lua - encrypted
modules\game_crafting\crafting.otmod - encrypted
modules\game_crafting\crafting.otui - encrypted
modules\game_creaturemanager\creaturemanager.lua - lua bytecode encrypted
modules\game_creaturemanager\creaturemanager.lua - encrypted
modules\game_creaturemanager\creaturemanager.otui - encrypted
modules\game_creaturemanager\creaturestore.otui - encrypted
modules\game_creaturemanager\game_creaturemanager.otmod - encrypted
modules\game_dailyhunt\dailyhunt.lua - lua bytecode encrypted
modules\game_dailyhunt\dailyhunt.lua - encrypted
modules\game_dailyhunt\dailyhunt.otmod - encrypted
modules\game_dailyhunt\dailyhunt.otui - encrypted
modules\game_dailyhunt\dailyhunt_button.otui - encrypted
modules\game_dailyreward\game_dailyreward.lua - lua bytecode encrypted
modules\game_dailyreward\game_dailyreward.lua - encrypted
modules\game_dailyreward\game_dailyreward.otmod - encrypted
modules\game_dailyreward\game_dailyreward.otui - encrypted
modules\game_dailyreward\mockup.html - encrypted
modules\game_exph\exph.lua - lua bytecode encrypted
modules\game_exph\exph.lua - encrypted
modules\game_exph\exph.lua.bak - encrypted
modules\game_exph\exph.otmod - encrypted
modules\game_exph\exph.otui - encrypted
modules\Game_firstlogin\game_firstlogin.lua - lua bytecode encrypted
modules\Game_firstlogin\game_firstlogin.lua - encrypted
modules\Game_firstlogin\game_firstlogin.otmod - encrypted
modules\Game_firstlogin\game_firstlogin.otui - encrypted
modules\Game_firstlogin\img\arrow.png - encrypted
modules\Game_firstlogin\img\IMG1.png - encrypted
modules\Game_firstlogin\img\IMG2.png - encrypted
modules\Game_firstlogin\img\IMG3.png - encrypted
modules\Game_firstlogin\img\IMG4.png - encrypted
modules\Game_firstlogin\img\IMG5.png - encrypted
modules\game_fishing\fishing.lua - lua bytecode encrypted
modules\game_fishing\fishing.lua - encrypted
modules\game_fishing\fishing.otmod - encrypted
modules\game_fishing\imagens\hud.png - encrypted
modules\game_folds\bg.pdn - encrypted
modules\game_folds\bg.png - encrypted
modules\game_folds\configs.lua - lua bytecode encrypted
modules\game_folds\configs.lua - encrypted
modules\game_folds\folds.lua - lua bytecode encrypted
modules\game_folds\folds.lua - encrypted
modules\game_folds\folds.otmod - encrypted
modules\game_folds\folds.otui - encrypted
modules\game_healcut\game_healcut.lua - lua bytecode encrypted
modules\game_healcut\game_healcut.lua - encrypted
modules\game_healcut\game_healcut.lua.bak - encrypted
modules\game_healcut\game_healcut.otmod - encrypted
modules\game_healcut\INSTALLATION.txt - encrypted
modules\game_healthinfo\background2.pdn - encrypted
modules\game_healthinfo\background2.png - encrypted
modules\game_healthinfo\healthinfo.lua - lua bytecode encrypted
modules\game_healthinfo\healthinfo.lua - encrypted
modules\game_healthinfo\healthinfo.otmod - encrypted
modules\game_healthinfo\healthinfo.otui - encrypted
modules\game_healthinfo\img\Air.png - encrypted
modules\game_healthinfo\img\earth.png - encrypted
modules\game_healthinfo\img\Fire.png - encrypted
modules\game_healthinfo\img\Water.png - encrypted
modules\game_hotkeys\hotkeys_manager.lua - lua bytecode encrypted
modules\game_hotkeys\hotkeys_manager.lua - encrypted
modules\game_hotkeys\hotkeys_manager.otmod - encrypted
modules\game_hotkeys\hotkeys_manager.otui - encrypted
modules\game_huntwaypoint\huntwaypoint.lua - lua bytecode encrypted
modules\game_huntwaypoint\huntwaypoint.lua - encrypted
modules\game_huntwaypoint\huntwaypoint.otmod - encrypted
modules\game_huntwaypoint\huntwaypoint.otui - encrypted
modules\game_iguild\guild.lua - lua bytecode encrypted
modules\game_iguild\guild.lua - encrypted
modules\game_iguild\guild.otmod - encrypted
modules\game_iguild\guildcreate.otui - encrypted
modules\game_iguild\guilddemote.otui - encrypted
modules\game_iguild\guilddisband.otui - encrypted
modules\game_iguild\guildinvite.otui - encrypted
modules\game_iguild\guildjoin.otui - encrypted
modules\game_iguild\guildkick.otui - encrypted
modules\game_iguild\guildleave.otui - encrypted
modules\game_iguild\guildnick.otui - encrypted
modules\game_iguild\guildpassleader.otui - encrypted
modules\game_iguild\guildpromote.otui - encrypted
modules\game_iguild\guildrankname.otui - encrypted
modules\game_iguild\guildrevoke.otui - encrypted
modules\game_iguild\guildwaraccept.otui - encrypted
modules\game_iguild\guildwarcancel.otui - encrypted
modules\game_iguild\guildwardeposit.otui - encrypted
modules\game_iguild\guildwarinvite.otui - encrypted
modules\game_iguild\guildwarpick.otui - encrypted
modules\game_iguild\guildwarreject.otui - encrypted
modules\game_iguild\guildwarsurrender.otui - encrypted
modules\game_iguild\img\guild.png - encrypted
modules\game_inspectcreature\inspectcreature.lua - lua bytecode encrypted
modules\game_inspectcreature\inspectcreature.lua - encrypted
modules\game_inspectcreature\inspectcreature.otmod - encrypted
modules\game_inspectcreature\inspectcreature.otui - encrypted
modules\game_interface\chat.png - encrypted
modules\game_interface\gameinterface.lua - lua bytecode encrypted
modules\game_interface\gameinterface.lua - encrypted
modules\game_interface\gameinterface.lua.bak_ue - encrypted
modules\game_interface\gameinterface.lua.bak_walkflow - encrypted
modules\game_interface\gameinterface.otui - encrypted
modules\game_interface\iconchat.png - encrypted
modules\game_interface\interface.otmod - encrypted
modules\game_interface\styles\countwindow.otui - encrypted
modules\game_interface\widgets\uigamemap.lua - lua bytecode encrypted
modules\game_interface\widgets\uigamemap.lua - encrypted
modules\game_interface\widgets\uiitem.lua - lua bytecode encrypted
modules\game_interface\widgets\uiitem.lua - encrypted
modules\game_inventory\inventory.lua - lua bytecode encrypted
modules\game_inventory\inventory.lua - encrypted
modules\game_inventory\inventory.otmod - encrypted
modules\game_inventory\inventory.otui - encrypted
modules\game_inventory\inventory_button.otui - encrypted
modules\game_itemfly\itemfly.lua - lua bytecode encrypted
modules\game_itemfly\itemfly.lua - encrypted
modules\game_itemfly\itemfly.otmod - encrypted
modules\game_loot\loot.lua - lua bytecode encrypted
modules\game_loot\loot.lua - encrypted
modules\game_loot\loot.otmod - encrypted
modules\game_magicmeter\game_magicmeter.otmod - encrypted
modules\game_magicmeter\magicmeter.lua - lua bytecode encrypted
modules\game_magicmeter\magicmeter.lua - encrypted
modules\game_magicmeter\magicmeter.otui - encrypted
modules\game_map_overlay\map_button.otui - encrypted
modules\game_map_overlay\map_overlay.lua - lua bytecode encrypted
modules\game_map_overlay\map_overlay.lua - encrypted
modules\game_map_overlay\map_overlay.otmod - encrypted
modules\game_map_overlay\map_overlay.otui - encrypted
modules\game_market\market.lua - lua bytecode encrypted
modules\game_market\market.lua - encrypted
modules\game_market\market.otmod - encrypted
modules\game_market\market.otui - encrypted
modules\game_market\marketadd.otui - encrypted
modules\game_market\ui\background.png - encrypted
modules\game_market\ui\button.png - encrypted
modules\game_market\ui\crosshair.png - encrypted
modules\game_market\ui\refresh.png - encrypted
modules\game_market\ui\shop.png - encrypted
modules\game_minimap\flagwindow.otui - encrypted
modules\game_minimap\minimap.lua - lua bytecode encrypted
modules\game_minimap\minimap.lua - encrypted
modules\game_minimap\minimap.otmod - encrypted
modules\game_minimap\minimap.otui - encrypted
modules\game_modaldialog\modaldialog.lua - lua bytecode encrypted
modules\game_modaldialog\modaldialog.lua - encrypted
modules\game_modaldialog\modaldialog.otmod - encrypted
modules\game_modaldialog\modaldialog.otui - encrypted
modules\game_momo\json.lua - lua bytecode encrypted
modules\game_momo\json.lua - encrypted
modules\game_momo\momo.lua - lua bytecode encrypted
modules\game_momo\momo.lua - encrypted
modules\game_momo\momo.otmod - encrypted
modules\game_momo\momo.otui - encrypted
modules\game_monsterloot\monsterloot.lua - lua bytecode encrypted
modules\game_monsterloot\monsterloot.lua - encrypted
modules\game_monsterloot\monsterloot.otmod - encrypted
modules\game_monsterloot\monsterloot.otui - encrypted
modules\game_monsterloot\Thumbs.db - encrypted
modules\game_mountsAvatar\configs.lua - lua bytecode encrypted
modules\game_mountsAvatar\configs.lua - encrypted
modules\game_mountsAvatar\game_mountsAvatar.lua - lua bytecode encrypted
modules\game_mountsAvatar\game_mountsAvatar.lua - encrypted
modules\game_mountsAvatar\game_mountsAvatar.otmod - encrypted
modules\game_mountsAvatar\game_mountsAvatar.otui - encrypted
modules\game_mountsAvatar\icones\air\1.png - encrypted
modules\game_mountsAvatar\icones\air\2.png - encrypted
modules\game_mountsAvatar\icones\air\3.png - encrypted
modules\game_mountsAvatar\icones\earth\1.png - encrypted
modules\game_mountsAvatar\icones\earth\2.png - encrypted
modules\game_mountsAvatar\icones\earth\3.png - encrypted
modules\game_mountsAvatar\icones\fire\1.png - encrypted
modules\game_mountsAvatar\icones\fire\2.png - encrypted
modules\game_mountsAvatar\icones\fire\3.png - encrypted
modules\game_mountsAvatar\icones\moldura.png - encrypted
modules\game_mountsAvatar\icones\water\1.png - encrypted
modules\game_mountsAvatar\icones\water\2.png - encrypted
modules\game_mountsAvatar\icones\water\3.png - encrypted
modules\game_mountsBuy\configs.lua - lua bytecode encrypted
modules\game_mountsBuy\configs.lua - encrypted
modules\game_mountsBuy\game_mountsBuy.lua - lua bytecode encrypted
modules\game_mountsBuy\game_mountsBuy.lua - encrypted
modules\game_mountsBuy\game_mountsBuy.otmod - encrypted
modules\game_mountsBuy\game_mountsBuy.otui - encrypted
modules\game_mountsBuy\icones\air\1 - Copia.png - encrypted
modules\game_mountsBuy\icones\air\1.png - encrypted
modules\game_mountsBuy\icones\air\10.png - encrypted
modules\game_mountsBuy\icones\air\11.png - encrypted
modules\game_mountsBuy\icones\air\12.png - encrypted
modules\game_mountsBuy\icones\air\13.png - encrypted
modules\game_mountsBuy\icones\air\2 - Copia.png - encrypted
modules\game_mountsBuy\icones\air\2.png - encrypted
modules\game_mountsBuy\icones\air\3 - Copia.png - encrypted
modules\game_mountsBuy\icones\air\3.png - encrypted
modules\game_mountsBuy\icones\air\4 - Copia.png - encrypted
modules\game_mountsBuy\icones\air\4.png - encrypted
modules\game_mountsBuy\icones\air\5.png - encrypted
modules\game_mountsBuy\icones\air\6.png - encrypted
modules\game_mountsBuy\icones\air\7.png - encrypted
modules\game_mountsBuy\icones\air\8.png - encrypted
modules\game_mountsBuy\icones\air\9.png - encrypted
modules\game_mountsBuy\icones\earth\1.png - encrypted
modules\game_mountsBuy\icones\earth\10.png - encrypted
modules\game_mountsBuy\icones\earth\11.png - encrypted
modules\game_mountsBuy\icones\earth\12.png - encrypted
modules\game_mountsBuy\icones\earth\13.png - encrypted
modules\game_mountsBuy\icones\earth\2.png - encrypted
modules\game_mountsBuy\icones\earth\3.png - encrypted
modules\game_mountsBuy\icones\earth\4.png - encrypted
modules\game_mountsBuy\icones\earth\5.png - encrypted
modules\game_mountsBuy\icones\earth\6.png - encrypted
modules\game_mountsBuy\icones\earth\7.png - encrypted
modules\game_mountsBuy\icones\earth\8.png - encrypted
modules\game_mountsBuy\icones\earth\9.png - encrypted
modules\game_mountsBuy\icones\fire\1.png - encrypted
modules\game_mountsBuy\icones\fire\10.png - encrypted
modules\game_mountsBuy\icones\fire\11.png - encrypted
modules\game_mountsBuy\icones\fire\12.png - encrypted
modules\game_mountsBuy\icones\fire\13.png - encrypted
modules\game_mountsBuy\icones\fire\2.png - encrypted
modules\game_mountsBuy\icones\fire\3.png - encrypted
modules\game_mountsBuy\icones\fire\4.png - encrypted
modules\game_mountsBuy\icones\fire\5.png - encrypted
modules\game_mountsBuy\icones\fire\6.png - encrypted
modules\game_mountsBuy\icones\fire\7.png - encrypted
modules\game_mountsBuy\icones\fire\8.png - encrypted
modules\game_mountsBuy\icones\fire\9.png - encrypted
modules\game_mountsBuy\icones\moldura.png - encrypted
modules\game_mountsBuy\icones\water\1.png - encrypted
modules\game_mountsBuy\icones\water\10.png - encrypted
modules\game_mountsBuy\icones\water\11.png - encrypted
modules\game_mountsBuy\icones\water\12.png - encrypted
modules\game_mountsBuy\icones\water\13.png - encrypted
modules\game_mountsBuy\icones\water\2.png - encrypted
modules\game_mountsBuy\icones\water\3.png - encrypted
modules\game_mountsBuy\icones\water\4.png - encrypted
modules\game_mountsBuy\icones\water\5.png - encrypted
modules\game_mountsBuy\icones\water\6.png - encrypted
modules\game_mountsBuy\icones\water\7.png - encrypted
modules\game_mountsBuy\icones\water\8.png - encrypted
modules\game_mountsBuy\icones\water\9.png - encrypted
modules\game_mountsChange\configs.lua - lua bytecode encrypted
modules\game_mountsChange\configs.lua - encrypted
modules\game_mountsChange\game_mountsChange.lua - lua bytecode encrypted
modules\game_mountsChange\game_mountsChange.lua - encrypted
modules\game_mountsChange\game_mountsChange.otmod - encrypted
modules\game_mountsChange\game_mountsChange.otui - encrypted
modules\game_mountsChange\icones\air\1 - Copia.png - encrypted
modules\game_mountsChange\icones\air\1.png - encrypted
modules\game_mountsChange\icones\air\10.png - encrypted
modules\game_mountsChange\icones\air\11.png - encrypted
modules\game_mountsChange\icones\air\12.png - encrypted
modules\game_mountsChange\icones\air\13.png - encrypted
modules\game_mountsChange\icones\air\2 - Copia.png - encrypted
modules\game_mountsChange\icones\air\2.png - encrypted
modules\game_mountsChange\icones\air\3 - Copia.png - encrypted
modules\game_mountsChange\icones\air\3.png - encrypted
modules\game_mountsChange\icones\air\4 - Copia.png - encrypted
modules\game_mountsChange\icones\air\4.png - encrypted
modules\game_mountsChange\icones\air\5.png - encrypted
modules\game_mountsChange\icones\air\6.png - encrypted
modules\game_mountsChange\icones\air\7.png - encrypted
modules\game_mountsChange\icones\air\8.png - encrypted
modules\game_mountsChange\icones\air\9.png - encrypted
modules\game_mountsChange\icones\earth\1.png - encrypted
modules\game_mountsChange\icones\earth\10.png - encrypted
modules\game_mountsChange\icones\earth\11.png - encrypted
modules\game_mountsChange\icones\earth\12.png - encrypted
modules\game_mountsChange\icones\earth\13.png - encrypted
modules\game_mountsChange\icones\earth\2.png - encrypted
modules\game_mountsChange\icones\earth\3.png - encrypted
modules\game_mountsChange\icones\earth\4.png - encrypted
modules\game_mountsChange\icones\earth\5.png - encrypted
modules\game_mountsChange\icones\earth\6.png - encrypted
modules\game_mountsChange\icones\earth\7.png - encrypted
modules\game_mountsChange\icones\earth\8.png - encrypted
modules\game_mountsChange\icones\earth\9.png - encrypted
modules\game_mountsChange\icones\fire\1.png - encrypted
modules\game_mountsChange\icones\fire\10.png - encrypted
modules\game_mountsChange\icones\fire\11.png - encrypted
modules\game_mountsChange\icones\fire\12.png - encrypted
modules\game_mountsChange\icones\fire\13.png - encrypted
modules\game_mountsChange\icones\fire\2.png - encrypted
modules\game_mountsChange\icones\fire\3.png - encrypted
modules\game_mountsChange\icones\fire\4.png - encrypted
modules\game_mountsChange\icones\fire\5.png - encrypted
modules\game_mountsChange\icones\fire\6.png - encrypted
modules\game_mountsChange\icones\fire\7.png - encrypted
modules\game_mountsChange\icones\fire\8.png - encrypted
modules\game_mountsChange\icones\fire\9.png - encrypted
modules\game_mountsChange\icones\moldura.png - encrypted
modules\game_mountsChange\icones\water\1.png - encrypted
modules\game_mountsChange\icones\water\10.png - encrypted
modules\game_mountsChange\icones\water\11.png - encrypted
modules\game_mountsChange\icones\water\12.png - encrypted
modules\game_mountsChange\icones\water\13.png - encrypted
modules\game_mountsChange\icones\water\2.png - encrypted
modules\game_mountsChange\icones\water\3.png - encrypted
modules\game_mountsChange\icones\water\4.png - encrypted
modules\game_mountsChange\icones\water\5.png - encrypted
modules\game_mountsChange\icones\water\6.png - encrypted
modules\game_mountsChange\icones\water\7.png - encrypted
modules\game_mountsChange\icones\water\8.png - encrypted
modules\game_mountsChange\icones\water\9.png - encrypted
modules\game_myhelper\helper.lua - lua bytecode encrypted
modules\game_myhelper\helper.lua - encrypted
modules\game_myhelper\helper.otmod - encrypted
modules\game_myhelper\helper.otui - encrypted
modules\game_myhelper\helperpotionlist.otui - encrypted
modules\game_myhelper\helper_button.otui - encrypted
modules\game_myhelper\potions.lua - lua bytecode encrypted
modules\game_myhelper\potions.lua - encrypted
modules\game_notification\notification.lua - lua bytecode encrypted
modules\game_notification\notification.lua - encrypted
modules\game_notification\notification.otmod - encrypted
modules\game_notification\notification.otui - encrypted
modules\game_npcmap\gen_npcmap.py - encrypted
modules\game_npcmap\img\npc_background_icon.png - encrypted
modules\game_npcmap\npcmap.lua - lua bytecode encrypted
modules\game_npcmap\npcmap.lua - encrypted
modules\game_npcmap\npcmap.otmod - encrypted
modules\game_npcmap\npcmap.otui - encrypted
modules\game_npcmap\npcs.lua - lua bytecode encrypted
modules\game_npcmap\npcs.lua - encrypted
modules\game_npctrade\npctrade.lua - lua bytecode encrypted
modules\game_npctrade\npctrade.lua - encrypted
modules\game_npctrade\npctrade.otmod - encrypted
modules\game_npctrade\npctrade.otui - encrypted
modules\game_offset\images\baixo.png - encrypted
modules\game_offset\images\cima.png - encrypted
modules\game_offset\images\direita.png - encrypted
modules\game_offset\images\esquerda.png - encrypted
modules\game_offset\offset.lua - lua bytecode encrypted
modules\game_offset\offset.lua - encrypted
modules\game_offset\offset.otmod - encrypted
modules\game_offset\offset.otui - encrypted
modules\game_outfit\outfit.lua - lua bytecode encrypted
modules\game_outfit\outfit.lua - encrypted
modules\game_outfit\outfit.otmod - encrypted
modules\game_outfit\outfitwindow.otui - encrypted
modules\game_outfit_scales\scales.lua - lua bytecode encrypted
modules\game_outfit_scales\scales.lua - encrypted
modules\game_outfit_scales\scales.otmod - encrypted
modules\game_partydamage\game_partydamage.otmod - encrypted
modules\game_partydamage\partydamage.lua - lua bytecode encrypted
modules\game_partydamage\partydamage.lua - encrypted
modules\game_partydamage\partydamage.otui - encrypted
modules\game_pet\pet.lua - lua bytecode encrypted
modules\game_pet\pet.lua - encrypted
modules\game_pet\pet.otmod - encrypted
modules\game_pet\petwindow.otui - encrypted
modules\game_ping\ping.lua - lua bytecode encrypted
modules\game_ping\ping.lua - encrypted
modules\game_ping\ping.otmod - encrypted
modules\game_playerdeath\deathwindow.otui - encrypted
modules\game_playerdeath\playerdeath.lua - lua bytecode encrypted
modules\game_playerdeath\playerdeath.lua - encrypted
modules\game_playerdeath\playerdeath.otmod - encrypted
modules\game_playerinfo\img\1.png - encrypted
modules\game_playerinfo\img\2.png - encrypted
modules\game_playerinfo\img\3.png - encrypted
modules\game_playerinfo\img\4.png - encrypted
modules\game_playerinfo\playerinfo.lua - lua bytecode encrypted
modules\game_playerinfo\playerinfo.lua - encrypted
modules\game_playerinfo\playerinfo.otmod - encrypted
modules\game_playerinfo\playerinfo.otui - encrypted
modules\game_playerinfo\Thumbs.db - encrypted
modules\game_playermount\playermount.lua - lua bytecode encrypted
modules\game_playermount\playermount.lua - encrypted
modules\game_playermount\playermount.otmod - encrypted
modules\game_playertrade\playertrade.lua - lua bytecode encrypted
modules\game_playertrade\playertrade.lua - encrypted
modules\game_playertrade\playertrade.otmod - encrypted
modules\game_playertrade\tradewindow.otui - encrypted
modules\game_potioncraft\game_potioncraft.lua - lua bytecode encrypted
modules\game_potioncraft\game_potioncraft.lua - encrypted
modules\game_potioncraft\game_potioncraft.otmod - encrypted
modules\game_potioncraft\game_potioncraft.otui - encrypted
modules\game_proficiency\const.lua - lua bytecode encrypted
modules\game_proficiency\const.lua - encrypted
modules\game_proficiency\images\augment-icons.png - encrypted
modules\game_proficiency\images\backdrop_weaponmastery_highlight.png - encrypted
modules\game_proficiency\images\big-icon-lock-grey.png - encrypted
modules\game_proficiency\images\bonus-select-bg-progress.png - encrypted
modules\game_proficiency\images\bonus-select-bg.png - encrypted
modules\game_proficiency\images\border-weaponmasterytreeicons-active.png - encrypted
modules\game_proficiency\images\border-weaponmasterytreeicons-inactive.png - encrypted
modules\game_proficiency\images\full-bonus-select-bg.png - encrypted
modules\game_proficiency\images\icon-lock-grey.png - encrypted
modules\game_proficiency\images\icon-masterylevel-0.png - encrypted
modules\game_proficiency\images\icon-masterylevel-1-gold.png - encrypted
modules\game_proficiency\images\icon-masterylevel-1-silver.png - encrypted
modules\game_proficiency\images\icon-masterylevel-1.png - encrypted
modules\game_proficiency\images\icon-masterylevel-2-gold.png - encrypted
modules\game_proficiency\images\icon-masterylevel-2-silver.png - encrypted
modules\game_proficiency\images\icon-masterylevel-2.png - encrypted
modules\game_proficiency\images\icon-masterylevel-3-gold.png - encrypted
modules\game_proficiency\images\icon-masterylevel-3-silver.png - encrypted
modules\game_proficiency\images\icon-masterylevel-3.png - encrypted
modules\game_proficiency\images\icon-masterylevel-4-gold.png - encrypted
modules\game_proficiency\images\icon-masterylevel-4-silver.png - encrypted
modules\game_proficiency\images\icon-masterylevel-4.png - encrypted
modules\game_proficiency\images\icon-masterylevel-5-gold.png - encrypted
modules\game_proficiency\images\icon-masterylevel-5-silver.png - encrypted
modules\game_proficiency\images\icon-masterylevel-5.png - encrypted
modules\game_proficiency\images\icon-masterylevel-6-gold.png - encrypted
modules\game_proficiency\images\icon-masterylevel-6-silver.png - encrypted
modules\game_proficiency\images\icon-masterylevel-6.png - encrypted
modules\game_proficiency\images\icon-masterylevel-7-gold.png - encrypted
modules\game_proficiency\images\icon-masterylevel-7-silver.png - encrypted
modules\game_proficiency\images\icon-masterylevel-7.png - encrypted
modules\game_proficiency\images\icon-star-dark.png - encrypted
modules\game_proficiency\images\icon-star-tiny-gold.png - encrypted
modules\game_proficiency\images\icon-star-tiny-silver.png - encrypted
modules\game_proficiency\images\icons-0.png - encrypted
modules\game_proficiency\images\icons-1.png - encrypted
modules\game_proficiency\images\icons-2.png - encrypted
modules\game_proficiency\images\icons-3.png - encrypted
modules\game_proficiency\images\icons-4.png - encrypted
modules\game_proficiency\images\icons-5.png - encrypted
modules\game_proficiency\images\icons-6.png - encrypted
modules\game_proficiency\images\icons-7.png - encrypted
modules\game_proficiency\images\icons-8.png - encrypted
modules\game_proficiency\images\icons-9-off.png - encrypted
modules\game_proficiency\images\icons-9.png - encrypted
modules\game_proficiency\images\topbar_icon.png - encrypted
modules\game_proficiency\proficiency.lua - lua bytecode encrypted
modules\game_proficiency\proficiency.lua - encrypted
modules\game_proficiency\proficiency.otmod - encrypted
modules\game_proficiency\proficiency.otui - encrypted
modules\game_proficiency\proficiency_data.lua - lua bytecode encrypted
modules\game_proficiency\proficiency_data.lua - encrypted
modules\game_quests\questlist.otui - encrypted
modules\game_quests\quests.lua - lua bytecode encrypted
modules\game_quests\quests.lua - encrypted
modules\game_quests\quests.otmod - encrypted
modules\game_ruleviolation\ruleviolation.lua - lua bytecode encrypted
modules\game_ruleviolation\ruleviolation.lua - encrypted
modules\game_ruleviolation\ruleviolation.otmod - encrypted
modules\game_ruleviolation\ruleviolation.otui - encrypted
modules\game_shaders\outfit_shaders.lua - lua bytecode encrypted
modules\game_shaders\outfit_shaders.lua - encrypted
modules\game_shaders\shaders.lua - lua bytecode encrypted
modules\game_shaders\shaders.lua - encrypted
modules\game_shaders\shaders.otmod - encrypted
modules\game_skills\skills.lua - lua bytecode encrypted
modules\game_skills\skills.lua - encrypted
modules\game_skills\skills.otmod - encrypted
modules\game_skills\skills.otui - encrypted
modules\game_skyclouds\skyclouds.lua - lua bytecode encrypted
modules\game_skyclouds\skyclouds.lua - encrypted
modules\game_skyclouds\skyclouds.otmod - encrypted
modules\game_slotmachine\slotmachine.lua - lua bytecode encrypted
modules\game_slotmachine\slotmachine.lua - encrypted
modules\game_slotmachine\slotmachine.otmod - encrypted
modules\game_slotmachine\slotmachine.otui - encrypted
modules\game_slotmachine\ui\air.png - encrypted
modules\game_slotmachine\ui\background1.png - encrypted
modules\game_slotmachine\ui\background2.png - encrypted
modules\game_slotmachine\ui\earth.png - encrypted
modules\game_slotmachine\ui\fire.png - encrypted
modules\game_slotmachine\ui\Thumbs.db - encrypted
modules\game_slotmachine\ui\water.png - encrypted
modules\game_slotmachineVermelho\slotmachinevermelho.lua - lua bytecode encrypted
modules\game_slotmachineVermelho\slotmachinevermelho.lua - encrypted
modules\game_slotmachineVermelho\slotmachinevermelho.otmod - encrypted
modules\game_slotmachineVermelho\slotmachinevermelho.otui - encrypted
modules\game_slotmachineVermelho\ui\air.png - encrypted
modules\game_slotmachineVermelho\ui\background1.png - encrypted
modules\game_slotmachineVermelho\ui\background2.png - encrypted
modules\game_slotmachineVermelho\ui\earth.png - encrypted
modules\game_slotmachineVermelho\ui\fire.png - encrypted
modules\game_slotmachineVermelho\ui\Thumbs.db - encrypted
modules\game_slotmachineVermelho\ui\water.png - encrypted
modules\game_specialfx\game_specialfx.otmod - encrypted
modules\game_specialfx\specialfx.lua - lua bytecode encrypted
modules\game_specialfx\specialfx.lua - encrypted
modules\game_spelllist\spelllist.lua - lua bytecode encrypted
modules\game_spelllist\spelllist.lua - encrypted
modules\game_spelllist\spelllist.otmod - encrypted
modules\game_spelllist\spelllist.otui - encrypted
modules\game_spellsound\game_spellsound.lua - lua bytecode encrypted
modules\game_spellsound\game_spellsound.lua - encrypted
modules\game_spellsound\game_spellsound.otmod - encrypted
modules\game_spellsound\spellsound.otui - encrypted
modules\game_talenttree\images\topbar_icon.png - encrypted
modules\game_talenttree\styles\styles.otui - encrypted
modules\game_talenttree\talenttree.lua - lua bytecode encrypted
modules\game_talenttree\talenttree.lua - encrypted
modules\game_talenttree\talenttree.otmod - encrypted
modules\game_talenttree\talenttree.otui - encrypted
modules\game_textmessage\textmessage.lua - lua bytecode encrypted
modules\game_textmessage\textmessage.lua - encrypted
modules\game_textmessage\textmessage.otmod - encrypted
modules\game_textmessage\textmessage.otui - encrypted
modules\game_textwindow\task.png - encrypted
modules\game_textwindow\textwindow.lua - lua bytecode encrypted
modules\game_textwindow\textwindow.lua - encrypted
modules\game_textwindow\textwindow.otmod - encrypted
modules\game_textwindow\textwindow.otui - encrypted
ERROR: Error while compressing
modules\game_things\.gitignore - already encrypted
modules\game_things\things.lua - lua bytecode encrypted
modules\game_things\things.lua - encrypted
modules\game_things\things.otmod - encrypted
modules\game_tooltips\item_tooltip.lua - lua bytecode encrypted
modules\game_tooltips\item_tooltip.lua - encrypted
modules\game_tooltips\item_tooltip.otmod - encrypted
modules\game_tooltips\item_tooltip.otui - encrypted
modules\game_tophmode\tophmode.lua - lua bytecode encrypted
modules\game_tophmode\tophmode.lua - encrypted
modules\game_tophmode\tophmode.otmod - encrypted
modules\game_trade\img\market.png - encrypted
modules\game_trade\market.lua - lua bytecode encrypted
modules\game_trade\market.lua - encrypted
modules\game_trade\market.otmod - encrypted
modules\game_trade\marketadd.otui - encrypted
modules\game_trade\marketbuy.otui - encrypted
modules\game_trade\marketremove.otui - encrypted
modules\game_trainwands\game_trainwands.lua - lua bytecode encrypted
modules\game_trainwands\game_trainwands.lua - encrypted
modules\game_trainwands\game_trainwands.otmod - encrypted
modules\game_viplist\addvip.otui - encrypted
modules\game_viplist\editvip.otui - encrypted
modules\game_viplist\viplist.lua - lua bytecode encrypted
modules\game_viplist\viplist.lua - encrypted
modules\game_viplist\viplist.otmod - encrypted
modules\game_viplist\viplist.otui - encrypted
modules\game_webview\init.lua - encrypted
modules\game_webview\overlay.html - encrypted
modules\game_webview\overlay.lua - lua bytecode encrypted
modules\game_webview\overlay.lua - encrypted
modules\game_webview\README.md - encrypted
modules\game_webview\sample.html - encrypted
modules\game_webview\test_blackbox.lua - lua bytecode encrypted
modules\game_webview\test_blackbox.lua - encrypted
modules\game_webview\webview.otml - encrypted
modules\game_webview\webview.otmod - encrypted
modules\game_webview\webview_demo.lua - lua bytecode encrypted
modules\game_webview\webview_demo.lua - encrypted
modules\locales\de.lua - lua bytecode encrypted
modules\locales\de.lua - encrypted
modules\locales\en.lua - lua bytecode encrypted
modules\locales\en.lua - encrypted
modules\locales\es.lua - lua bytecode encrypted
modules\locales\es.lua - encrypted
modules\locales\pl.lua - lua bytecode encrypted
modules\locales\pl.lua - encrypted
modules\locales\pt.lua - lua bytecode encrypted
modules\locales\pt.lua - encrypted
modules\locales\sv.lua - lua bytecode encrypted
modules\locales\sv.lua - encrypted
mods\.gitignore - encrypted
mods\ava_protocol\ava_configs.lua - lua bytecode encrypted
mods\ava_protocol\ava_configs.lua - encrypted
mods\ava_protocol\ava_protocol.lua - lua bytecode encrypted
mods\ava_protocol\ava_protocol.lua - encrypted
mods\ava_protocol\ava_protocol.otmod - encrypted
mods\ava_protocol\ava_protocol.otui - encrypted
mods\game_antibot\antibot.lua - lua bytecode encrypted
mods\game_antibot\antibot.lua - encrypted
mods\game_antibot\antibot.otmod - encrypted
mods\game_antibot\antibot.otui - encrypted
mods\game_antibot\atributos.png - encrypted
mods\game_antibot\icons\scrollbar.png - encrypted
mods\game_antibot\icons\time_icon.png - encrypted
mods\game_atributos\atributos.png - encrypted
mods\game_atributos\attrs.lua - lua bytecode encrypted
mods\game_atributos\attrs.lua - encrypted
mods\game_atributos\attrs.otmod - encrypted
mods\game_atributos\attrs.otui - encrypted
mods\game_atributos\icons\bend.png - encrypted
mods\game_atributos\icons\dodge.png - encrypted
mods\game_atributos\icons\health.png - encrypted
mods\game_atributos\icons\mana.png - encrypted
mods\game_atributos\icons\red bottom.png - encrypted
mods\game_atributos\icons\scrollbar - Copia.png - encrypted
mods\game_atributos\icons\scrollbar.png - encrypted
mods\game_atributos\icons\scrollbar2.png - encrypted
mods\game_buffs\buffs.lua - lua bytecode encrypted
mods\game_buffs\buffs.lua - encrypted
mods\game_buffs\buffs.otmod - encrypted
mods\game_buffs\buffs.otui - encrypted
mods\game_healthbars\healthbars.lua - lua bytecode encrypted
mods\game_healthbars\healthbars.lua - encrypted
mods\game_healthbars\healthbars.otmod - encrypted
mods\game_partyIcons\icons\Avatar.png - encrypted
mods\game_partyIcons\icons\Druid.png - encrypted
mods\game_partyIcons\icons\Knight.png - encrypted
mods\game_partyIcons\icons\None.png - encrypted
mods\game_partyIcons\icons\Paladin.png - encrypted
mods\game_partyIcons\icons\Sorcerer.png - encrypted
mods\game_partyIcons\icons.lua - lua bytecode encrypted
mods\game_partyIcons\icons.lua - encrypted
mods\game_partyIcons\Icons.otmod - encrypted
mods\game_partyIcons\icons.otui - encrypted
mods\game_shop\img\gold_coin.png - encrypted
mods\game_shop\img\tibia_coin.png - encrypted
mods\game_shop\json.lua - lua bytecode encrypted
mods\game_shop\json.lua - encrypted
mods\game_shop\shop.lua - lua bytecode encrypted
mods\game_shop\shop.lua - encrypted
mods\game_shop\shop.otmod - encrypted
mods\game_shop\shop.otui - encrypted
mods\game_tooltips\item_tooltip.lua - lua bytecode encrypted
mods\game_tooltips\item_tooltip.lua - encrypted
mods\game_tooltips\item_tooltip.otmod - encrypted
mods\game_tooltips\item_tooltip.otui - encrypted
mods\game_vocation_name\game_vocation_name.otmod - encrypted
mods\game_vocation_name\vocation_name.lua - lua bytecode encrypted
mods\game_vocation_name\vocation_name.lua - encrypted
mods\LICENSE.txt - encrypted
mods\README.txt - encrypted
----------------------
init.lua - encrypted
data\cursors\alvo.png - encrypted
data\cursors\cursors.otml - encrypted
data\cursors\horizontalcursor.png - encrypted
data\cursors\targetcursor.png - encrypted
data\cursors\textcursor.png - encrypted
data\cursors\verticalcursor.png - encrypted
data\fonts\ava.otfont - encrypted
data\fonts\ava.png - encrypted
data\fonts\baby-12.otfont - encrypted
data\fonts\baby-12.png - encrypted
data\fonts\cipsoftFont.otfont - encrypted
data\fonts\cipsoftFont.png - encrypted
data\fonts\consolechat-11px_cp1252.otfont - encrypted
data\fonts\Icon-VBold-11px.otfont - encrypted
data\fonts\Icon-VBold-11px.png - encrypted
data\fonts\new-verdana.png - encrypted
data\fonts\sans-bold-16px.otfont - encrypted
data\fonts\sans-bold-16px_cp1252.png - encrypted
data\fonts\terminus-10px.otfont - encrypted
data\fonts\terminus-10px.png - encrypted
data\fonts\terminus-14px-bold.otfont - encrypted
data\fonts\terminus-14px-bold.png - encrypted
data\fonts\Verdana Bold-11px.otfont - encrypted
data\fonts\Verdana Bold-11px.png - encrypted
data\fonts\verdana-11px-antialised.otfont - encrypted
data\fonts\verdana-11px-antialised_cp1250.png - encrypted
data\fonts\verdana-11px-antialised_cp1252.png - encrypted
data\fonts\verdana-11px-monochrome.otfont - encrypted
data\fonts\verdana-11px-monochrome_cp1250.png - encrypted
data\fonts\verdana-11px-monochrome_cp1252.png - encrypted
data\fonts\verdana-11px-rounded-new.otfont - encrypted
data\fonts\verdana-11px-rounded.otfont - encrypted
data\fonts\verdana-11px-rounded_cp1250.png - encrypted
data\fonts\verdana-11px-rounded_cp1252.png - encrypted
data\fonts\verdana-11px-rounded_cp1253.png - encrypted
data\fonts\verdana-11px-rounded_cp1254.png - encrypted
data\fonts\verdana-new.png - encrypted
data\fonts\verdana.otfont - encrypted
data\images\background.png - encrypted
data\images\background2.png - encrypted
data\images\bars\frame-bg.png - encrypted
data\images\bars\frame-outline.png - encrypted
data\images\bars\health1.png - encrypted
data\images\bars\mana-fill.png - encrypted
data\images\bars\mana1.png - encrypted
data\images\bars\ping-others.png - encrypted
data\images\bars\ping.png - encrypted
data\images\buffs\background.png - encrypted
data\images\buffs\buff_cosmic_insight.png - encrypted
data\images\buffs\buff_elementalist_passive1.png - encrypted
data\images\buffs\buff_elementalist_passive2.png - encrypted
data\images\buffs\buff_elementalist_passive3.png - encrypted
data\images\buffs\buff_shaman_passive.png - encrypted
data\images\buffs\buff_wizard_passive1.png - encrypted
data\images\buffs\buff_wizard_passive2.png - encrypted
data\images\buffs\buff_wizard_passive3.png - encrypted
data\images\buffs\debuff_slow.png - encrypted
data\images\buffs\exp_scroll.png - encrypted
data\images\buffs\frame-2-gold.png - encrypted
data\images\buffs\frame-2-magenta.png - encrypted
data\images\buffs\frame-2-orange.png - encrypted
data\images\buffs\frame-6-sky.png - encrypted
data\images\buffs\frame-7-blue.png - encrypted
data\images\buffs\frame-8-acid.png - encrypted
data\images\buffs\frame-9-grey.png - encrypted
data\images\buffs\frame-9-jade.png - encrypted
data\images\buffs\frame-9-red.png - encrypted
data\images\buffs\rect.png - encrypted
data\images\buffs\utamo_tempo.png - encrypted
data\images\buffs\utamo_tempo_san.png - encrypted
data\images\buffs\utamo_vita.png - encrypted
data\images\buffs\utana_vid.png - encrypted
data\images\buffs\utani_gran_hur.png - encrypted
data\images\buffs\utani_hur.png - encrypted
data\images\buffs\utani_tempo_hur.png - encrypted
data\images\buffs\utura.png - encrypted
data\images\buffs\utura_gran.png - encrypted
data\images\clienticon.png - encrypted
data\images\elements\2.png - encrypted
data\images\elements\3.png - encrypted
data\images\elements\4.png - encrypted
data\images\flags\de.png - encrypted
data\images\flags\en.png - encrypted
data\images\flags\es.png - encrypted
data\images\flags\pl.png - encrypted
data\images\flags\pt.png - encrypted
data\images\flags\sv.png - encrypted
data\images\folds\air\1.png - encrypted
data\images\folds\air\10.png - encrypted
data\images\folds\air\11.png - encrypted
data\images\folds\air\12.png - encrypted
data\images\folds\air\13.png - encrypted
data\images\folds\air\14.png - encrypted
data\images\folds\air\15.png - encrypted
data\images\folds\air\16.png - encrypted
data\images\folds\air\17.png - encrypted
data\images\folds\air\18.png - encrypted
data\images\folds\air\19.png - encrypted
data\images\folds\air\2.png - encrypted
data\images\folds\air\20.png - encrypted
data\images\folds\air\21.png - encrypted
data\images\folds\air\22.png - encrypted
data\images\folds\air\23.png - encrypted
data\images\folds\air\24.png - encrypted
data\images\folds\air\3.png - encrypted
data\images\folds\air\4.png - encrypted
data\images\folds\air\5.png - encrypted
data\images\folds\air\6.png - encrypted
data\images\folds\air\7.png - encrypted
data\images\folds\air\8.png - encrypted
data\images\folds\air\9.png - encrypted
data\images\folds\air\Air Fan.png - encrypted
data\images\folds\air\Air Gust.png - encrypted
data\images\folds\air\Air Hurricane.png - encrypted
data\images\folds\air\Air Wings.png - encrypted
data\images\folds\earth\1.png - encrypted
data\images\folds\earth\10.png - encrypted
data\images\folds\earth\11.png - encrypted
data\images\folds\earth\12.png - encrypted
data\images\folds\earth\13.png - encrypted
data\images\folds\earth\14.png - encrypted
data\images\folds\earth\15.png - encrypted
data\images\folds\earth\16.png - encrypted
data\images\folds\earth\17.png - encrypted
data\images\folds\earth\18.png - encrypted
data\images\folds\earth\19.png - encrypted
data\images\folds\earth\2.png - encrypted
data\images\folds\earth\20.png - encrypted
data\images\folds\earth\21.png - encrypted
data\images\folds\earth\22.png - encrypted
data\images\folds\earth\23.png - encrypted
data\images\folds\earth\24.png - encrypted
data\images\folds\earth\3.png - encrypted
data\images\folds\earth\4.png - encrypted
data\images\folds\earth\5.png - encrypted
data\images\folds\earth\6.png - encrypted
data\images\folds\earth\7.png - encrypted
data\images\folds\earth\8.png - encrypted
data\images\folds\earth\9.png - encrypted
data\images\folds\fire\1.png - encrypted
data\images\folds\fire\10.png - encrypted
data\images\folds\fire\11.png - encrypted
data\images\folds\fire\12.png - encrypted
data\images\folds\fire\13.png - encrypted
data\images\folds\fire\14.png - encrypted
data\images\folds\fire\15.png - encrypted
data\images\folds\fire\16.png - encrypted
data\images\folds\fire\17.png - encrypted
data\images\folds\fire\18.png - encrypted
data\images\folds\fire\19.png - encrypted
data\images\folds\fire\2.png - encrypted
data\images\folds\fire\20.png - encrypted
data\images\folds\fire\21.png - encrypted
data\images\folds\fire\22.png - encrypted
data\images\folds\fire\23.png - encrypted
data\images\folds\fire\24.png - encrypted
data\images\folds\fire\3.png - encrypted
data\images\folds\fire\4.png - encrypted
data\images\folds\fire\5.png - encrypted
data\images\folds\fire\6.png - encrypted
data\images\folds\fire\7.png - encrypted
data\images\folds\fire\8.png - encrypted
data\images\folds\fire\9.png - encrypted
data\images\folds\fire\Fire Kick.png - encrypted
data\images\folds\moldura.png - encrypted
data\images\folds\water\1.png - encrypted
data\images\folds\water\10.png - encrypted
data\images\folds\water\11.png - encrypted
data\images\folds\water\12.png - encrypted
data\images\folds\water\13.png - encrypted
data\images\folds\water\14.png - encrypted
data\images\folds\water\15.png - encrypted
data\images\folds\water\16.png - encrypted
data\images\folds\water\17.png - encrypted
data\images\folds\water\18.png - encrypted
data\images\folds\water\19.png - encrypted
data\images\folds\water\2.png - encrypted
data\images\folds\water\20.png - encrypted
data\images\folds\water\21.png - encrypted
data\images\folds\water\22.png - encrypted
data\images\folds\water\23.png - encrypted
data\images\folds\water\24.png - encrypted
data\images\folds\water\3.png - encrypted
data\images\folds\water\4.png - encrypted
data\images\folds\water\5.png - encrypted
data\images\folds\water\6.png - encrypted
data\images\folds\water\7.png - encrypted
data\images\folds\water\8.png - encrypted
data\images\folds\water\9.png - encrypted
data\images\game\actionbar\actionbarslot.png - encrypted
data\images\game\battle\battle_monsters.png - encrypted
data\images\game\battle\battle_npcs.png - encrypted
data\images\game\battle\battle_party.png - encrypted
data\images\game\battle\battle_players.png - encrypted
data\images\game\battle\battle_skulls.png - encrypted
data\images\game\combatmodes\chasemode.png - encrypted
data\images\game\combatmodes\chasemode1.png - encrypted
data\images\game\combatmodes\fightbalanced.png - encrypted
data\images\game\combatmodes\fightbalanced1.png - encrypted
data\images\game\combatmodes\fightdefensive.png - encrypted
data\images\game\combatmodes\fightdefensive1.png - encrypted
data\images\game\combatmodes\fightoffensive.png - encrypted
data\images\game\combatmodes\fightoffensive1.png - encrypted
data\images\game\combatmodes\mount.png - encrypted
data\images\game\combatmodes\redfistmode.png - encrypted
data\images\game\combatmodes\safefight.png - encrypted
data\images\game\combatmodes\safefight1.png - encrypted
data\images\game\combatmodes\whitedovemode.png - encrypted
data\images\game\combatmodes\whitehandmode.png - encrypted
data\images\game\combatmodes\yellowhandmode.png - encrypted
data\images\game\console\channels.png - encrypted
data\images\game\console\clearchannel.png - encrypted
data\images\game\console\closechannel.png - encrypted
data\images\game\console\ignore.png - encrypted
data\images\game\console\leftarrow.png - encrypted
data\images\game\console\rightarrow.png - encrypted
data\images\game\console\say.png - encrypted
data\images\game\console\whisper.png - encrypted
data\images\game\console\yell.png - encrypted
data\images\game\dangerous.png - encrypted
data\images\game\destiny_wheel\menuBg.png - encrypted
data\images\game\emblems\emblem_air.png - encrypted
data\images\game\emblems\emblem_blue.png - encrypted
data\images\game\emblems\emblem_earth.png - encrypted
data\images\game\emblems\emblem_fire.png - encrypted
data\images\game\emblems\emblem_green.png - encrypted
data\images\game\emblems\emblem_red.png - encrypted
data\images\game\emblems\emblem_water.png - encrypted
data\images\game\helperimg\OFF.png - encrypted
data\images\game\helperimg\ON.png - encrypted
data\images\game\helperimg\plus.png - encrypted
data\images\game\minimap\cross.png - encrypted
data\images\game\minimap\flag0.png - encrypted
data\images\game\minimap\flag1.png - encrypted
data\images\game\minimap\flag10.png - encrypted
data\images\game\minimap\flag11.png - encrypted
data\images\game\minimap\flag12.png - encrypted
data\images\game\minimap\flag13.png - encrypted
data\images\game\minimap\flag14.png - encrypted
data\images\game\minimap\flag15.png - encrypted
data\images\game\minimap\flag16.png - encrypted
data\images\game\minimap\flag17.png - encrypted
data\images\game\minimap\flag18.png - encrypted
data\images\game\minimap\flag19.png - encrypted
data\images\game\minimap\flag2.png - encrypted
data\images\game\minimap\flag3.png - encrypted
data\images\game\minimap\flag4.png - encrypted
data\images\game\minimap\flag5.png - encrypted
data\images\game\minimap\flag6.png - encrypted
data\images\game\minimap\flag7.png - encrypted
data\images\game\minimap\flag8.png - encrypted
data\images\game\minimap\flag9.png - encrypted
data\images\game\minimap\flagcheckbox.png - encrypted
data\images\game\minimap\floor_down.png - encrypted
data\images\game\minimap\floor_up.png - encrypted
data\images\game\minimap\huntdot.png - encrypted
data\images\game\minimap\zoom_in.png - encrypted
data\images\game\minimap\zoom_out.png - encrypted
data\images\game\npcicons\icon_chat.png - encrypted
data\images\game\npcicons\icon_quest.png - encrypted
data\images\game\npcicons\icon_trade.png - encrypted
data\images\game\npcicons\icon_tradequest.png - encrypted
data\images\game\offset\Direita.png - encrypted
data\images\game\offset\Esquerda.png - encrypted
data\images\game\offset\Floor.png - encrypted
data\images\game\offset\icon.png - encrypted
data\images\game\offset\Norte.png - encrypted
data\images\game\offset\Reset.png - encrypted
data\images\game\offset\Sul.png - encrypted
data\images\game\offset\textbox.png - encrypted
data\images\game\shields\shield_blue.png - encrypted
data\images\game\shields\shield_blue1.png - encrypted
data\images\game\shields\shield_blue_not_shared.png - encrypted
data\images\game\shields\shield_blue_not_shared1.png - encrypted
data\images\game\shields\shield_blue_shared.png - encrypted
data\images\game\shields\shield_blue_shared1.png - encrypted
data\images\game\shields\shield_blue_white.png - encrypted
data\images\game\shields\shield_blue_white1.png - encrypted
data\images\game\shields\shield_gray.png - encrypted
data\images\game\shields\shield_gray1.png - encrypted
data\images\game\shields\shield_yellow.png - encrypted
data\images\game\shields\shield_yellow1.png - encrypted
data\images\game\shields\shield_yellow_not_shared.png - encrypted
data\images\game\shields\shield_yellow_not_shared1.png - encrypted
data\images\game\shields\shield_yellow_shared.png - encrypted
data\images\game\shields\shield_yellow_shared1.png - encrypted
data\images\game\shields\shield_yellow_white.png - encrypted
data\images\game\shields\shield_yellow_white1.png - encrypted
data\images\game\skulls\skull_black.png - encrypted
data\images\game\skulls\skull_green.png - encrypted
data\images\game\skulls\skull_orange.png - encrypted
data\images\game\skulls\skull_red.png - encrypted
data\images\game\skulls\skull_white.png - encrypted
data\images\game\skulls\skull_yellow.png - encrypted
data\images\game\slots\ammo.png - encrypted
data\images\game\slots\back.png - encrypted
data\images\game\slots\body.png - encrypted
data\images\game\slots\camera.png - encrypted
data\images\game\slots\feet.png - encrypted
data\images\game\slots\finger.png - encrypted
data\images\game\slots\head.png - encrypted
data\images\game\slots\left-hand.png - encrypted
data\images\game\slots\legs.png - encrypted
data\images\game\slots\momopouch.png - encrypted
data\images\game\slots\neck.png - encrypted
data\images\game\slots\purse.png - encrypted
data\images\game\slots\right-hand.png - encrypted
data\images\game\spells\cooldowns.png - encrypted
data\images\game\spells\defaultspells.png - encrypted
data\images\game\states\bleeding.png - encrypted
data\images\game\states\burning.png - encrypted
data\images\game\states\cursed.png - encrypted
data\images\game\states\dazzled.png - encrypted
data\images\game\states\drowning.png - encrypted
data\images\game\states\drunk.png - encrypted
data\images\game\states\electrified.png - encrypted
data\images\game\states\freezing.png - encrypted
data\images\game\states\haste.png - encrypted
data\images\game\states\hungry.png - encrypted
data\images\game\states\logout_block.png - encrypted
data\images\game\states\magic_shield.png - encrypted
data\images\game\states\poisoned.png - encrypted
data\images\game\states\protection_zone.png - encrypted
data\images\game\states\protection_zone_block.png - encrypted
data\images\game\states\slowed.png - encrypted
data\images\game\states\strengthened.png - encrypted
data\images\game\summon_other.png - encrypted
data\images\game\summon_own.png - encrypted
data\images\game\tutorial\backdrop_crestr.png - encrypted
data\images\game\viplist\icons.png - encrypted
data\images\game\viplist\vipcheckbox.png - encrypted
data\images\icon.png - encrypted
data\images\icons\icon-healing.png - encrypted
data\images\miniicons\healcut.png - encrypted
data\images\miniicons\hungry.png - encrypted
data\images\miniicons\nomana.png - encrypted
data\images\optionstab\audio.png - encrypted
data\images\optionstab\console.png - encrypted
data\images\optionstab\game.png - encrypted
data\images\optionstab\graphics.png - encrypted
data\images\optionstab\name-label.png - encrypted
data\images\shaders\rainbow.png - encrypted
data\images\skin\show-gui-help-grey.png - encrypted
data\images\skin\show-gui-help-red.png - encrypted
data\images\stickers\background.png - encrypted
data\images\stickers\emoji.png - encrypted
data\images\stickers\stickerSpeechBubble.png - encrypted
data\images\stickers\test1.png - encrypted
data\images\stickers\test2.png - encrypted
data\images\stickers\test3.png - encrypted
data\images\stickers\test4.png - encrypted
data\images\stickers\test5.png - encrypted
data\images\stickers\test6.png - encrypted
data\images\stickers\test7.png - encrypted
data\images\stickers\test8.png - encrypted
data\images\stickers\test9.png - encrypted
data\images\store\bazaar-add-item.png - encrypted
data\images\store\button-erase-small-down.png - encrypted
data\images\store\button-erase-small-up.png - encrypted
data\images\store\icon-yes.png - encrypted
data\images\tooltip_bg.png - encrypted
data\images\topbuttons\appa.png - encrypted
data\images\topbuttons\atributos.png - encrypted
data\images\topbuttons\audio.png - encrypted
data\images\topbuttons\audio_mute.png - encrypted
data\images\topbuttons\base.png - encrypted
data\images\topbuttons\battle.png - encrypted
data\images\topbuttons\battle2.png - encrypted
data\images\topbuttons\cast.png - encrypted
data\images\topbuttons\cd.png - encrypted
data\images\topbuttons\code.png - encrypted
data\images\topbuttons\combatcontrols.png - encrypted
data\images\topbuttons\Conquistas.png - encrypted
data\images\topbuttons\cooldowns.png - encrypted
data\images\topbuttons\dailyhunt.png - encrypted
data\images\topbuttons\drop.png - encrypted
data\images\topbuttons\EXP.png - encrypted
data\images\topbuttons\guild.png - encrypted
data\images\topbuttons\healthinfo.png - encrypted
data\images\topbuttons\Helper.png - encrypted
data\images\topbuttons\hotkeys.pdn - encrypted
data\images\topbuttons\hotkeys.png - encrypted
data\images\topbuttons\huntfinder.png - encrypted
data\images\topbuttons\inventory.png - encrypted
data\images\topbuttons\login.png - encrypted
data\images\topbuttons\logout.png - encrypted
data\images\topbuttons\Magicmeter.png - encrypted
data\images\topbuttons\market.png - encrypted
data\images\topbuttons\marketinterrog.png - encrypted
data\images\topbuttons\minimap.png - encrypted
data\images\topbuttons\modulemanager.png - encrypted
data\images\topbuttons\motd.png - encrypted
data\images\topbuttons\Navigation.png - encrypted
data\images\topbuttons\options.png - encrypted
data\images\topbuttons\particles.png - encrypted
data\images\topbuttons\PartyDPS.png - encrypted
data\images\topbuttons\questlog.png - encrypted
data\images\topbuttons\shop.png - encrypted
data\images\topbuttons\skills.png - encrypted
data\images\topbuttons\spelllist.png - encrypted
data\images\topbuttons\talenttree.png - encrypted
data\images\topbuttons\terminal.png - encrypted
data\images\topbuttons\topbuttons.rar - encrypted
data\images\topbuttons\viplist.png - encrypted
data\images\ui\1pixel-down-frame.png - encrypted
data\images\ui\2pixel-up-frame-borderimage.png - encrypted
data\images\ui\3pixel-frame-borderimage.png - encrypted
data\images\ui\arrow_horizontal.png - encrypted
data\images\ui\arrow_vertical.png - encrypted
data\images\ui\button.png - encrypted
data\images\ui\button1 (2).png - encrypted
data\images\ui\button1.png - encrypted
data\images\ui\buttons-blue.png - encrypted
data\images\ui\button_popupmenu.png - encrypted
data\images\ui\button_popupmenu1.png - encrypted
data\images\ui\button_rounded.png - encrypted
data\images\ui\button_rounded1.png - encrypted
data\images\ui\button_square.png - encrypted
data\images\ui\button_square1.png - encrypted
data\images\ui\button_topgame.png - encrypted
data\images\ui\checkbox.png - encrypted
data\images\ui\checkbox1.png - encrypted
data\images\ui\colorbox.png - encrypted
data\images\ui\combobox.png - encrypted
data\images\ui\combobox_rounded.png - encrypted
data\images\ui\combobox_square.png - encrypted
data\images\ui\depotsearch.png - encrypted
data\images\ui\ditherpattern.png - encrypted
data\images\ui\hierarchy-branch.png - encrypted
data\images\ui\icon_add.png - encrypted
data\images\ui\Image_2D_0165_0798.png - encrypted
data\images\ui\inventario_slot.png - encrypted
data\images\ui\item - Copia.png - encrypted
data\images\ui\item.png - encrypted
data\images\ui\item1.png - encrypted
data\images\ui\menubox.png - encrypted
data\images\ui\miniborder.png - encrypted
data\images\ui\miniwindow.png - encrypted
data\images\ui\miniwindow_buttons.png - encrypted
data\images\ui\panel_bottom.png - encrypted
data\images\ui\panel_container.png - encrypted
data\images\ui\panel_content.png - encrypted
data\images\ui\panel_flat.png - encrypted
data\images\ui\panel_lightflat.png - encrypted
data\images\ui\panel_map.png - encrypted
data\images\ui\panel_side.png - encrypted
data\images\ui\panel_top.png - encrypted
data\images\ui\percent-buttons.png - encrypted
data\images\ui\percentBg.png - encrypted
data\images\ui\progressbar - Copia.png - encrypted
data\images\ui\progressbar.png - encrypted
data\images\ui\rmv-button.png - encrypted
data\images\ui\scrollbar.png - encrypted
data\images\ui\scrollbar1.png - encrypted
data\images\ui\separator_horizontal - Copia.png - encrypted
data\images\ui\separator_horizontal.png - encrypted
data\images\ui\separator_vertical.png - encrypted
data\images\ui\spinbox.png - encrypted
data\images\ui\spinbox_down.png - encrypted
data\images\ui\spinbox_up.png - encrypted
data\images\ui\t2pixel-up-frame-borderimage.png - encrypted
data\images\ui\tabbutton_rounded.png - encrypted
data\images\ui\tabbutton_square.png - encrypted
data\images\ui\textedit.png - encrypted
data\images\ui\ui.zip - encrypted
data\images\ui\window.png - encrypted
data\images\ui\window_headless.png - encrypted
data\loadingimages\appa.png - encrypted
data\locales\de.lua - lua bytecode encrypted
data\locales\de.lua - encrypted
data\locales\en.lua - lua bytecode encrypted
data\locales\en.lua - encrypted
data\locales\es.lua - lua bytecode encrypted
data\locales\es.lua - encrypted
data\locales\pl.lua - lua bytecode encrypted
data\locales\pl.lua - encrypted
data\locales\pt.lua - lua bytecode encrypted
data\locales\pt.lua - encrypted
data\locales\sv.lua - lua bytecode encrypted
data\locales\sv.lua - encrypted
data\normalmaps\README.md - encrypted
data\particles\particle.png - encrypted
data\particles\particles.otps - encrypted
data\shaders\background_particles_fragment.frag - encrypted
data\shaders\entergame_glow_fragment.frag - encrypted
data\shaders\healthbar_bg.frag - encrypted
data\shaders\healthbar_bg_1.frag - encrypted
data\shaders\healthbar_bg_2.frag - encrypted
data\shaders\healthbar_bg_3.frag - encrypted
data\shaders\healthbar_bg_4.frag - encrypted
data\shaders\item_tier_1.frag - encrypted
data\shaders\item_tier_10.frag - encrypted
data\shaders\item_tier_2.frag - encrypted
data\shaders\item_tier_3.frag - encrypted
data\shaders\item_tier_4.frag - encrypted
data\shaders\item_tier_5.frag - encrypted
data\shaders\item_tier_6.frag - encrypted
data\shaders\item_tier_7.frag - encrypted
data\shaders\item_tier_8.frag - encrypted
data\shaders\item_tier_9.frag - encrypted
data\shaders\item_tier_fragment.frag - encrypted
data\shaders\item_tier_vertex.frag - encrypted
data\shaders\map_cloudy_fade_out_fragment.frag - encrypted
data\shaders\map_cloudy_fragment.frag - encrypted
data\shaders\map_cloudy_vertex.frag - encrypted
data\shaders\map_default_fragment.frag - encrypted
data\shaders\map_default_vertex.frag - encrypted
data\shaders\map_fade_in_fragment.frag - encrypted
data\shaders\map_fade_out_fragment.frag - encrypted
data\shaders\map_lens_fragment.frag - encrypted
data\shaders\map_overlay_dim_fragment.frag - encrypted
data\shaders\map_rainbow_fragment.frag - encrypted
data\shaders\map_rainbow_vertex.frag - encrypted
data\shaders\map_toph_fragment.frag - encrypted
data\shaders\novos\amazin\outfit_monsterrarity_holy_fragment.frag - encrypted
data\shaders\novos\amazin\outfit_monsterrarity_holy_vertex.frag - encrypted
data\shaders\novos\aqua.png - encrypted
data\shaders\novos\border_glow_fragment.frag - encrypted
data\shaders\novos\border_glow_vertex.frag - encrypted
data\shaders\novos\contrast2_fragment.frag - encrypted
data\shaders\novos\contrast_fragment.frag - encrypted
data\shaders\novos\contrast_vertex.frag - encrypted
data\shaders\novos\cosmetic_transition_fragment.frag - encrypted
data\shaders\novos\deuteranopia_fragment.frag - encrypted
data\shaders\novos\deuteranopia_vertex.frag - encrypted
data\shaders\novos\done\outfit_colorizingWave_fragment.frag - encrypted
data\shaders\novos\done\outfit_colorizingWave_vertex.frag - encrypted
data\shaders\novos\done\outfit_matrixFall_fragment.frag - encrypted
data\shaders\novos\done\outfit_matrixFall_vertex.frag - encrypted
data\shaders\novos\done\outfit_rainbowRGB_fragment.frag - encrypted
data\shaders\novos\done\outfit_rainbowRGB_vertex.frag - encrypted
data\shaders\novos\done\outfit_rainbowWave_fragment.frag - encrypted
data\shaders\novos\done\outfit_rainbowWave_vertex.frag - encrypted
data\shaders\novos\done\outfit_redGlow_fragment.frag - encrypted
data\shaders\novos\done\outfit_redGlow_vertex.frag - encrypted
data\shaders\novos\done\outfit_shine_fragment.frag - encrypted
data\shaders\novos\done\outfit_shine_vertex.frag - encrypted
data\shaders\novos\done\outfit_starsLinkDarken_fragment.frag - encrypted
data\shaders\novos\done\outfit_starsLinkDarken_vertex.frag - encrypted
data\shaders\novos\done\outfit_starsRainbowNebula_fragment.frag - encrypted
data\shaders\novos\done\outfit_starsRainbowNebula_vertex.frag - encrypted
data\shaders\novos\glitch_relentless_fragment.frag - encrypted
data\shaders\novos\glitch_relentless_vertex.frag - encrypted
data\shaders\novos\goldglow_fragment.frag - encrypted
data\shaders\novos\goldglow_vertex.frag - encrypted
data\shaders\novos\greenwaves_fragment.frag - encrypted
data\shaders\novos\item\rarity_corrupted.frag - encrypted
data\shaders\novos\item\rarity_epic.frag - encrypted
data\shaders\novos\item\rarity_legendary.frag - encrypted
data\shaders\novos\item\rarity_rare.frag - encrypted
data\shaders\novos\item\rarity_uncommon.frag - encrypted
data\shaders\novos\item_transmute_blackout_fragment.frag - encrypted
data\shaders\novos\item_transmute_blackout_vertex.frag - encrypted
data\shaders\novos\item_transmute_dust_dissolve_fragment.frag - encrypted
data\shaders\novos\item_transmute_dust_dissolve_vertex.frag - encrypted
data\shaders\novos\item_transmute_hide_fragment.frag - encrypted
data\shaders\novos\item_transmute_hide_vertex.frag - encrypted
data\shaders\novos\item_transmute_outline_fail_fragment.frag - encrypted
data\shaders\novos\item_transmute_outline_success_fragment.frag - encrypted
data\shaders\novos\item_transmute_reveal_fragment.frag - encrypted
data\shaders\novos\item_transmute_reveal_vertex.frag - encrypted
data\shaders\novos\item_transmute_shatter_fragment.frag - encrypted
data\shaders\novos\item_transmute_shatter_vertex.frag - encrypted
data\shaders\novos\item_transmute_tierup_aura_fragment.frag - encrypted
data\shaders\novos\item_transmute_tierup_edge_fragment.frag - encrypted
data\shaders\novos\lib\compat.glsl - encrypted
data\shaders\novos\map_aurora_fragment.frag - encrypted
data\shaders\novos\map_aurora_vertex.frag - encrypted
data\shaders\novos\map_blur_high_fragment.frag - encrypted
data\shaders\novos\map_blur_high_vertex.frag - encrypted
data\shaders\novos\map_blur_low_fragment.frag - encrypted
data\shaders\novos\map_blur_low_vertex.frag - encrypted
data\shaders\novos\map_blur_medium_fragment.frag - encrypted
data\shaders\novos\map_blur_medium_vertex.frag - encrypted
data\shaders\novos\map_cloudy_fragment.frag - encrypted
data\shaders\novos\map_cloudy_vertex.frag - encrypted
data\shaders\novos\map_crystalcavern_fragment.frag - encrypted
data\shaders\novos\map_crystalcavern_vertex.frag - encrypted
data\shaders\novos\map_deathgas_fragment.frag - encrypted
data\shaders\novos\map_deathgas_vertex.frag - encrypted
data\shaders\novos\map_default_fragment.frag - encrypted
data\shaders\novos\map_default_vertex.frag - encrypted
data\shaders\novos\map_dreamworld_fragment.frag - encrypted
data\shaders\novos\map_dreamworld_vertex.frag - encrypted
data\shaders\novos\map_drunk_fragment.frag - encrypted
data\shaders\novos\map_drunk_vertex.frag - encrypted
data\shaders\novos\map_firestorm_blue_fragment.frag - encrypted
data\shaders\novos\map_firestorm_blue_vertex.frag - encrypted
data\shaders\novos\map_firestorm_fragment.frag - encrypted
data\shaders\novos\map_firestorm_green_fragment.frag - encrypted
data\shaders\novos\map_firestorm_green_vertex.frag - encrypted
data\shaders\novos\map_firestorm_intense_fragment.frag - encrypted
data\shaders\novos\map_firestorm_intense_vertex.frag - encrypted
data\shaders\novos\map_firestorm_purple_fragment.frag - encrypted
data\shaders\novos\map_firestorm_purple_vertex.frag - encrypted
data\shaders\novos\map_firestorm_subtle_fragment.frag - encrypted
data\shaders\novos\map_firestorm_subtle_vertex.frag - encrypted
data\shaders\novos\map_firestorm_vertex.frag - encrypted
data\shaders\novos\map_fog_fragment.frag - encrypted
data\shaders\novos\map_fog_vertex.frag - encrypted
data\shaders\novos\map_frozen_fragment.frag - encrypted
data\shaders\novos\map_frozen_vertex.frag - encrypted
data\shaders\novos\map_heatwave_fragment.frag - encrypted
data\shaders\novos\map_heatwave_vertex.frag - encrypted
data\shaders\novos\map_moonlight_fragment.frag - encrypted
data\shaders\novos\map_moonlight_vertex.frag - encrypted
data\shaders\novos\map_nightmare_fragment.frag - encrypted
data\shaders\novos\map_nightmare_vertex.frag - encrypted
data\shaders\novos\map_rainbow_fragment.frag - encrypted
data\shaders\novos\map_rainbow_vertex.frag - encrypted
data\shaders\novos\map_rain_fragment.frag - encrypted
data\shaders\novos\map_rain_vertex.frag - encrypted
data\shaders\novos\map_sandstorm_fragment.frag - encrypted
data\shaders\novos\map_sandstorm_vertex.frag - encrypted
data\shaders\novos\map_shader330_fragment.frag - encrypted
data\shaders\novos\map_shader330_vertex.frag - encrypted
data\shaders\novos\map_shadowrealm_fragment.frag - encrypted
data\shaders\novos\map_shadowrealm_vertex.frag - encrypted
data\shaders\novos\map_snow_fragment.frag - encrypted
data\shaders\novos\map_snow_vertex.frag - encrypted
data\shaders\novos\map_sunset_fragment.frag - encrypted
data\shaders\novos\map_sunset_vertex.frag - encrypted
data\shaders\novos\map_thunderstorm_fragment.frag - encrypted
data\shaders\novos\map_thunderstorm_vertex.frag - encrypted
data\shaders\novos\map_toxicfog_fragment.frag - encrypted
data\shaders\novos\map_toxicfog_vertex.frag - encrypted
data\shaders\novos\map_underwater_fragment.frag - encrypted
data\shaders\novos\map_underwater_vertex.frag - encrypted
data\shaders\novos\map_vignette_fragment.frag - encrypted
data\shaders\novos\map_vignette_vertex.frag - encrypted
data\shaders\novos\map_visionlimit_fragment.frag - encrypted
data\shaders\novos\map_visionlimit_vertex.frag - encrypted
data\shaders\novos\map_volcanoash_fragment.frag - encrypted
data\shaders\novos\map_volcanoash_vertex.frag - encrypted
data\shaders\novos\name_chromatic_fragment.frag - encrypted
data\shaders\novos\name_fire_fragment.frag - encrypted
data\shaders\novos\name_glitch_fragment.frag - encrypted
data\shaders\novos\name_gold_fragment.frag - encrypted
data\shaders\novos\name_gradient_blue_fragment.frag - encrypted
data\shaders\novos\name_ice_fragment.frag - encrypted
data\shaders\novos\name_matrix_fragment.frag - encrypted
data\shaders\novos\name_neon_fragment.frag - encrypted
data\shaders\novos\name_phantom_fragment.frag - encrypted
data\shaders\novos\name_pulse_fragment.frag - encrypted
data\shaders\novos\name_rainbow_fragment.frag - encrypted
data\shaders\novos\name_shadow_fragment.frag - encrypted
data\shaders\novos\name_static_fragment.frag - encrypted
data\shaders\novos\name_vertex.frag - encrypted
data\shaders\novos\name_wave_fragment.frag - encrypted
data\shaders\novos\news\blur.vert - encrypted
data\shaders\novos\news\chromatic-aberration.frag - encrypted
data\shaders\novos\news\combine.frag - encrypted
data\shaders\novos\news\convolve-1d.frag - encrypted
data\shaders\novos\news\copy.frag - encrypted
data\shaders\novos\news\crt.frag - encrypted
data\shaders\novos\news\default.vert - encrypted
data\shaders\novos\news\film-grain.frag - encrypted
data\shaders\novos\news\fisheye.frag - encrypted
data\shaders\novos\news\fisheye_vertex.frag - encrypted
data\shaders\novos\news\fxaa.frag - encrypted
data\shaders\novos\news\gamma-threshold.frag - encrypted
data\shaders\novos\news\lens-flare.frag - encrypted
data\shaders\novos\news\levels.frag - encrypted
data\shaders\novos\news\mix.frag - encrypted
data\shaders\novos\news\nfaa.frag - encrypted
data\shaders\novos\news\old-tv.frag - encrypted
data\shaders\novos\news\radial-blur_fragment.frag - encrypted
data\shaders\novos\news\radial-blur_vertex.vert - encrypted
data\shaders\novos\news\radial-distortion.frag - encrypted
data\shaders\novos\news\screenspace.vert - encrypted
data\shaders\novos\news\vignetting.frag - encrypted
data\shaders\novos\news\water-distortion.frag - encrypted
data\shaders\novos\news\zoom.frag - encrypted
data\shaders\novos\news\zoom.vert - encrypted
data\shaders\novos\outfit_arcane_overlay_fragment.frag - encrypted
data\shaders\novos\outfit_arcane_overlay_vertex.frag - encrypted
data\shaders\novos\outfit_blessed_error_fragment.frag - encrypted
data\shaders\novos\outfit_blessed_fragment.frag - encrypted
data\shaders\novos\outfit_blessed_vertex.frag - encrypted
data\shaders\novos\outfit_bounce_fragment.frag - encrypted
data\shaders\novos\outfit_bounce_high_blue_fragment.frag - encrypted
data\shaders\novos\outfit_bounce_high_fragment.frag - encrypted
data\shaders\novos\outfit_bounce_high_green_fragment.frag - encrypted
data\shaders\novos\outfit_bounce_high_vertex.frag - encrypted
data\shaders\novos\outfit_bounce_sideways_fragment.frag - encrypted
data\shaders\novos\outfit_bounce_sideways_vertex.frag - encrypted
data\shaders\novos\outfit_bounce_vertex.frag - encrypted
data\shaders\novos\outfit_brazil_fragment.frag - encrypted
data\shaders\novos\outfit_brazil_vertex.frag - encrypted
data\shaders\novos\outfit_bubble_blue_fragment.frag - encrypted
data\shaders\novos\outfit_bubble_fragment.frag - encrypted
data\shaders\novos\outfit_bubble_green_fragment.frag - encrypted
data\shaders\novos\outfit_bubble_vertex.frag - encrypted
data\shaders\novos\outfit_bubble_watery_vertex.frag - encrypted
data\shaders\novos\outfit_camouflage_fragment.frag - encrypted
data\shaders\novos\outfit_camouflage_vertex.frag - encrypted
data\shaders\novos\outfit_celestial_radiance_vertex.frag - encrypted
data\shaders\novos\outfit_circle2_fragment.frag - encrypted
data\shaders\novos\outfit_circle2_vertex.frag - encrypted
data\shaders\novos\outfit_circle3_fragment.frag - encrypted
data\shaders\novos\outfit_circle3_vertex.frag - encrypted
data\shaders\novos\outfit_circle4_fragment.frag - encrypted
data\shaders\novos\outfit_circle4_vertex.frag - encrypted
data\shaders\novos\outfit_circle_fragment.frag - encrypted
data\shaders\novos\outfit_circle_vertex.frag - encrypted
data\shaders\novos\outfit_colorizingWave_fragment.frag - encrypted
data\shaders\novos\outfit_colorizingWave_vertex.frag - encrypted
data\shaders\novos\outfit_cosmic_flow_fragment.frag - encrypted
data\shaders\novos\outfit_cosmic_flow_vertex.frag - encrypted
data\shaders\novos\outfit_cosmic_fragment.frag - encrypted
data\shaders\novos\outfit_cosmic_vertex.frag - encrypted
data\shaders\novos\outfit_cosmos_fragment.frag - encrypted
data\shaders\novos\outfit_cosmos_vertex.frag - encrypted
data\shaders\novos\outfit_cursed_fragment.frag - encrypted
data\shaders\novos\outfit_cursed_vertex.frag - encrypted
data\shaders\novos\outfit_cyber_glitch_fragment.frag - encrypted
data\shaders\novos\outfit_cyber_glitch_vertex.frag - encrypted
data\shaders\novos\outfit_cyber_matrix_fragment.frag - encrypted
data\shaders\novos\outfit_cyber_matrix_vertex.frag - encrypted
data\shaders\novos\outfit_default_fragment.frag - encrypted
data\shaders\novos\outfit_default_vertex.frag - encrypted
data\shaders\novos\outfit_drunk_fragment.frag - encrypted
data\shaders\novos\outfit_drunk_vertex.frag - encrypted
data\shaders\novos\outfit_dual_energy_fragment.frag - encrypted
data\shaders\novos\outfit_dual_glitter_fragment.frag - encrypted
data\shaders\novos\outfit_dual_texture_fragment.frag - encrypted
data\shaders\novos\outfit_dual_texture_vertex.frag - encrypted
data\shaders\novos\outfit_electric_eel_fragment.frag - encrypted
data\shaders\novos\outfit_electric_eel_vertex.frag - encrypted
data\shaders\novos\outfit_electric_fragment.frag - encrypted
data\shaders\novos\outfit_electric_goldgreen_fragment.frag - encrypted
data\shaders\novos\outfit_electric_goldgreen_vertex.frag - encrypted
data\shaders\novos\outfit_electric_green_fragment.frag - encrypted
data\shaders\novos\outfit_electric_green_vertex.frag - encrypted
data\shaders\novos\outfit_electric_purple_fragment.frag - encrypted
data\shaders\novos\outfit_electric_purple_vertex.frag - encrypted
data\shaders\novos\outfit_electric_red_fragment.frag - encrypted
data\shaders\novos\outfit_electric_red_vertex.frag - encrypted
data\shaders\novos\outfit_electric_southeast_fragment.frag - encrypted
data\shaders\novos\outfit_electric_southeast_vertex.frag - encrypted
data\shaders\novos\outfit_electric_vertex.frag - encrypted
data\shaders\novos\outfit_falling_stars_fragment.frag - encrypted
data\shaders\novos\outfit_falling_stars_vertex.frag - encrypted
data\shaders\novos\outfit_fire_fragment.frag - encrypted
data\shaders\novos\outfit_fire_vertex.frag - encrypted
data\shaders\novos\outfit_fizzy_blue_fragment.frag - encrypted
data\shaders\novos\outfit_fizzy_fragment.frag - encrypted
data\shaders\novos\outfit_fizzy_green_fragment.frag - encrypted
data\shaders\novos\outfit_fizzy_guitar_fragment.frag - encrypted
data\shaders\novos\outfit_fizzy_guitar_vertex.frag - encrypted
data\shaders\novos\outfit_fizzy_pink_fragment.frag - encrypted
data\shaders\novos\outfit_fizzy_purple_fragment.frag - encrypted
data\shaders\novos\outfit_fizzy_vertex.frag - encrypted
data\shaders\novos\outfit_flame_knight_fragment.frag - encrypted
data\shaders\novos\outfit_flame_knight_vertex.frag - encrypted
data\shaders\novos\outfit_fractal_flame_fragment.frag - encrypted
data\shaders\novos\outfit_fractal_flame_vertex.frag - encrypted
data\shaders\novos\outfit_ghost_fragment.frag - encrypted
data\shaders\novos\outfit_ghost_vertex.frag - encrypted
data\shaders\novos\outfit_glitch_fragment.frag - encrypted
data\shaders\novos\outfit_glitch_vertex.frag - encrypted
data\shaders\novos\outfit_glittering_ruby_fragment.frag - encrypted
data\shaders\novos\outfit_glittering_ruby_vertex.frag - encrypted
data\shaders\novos\outfit_glitter_oceangreen_fragment.frag - encrypted
data\shaders\novos\outfit_glitter_oceangreen_vertex.frag - encrypted
data\shaders\novos\outfit_glitter_purple_fragment.frag - encrypted
data\shaders\novos\outfit_glitter_purple_vertex.frag - encrypted
data\shaders\novos\outfit_glitter_twitch_fragment.frag - encrypted
data\shaders\novos\outfit_glitter_twitch_vertex.frag - encrypted
data\shaders\novos\outfit_gold_fragment.frag - encrypted
data\shaders\novos\outfit_gold_vertex.frag - encrypted
data\shaders\novos\outfit_goofy_stretchy_fragment.frag - encrypted
data\shaders\novos\outfit_goofy_stretchy_vertex.frag - encrypted
data\shaders\novos\outfit_grayscale.frag - encrypted
data\shaders\novos\outfit_grayscale_vertex.frag - encrypted
data\shaders\novos\outfit_hologram_glitch_fragment.frag - encrypted
data\shaders\novos\outfit_hologram_glitch_vertex.frag - encrypted
data\shaders\novos\outfit_huegreen_fragment.frag - encrypted
data\shaders\novos\outfit_huegreen_vertex.frag - encrypted
data\shaders\novos\outfit_inverted_fragment.frag - encrypted
data\shaders\novos\outfit_inverted_vertex.frag - encrypted
data\shaders\novos\outfit_jello_fragment.frag - encrypted
data\shaders\novos\outfit_jello_vertex.frag - encrypted
data\shaders\novos\outfit_jumping_fixed_fragment.frag - encrypted
data\shaders\novos\outfit_jumping_fixed_vertex.frag - encrypted
data\shaders\novos\outfit_jumping_fragment.frag - encrypted
data\shaders\novos\outfit_jumping_vertex.frag - encrypted
data\shaders\novos\outfit_lava_fragment.frag - encrypted
data\shaders\novos\outfit_lava_vertex.frag - encrypted
data\shaders\novos\outfit_lightning_storm_fragment.frag - encrypted
data\shaders\novos\outfit_lightning_storm_vertex.frag - encrypted
data\shaders\novos\outfit_line_fragment.frag - encrypted
data\shaders\novos\outfit_line_vertex.frag - encrypted
data\shaders\novos\outfit_matrixFall_fragment.frag - encrypted
data\shaders\novos\outfit_matrixFall_vertex.frag - encrypted
data\shaders\novos\outfit_metallic_bronze_fragment.frag - encrypted
data\shaders\novos\outfit_metallic_bronze_vertex.frag - encrypted
data\shaders\novos\outfit_metallic_fragment.frag - encrypted
data\shaders\novos\outfit_metallic_gold_fragment.frag - encrypted
data\shaders\novos\outfit_metallic_gold_vertex.frag - encrypted
data\shaders\novos\outfit_metallic_purple_fragment.frag - encrypted
data\shaders\novos\outfit_metallic_purple_vertex.frag - encrypted
data\shaders\novos\outfit_metallic_silver_fragment.frag - encrypted
data\shaders\novos\outfit_metallic_silver_vertex.frag - encrypted
data\shaders\novos\outfit_metallic_vertex.frag - encrypted
data\shaders\novos\outfit_mexican_fiesta_fragment.frag - encrypted
data\shaders\novos\outfit_mexican_fiesta_vertex.frag - encrypted
data\shaders\novos\outfit_midget_fragment.frag - encrypted
data\shaders\novos\outfit_midget_vertex.frag - encrypted
data\shaders\novos\outfit_molten_crystal_fragment.frag - encrypted
data\shaders\novos\outfit_molten_crystal_vertex.frag - encrypted
data\shaders\novos\outfit_monsterrarity_cosmos_fragment.frag - encrypted
data\shaders\novos\outfit_monsterrarity_cosmos_vertex.frag - encrypted
data\shaders\novos\outfit_monsterrarity_death_vertex.frag - encrypted
data\shaders\novos\outfit_monsterrarity_earth_fragment.frag - encrypted
data\shaders\novos\outfit_monsterrarity_earth_vertex.frag - encrypted
data\shaders\novos\outfit_monsterrarity_energy_fragment.frag - encrypted
data\shaders\novos\outfit_monsterrarity_energy_vertex.frag - encrypted
data\shaders\novos\outfit_monsterrarity_fire_fragment.frag - encrypted
data\shaders\novos\outfit_monsterrarity_fire_vertex.frag - encrypted
data\shaders\novos\outfit_monsterrarity_holy_fragment.frag - encrypted
data\shaders\novos\outfit_monsterrarity_holy_vertex.frag - encrypted
data\shaders\novos\outfit_monsterrarity_ice_fragment.frag - encrypted
data\shaders\novos\outfit_monsterrarity_ice_vertex.frag - encrypted
data\shaders\novos\outfit_mystical_aura_fragment.frag - encrypted
data\shaders\novos\outfit_mystical_aura_vertex.frag - encrypted
data\shaders\novos\outfit_neon_cyber_fragment.frag - encrypted
data\shaders\novos\outfit_neon_cyber_vertex.frag - encrypted
data\shaders\novos\outfit_neon_green_fragment.frag - encrypted
data\shaders\novos\outfit_neon_green_vertex.frag - encrypted
data\shaders\novos\outfit_neon_purple_fragment.frag - encrypted
data\shaders\novos\outfit_neon_purple_vertex.frag - encrypted
data\shaders\novos\outfit_neon_red_fragment.frag - encrypted
data\shaders\novos\outfit_neon_red_vertex.frag - encrypted
data\shaders\novos\outfit_onsale_fragment.frag - encrypted
data\shaders\novos\outfit_onsale_vertex.frag - encrypted
data\shaders\novos\outfit_outlineblack_fragment.frag - encrypted
data\shaders\novos\outfit_outlineblack_vertex.frag - encrypted
data\shaders\novos\outfit_outlinegreen_fragment.frag - encrypted
data\shaders\novos\outfit_outlinegreen_vertex.frag - encrypted
data\shaders\novos\outfit_outlinegrey_fragment.frag - encrypted
data\shaders\novos\outfit_outlinegrey_vertex.frag - encrypted
data\shaders\novos\outfit_outlinered_fragment.frag - encrypted
data\shaders\novos\outfit_outlinered_vertex.frag - encrypted
data\shaders\novos\outfit_outlinewhite_fragment.frag - encrypted
data\shaders\novos\outfit_outlinewhite_vertex.frag - encrypted
data\shaders\novos\outfit_outlineyellow_fragment.frag - encrypted
data\shaders\novos\outfit_outlineyellow_vertex.frag - encrypted
data\shaders\novos\outfit_outline_fragment.frag - encrypted
data\shaders\novos\outfit_outline_vertex.frag - encrypted
data\shaders\novos\outfit_overtexture_shimmering_fragment.frag - encrypted
data\shaders\novos\outfit_overtexture_shimmering_vertex.frag - encrypted
data\shaders\novos\outfit_pantone_gradient_fragment.frag - encrypted
data\shaders\novos\outfit_pantone_gradient_vertex.frag - encrypted
data\shaders\novos\outfit_pantone_spectrum_fragment.frag - encrypted
data\shaders\novos\outfit_pantone_spectrum_vertex.frag - encrypted
data\shaders\novos\outfit_pixelated_fragment.frag - encrypted
data\shaders\novos\outfit_pixelated_vertex.frag - encrypted
data\shaders\novos\outfit_pixel_lava_fragment.frag - encrypted
data\shaders\novos\outfit_pixel_lava_vertex.frag - encrypted
data\shaders\novos\outfit_plasmic_fast_fragment.frag - encrypted
data\shaders\novos\outfit_plasmic_fast_vertex.frag - encrypted
data\shaders\novos\outfit_plasmic_fragment.frag - encrypted
data\shaders\novos\outfit_plasmic_ocean_fragment.frag - encrypted
data\shaders\novos\outfit_plasmic_ocean_vertex.frag - encrypted
data\shaders\novos\outfit_plasmic_purple_fragment.frag - encrypted
data\shaders\novos\outfit_plasmic_purple_vertex.frag - encrypted
data\shaders\novos\outfit_plasmic_toxic_fragment.frag - encrypted
data\shaders\novos\outfit_plasmic_toxic_vertex.frag - encrypted
data\shaders\novos\outfit_plasmic_vertex.frag - encrypted
data\shaders\novos\outfit_poisoned_fragment.frag - encrypted
data\shaders\novos\outfit_poisoned_vertex.frag - encrypted
data\shaders\novos\outfit_prismatic_downward_fragment.frag - encrypted
data\shaders\novos\outfit_prismatic_downward_vertex.frag - encrypted
data\shaders\novos\outfit_prismatic_fragment.frag - encrypted
data\shaders\novos\outfit_prismatic_vertex.frag - encrypted
data\shaders\novos\outfit_pulsing_rings_fragment.frag - encrypted
data\shaders\novos\outfit_pulsing_rings_vertex.frag - encrypted
data\shaders\novos\outfit_purpleneon_fragment.frag - encrypted
data\shaders\novos\outfit_purpleneon_vertex.frag - encrypted
data\shaders\novos\outfit_purplesky_fragment.frag - encrypted
data\shaders\novos\outfit_purplesky_vertex.frag - encrypted
data\shaders\novos\outfit_rainbowRGB_fragment.frag - encrypted
data\shaders\novos\outfit_rainbowRGB_vertex.frag - encrypted
data\shaders\novos\outfit_rainbowWave_fragment.frag - encrypted
data\shaders\novos\outfit_rainbowWave_vertex.frag - encrypted
data\shaders\novos\outfit_rainbow_basic_fragment.frag - encrypted
data\shaders\novos\outfit_rainbow_basic_vertex.frag - encrypted
data\shaders\novos\outfit_rainbow_cascade_fragment.frag - encrypted
data\shaders\novos\outfit_rainbow_cascade_vertex.frag - encrypted
data\shaders\novos\outfit_rainbow_epilepsy_fragment.frag - encrypted
data\shaders\novos\outfit_rainbow_epilepsy_vertex.frag - encrypted
data\shaders\novos\outfit_rainbow_fast_fragment.frag - encrypted
data\shaders\novos\outfit_rainbow_fast_vertex.frag - encrypted
data\shaders\novos\outfit_rainbow_fragment.frag - encrypted
data\shaders\novos\outfit_rainbow_mutation_fragment.frag - encrypted
data\shaders\novos\outfit_rainbow_mutation_vertex.frag - encrypted
data\shaders\novos\outfit_rainbow_ripple_fragment.frag - encrypted
data\shaders\novos\outfit_rainbow_ripple_vertex.frag - encrypted
data\shaders\novos\outfit_rainbow_turbo_fragment.frag - encrypted
data\shaders\novos\outfit_rainbow_turbo_vertex.frag - encrypted
data\shaders\novos\outfit_rainbow_vertex.frag - encrypted
data\shaders\novos\outfit_redGlow_fragment.frag - encrypted
data\shaders\novos\outfit_redGlow_vertex.frag - encrypted
data\shaders\novos\outfit_retro_pixelated_fragment.frag - encrypted
data\shaders\novos\outfit_retro_pixelated_vertex.frag - encrypted
data\shaders\novos\outfit_ruby_fragment.frag - encrypted
data\shaders\novos\outfit_ruby_vertex.frag - encrypted
data\shaders\novos\outfit_shadow_cloak_fragment.frag - encrypted
data\shaders\novos\outfit_shadow_cloak_vertex.frag - encrypted
data\shaders\novos\outfit_shimmering_fragment.frag - encrypted
data\shaders\novos\outfit_shimmering_vertex.frag - encrypted
data\shaders\novos\outfit_shine_fragment.frag - encrypted
data\shaders\novos\outfit_shine_vertex.frag - encrypted
data\shaders\novos\outfit_shockwave_fragment.frag - encrypted
data\shaders\novos\outfit_shockwave_vertex.frag - encrypted
data\shaders\novos\outfit_silly_googly_fragment.frag - encrypted
data\shaders\novos\outfit_silly_googly_vertex.frag - encrypted
data\shaders\novos\outfit_snow_fragment.frag - encrypted
data\shaders\novos\outfit_snow_vertex.frag - encrypted
data\shaders\novos\outfit_split_fragment.frag - encrypted
data\shaders\novos\outfit_split_vertex.frag - encrypted
data\shaders\novos\outfit_stargaze_fragment.frag - encrypted
data\shaders\novos\outfit_stargaze_vertex.frag - encrypted
data\shaders\novos\outfit_starsLinkDarken_fragment.frag - encrypted
data\shaders\novos\outfit_starsLinkDarken_vertex.frag - encrypted
data\shaders\novos\outfit_starsover2_fragment.frag - encrypted
data\shaders\novos\outfit_starsover3_fragment.frag - encrypted
data\shaders\novos\outfit_starsover4_fragment.frag - encrypted
data\shaders\novos\outfit_starsover_fragment.frag - encrypted
data\shaders\novos\outfit_starsover_improved_vertex.frag - encrypted
data\shaders\novos\outfit_starsover_vertex.frag - encrypted
data\shaders\novos\outfit_starsRainbowNebula_vertex.frag - encrypted
data\shaders\novos\outfit_static_noise_fragment.frag - encrypted
data\shaders\novos\outfit_static_noise_vertex.frag - encrypted
data\shaders\novos\outfit_swamp_bugs_fragment.frag - encrypted
data\shaders\novos\outfit_swamp_bugs_vertex.frag - encrypted
data\shaders\novos\outfit_swamp_fragment.frag - encrypted
data\shaders\novos\outfit_swamp_vertex.frag - encrypted
data\shaders\novos\outfit_tall_fragment.frag - encrypted
data\shaders\novos\outfit_tall_vertex.frag - encrypted
data\shaders\novos\outfit_testMovingImg_fragment.frag - encrypted
data\shaders\novos\outfit_testMovingImg_vertex.frag - encrypted
data\shaders\novos\outfit_textured_rings_fragment.frag - encrypted
data\shaders\novos\outfit_textured_rings_vertex.frag - encrypted
data\shaders\novos\outfit_toph_fragment.frag - encrypted
data\shaders\novos\outfit_toph_vertex.frag - encrypted
data\shaders\novos\outfit_trippy_fragment.frag - encrypted
data\shaders\novos\outfit_trippy_vertex.frag - encrypted
data\shaders\novos\outfit_tunnel_vortex_blue_fragment.frag - encrypted
data\shaders\novos\outfit_tunnel_vortex_blue_vertex.frag - encrypted
data\shaders\novos\outfit_tunnel_vortex_fragment.frag - encrypted
data\shaders\novos\outfit_tunnel_vortex_gold_fragment.frag - encrypted
data\shaders\novos\outfit_tunnel_vortex_gold_vertex.frag - encrypted
data\shaders\novos\outfit_tunnel_vortex_green_fragment.frag - encrypted
data\shaders\novos\outfit_tunnel_vortex_green_vertex.frag - encrypted
data\shaders\novos\outfit_tunnel_vortex_neon_fragment.frag - encrypted
data\shaders\novos\outfit_tunnel_vortex_neon_vertex.frag - encrypted
data\shaders\novos\outfit_tunnel_vortex_purple_fragment.frag - encrypted
data\shaders\novos\outfit_tunnel_vortex_purple_vertex.frag - encrypted
data\shaders\novos\outfit_tunnel_vortex_red_fragment.frag - encrypted
data\shaders\novos\outfit_tunnel_vortex_red_vertex.frag - encrypted
data\shaders\novos\outfit_tunnel_vortex_vertex.frag - encrypted
data\shaders\novos\outfit_velvet_fragment.frag - encrypted
data\shaders\novos\outfit_velvet_vertex.frag - encrypted
data\shaders\novos\outfit_vortex_fragment.frag - encrypted
data\shaders\novos\outfit_vortex_glitter_fragment.frag - encrypted
data\shaders\novos\outfit_vortex_glitter_vertex.frag - encrypted
data\shaders\novos\outfit_vortex_vertex.frag - encrypted
data\shaders\novos\outfit_wave_fragment.frag - encrypted
data\shaders\novos\outfit_wave_vertex.frag - encrypted
data\shaders\novos\outfit_whiplash_fragment.frag - encrypted
data\shaders\novos\outfit_whiplash_vertex.frag - encrypted
data\shaders\novos\outline\outfit_outlineblack_fragment.frag - encrypted
data\shaders\novos\outline\outfit_outlineblack_vertex.frag - encrypted
data\shaders\novos\outline\outfit_outlinegreen_fragment.frag - encrypted
data\shaders\novos\outline\outfit_outlinegreen_vertex.frag - encrypted
data\shaders\novos\outline\outfit_outlinegrey_fragment.frag - encrypted
data\shaders\novos\outline\outfit_outlinegrey_vertex.frag - encrypted
data\shaders\novos\outline\outfit_outlinered_fragment.frag - encrypted
data\shaders\novos\outline\outfit_outlinered_vertex.frag - encrypted
data\shaders\novos\outline\outline_rainbow_fragment.frag - encrypted
data\shaders\novos\outline\outline_red_fragment.frag - encrypted
data\shaders\novos\outlinered_fragment.frag - encrypted
data\shaders\novos\outlinered_vertex.frag - encrypted
data\shaders\novos\outline_rainbow_fragment.frag - encrypted
data\shaders\novos\outline_rainbow_vertex.frag - encrypted
data\shaders\novos\outline_red_fragment.frag - encrypted
data\shaders\novos\outline_red_vertex.frag - encrypted
data\shaders\novos\outline_testOutline_fragment.frag - encrypted
data\shaders\novos\outline_testOutline_vertex.frag - encrypted
data\shaders\novos\protanopia_fragment.frag - encrypted
data\shaders\novos\protanopia_vertex.frag - encrypted
data\shaders\novos\rainbow_fragment.frag - encrypted
data\shaders\novos\rainbow_vertex.frag - encrypted
data\shaders\novos\redwaves_fragment.frag - encrypted
data\shaders\novos\redwaves_vertex.frag - encrypted
data\shaders\novos\retro_fragment.frag - encrypted
data\shaders\novos\retro_vertex.frag - encrypted
data\shaders\novos\ruby.png - encrypted
data\shaders\novos\small_fragment.frag - encrypted
data\shaders\novos\small_vertex.frag - encrypted
data\shaders\novos\tritanopia_fragment.frag - encrypted
data\shaders\novos\tritanopia_vertex.frag - encrypted
data\shaders\novos\ui\tooltip_epic_fragment.frag - encrypted
data\shaders\novos\ui\tooltip_gradient_vertex.frag - encrypted
data\shaders\novos\ui\tooltip_legendary_fragment.frag - encrypted
data\shaders\novos\ui\tooltip_mythic_fragment.frag - encrypted
data\shaders\novos\ui\tooltip_rare_fragment.frag - encrypted
data\shaders\novos\ui\tooltip_strange_fragment.frag - encrypted
data\shaders\novos\ui\ui_chance_bar_fragment.frag - encrypted
data\shaders\novos\ui\ui_chance_bar_vertex.frag - encrypted
data\shaders\novos\ui\ui_corrupted_fragment.frag - encrypted
data\shaders\novos\ui\ui_corrupted_vertex.frag - encrypted
data\shaders\novos\ui\ui_epic_fragment.frag - encrypted
data\shaders\novos\ui\ui_epic_vertex.frag - encrypted
data\shaders\novos\ui\ui_goldglitter_fragment.frag - encrypted
data\shaders\novos\ui\ui_goldglitter_vertex.frag - encrypted
data\shaders\novos\ui\ui_grayscale_blur_fragment.frag - encrypted
data\shaders\novos\ui\ui_grayscale_fragment.frag - encrypted
data\shaders\novos\ui\ui_grayscale_vertex.frag - encrypted
data\shaders\novos\ui\ui_legendary_fragment.frag - encrypted
data\shaders\novos\ui\ui_legendary_vertex.frag - encrypted
data\shaders\novos\ui\ui_mythic_fragment.frag - encrypted
data\shaders\novos\ui\ui_mythic_vertex.frag - encrypted
data\shaders\novos\ui\ui_rainbow_fragment.frag - encrypted
data\shaders\novos\ui\ui_rainbow_vertex.frag - encrypted
data\shaders\novos\ui\ui_rare_fragment.frag - encrypted
data\shaders\novos\ui\ui_rare_vertex.frag - encrypted
data\shaders\novos\ui\ui_uncommon_fragment.frag - encrypted
data\shaders\novos\ui\ui_uncommon_vertex.frag - encrypted
data\shaders\novos\uniform mat4 u_Color;.txt - encrypted
data\shaders\novos\whitebalance_fragment.frag - encrypted
data\shaders\novos\widget_fragment.frag - encrypted
data\shaders\novos\widget_vertex.frag - encrypted
data\shaders\outfit_spiritual_fragment.frag - encrypted
data\shaders\outfit_spiritual_vertex.frag - encrypted
data\shaders\sky_clouds_fragment.frag - encrypted
data\shaders\sky_clouds_vertex.frag - encrypted
data\shaders\spellbar_bg.frag - encrypted
data\shaders\spellbar_bg_1.frag - encrypted
data\shaders\spellbar_bg_2.frag - encrypted
data\shaders\spellbar_bg_3.frag - encrypted
data\shaders\spellbar_bg_4.frag - encrypted
data\shaders\talent_border_glow.frag - encrypted
data\shaders\tooltip_tier_1.frag - encrypted
data\shaders\tooltip_tier_10.frag - encrypted
data\shaders\tooltip_tier_2.frag - encrypted
data\shaders\tooltip_tier_3.frag - encrypted
data\shaders\tooltip_tier_4.frag - encrypted
data\shaders\tooltip_tier_5.frag - encrypted
data\shaders\tooltip_tier_6.frag - encrypted
data\shaders\tooltip_tier_7.frag - encrypted
data\shaders\tooltip_tier_8.frag - encrypted
data\shaders\tooltip_tier_9.frag - encrypted
data\shaders\tooltip_tier_vertex.frag - encrypted
data\sounds\Agua\Water cannon.ogg - encrypted
data\sounds\Agua\Water explosion.ogg - encrypted
data\sounds\Agua\Water heal.ogg - encrypted
data\sounds\Agua\Water icespikes.ogg - encrypted
data\sounds\Agua\Water jump.ogg - encrypted
data\sounds\Agua\Water recover.ogg - encrypted
data\sounds\Agua\Water regen.ogg - encrypted
data\sounds\Agua\Water res.ogg - encrypted
data\sounds\Agua\Water shards.ogg - encrypted
data\sounds\Agua\Water whip.ogg - encrypted
data\sounds\Bombermanevent\theme.ogg - encrypted
data\sounds\README.txt - encrypted
data\sounds\Terra\Earth Collapse.ogg - encrypted
data\sounds\Terra\Earth crush.ogg - encrypted
data\sounds\Terra\Earth fury.ogg - encrypted
data\sounds\Terra\Earth Growth.ogg - encrypted
data\sounds\Terra\Earth jump.ogg - encrypted
data\sounds\Terra\Earth petrify.ogg - encrypted
data\sounds\Terra\Earth pull.ogg - encrypted
data\sounds\Terra\Earth punch.ogg - encrypted
data\sounds\Terra\Earth recover.ogg - encrypted
data\sounds\Terra\Earth rock.ogg - encrypted
data\sounds\Terra\Water explosion.ogg - encrypted
data\sounds\Terra\Water heal.ogg - encrypted
data\sounds\Terra\Water shards.ogg - encrypted
data\styles\10-buttons.otui - encrypted
data\styles\10-checkboxes - Copia.otui - encrypted
data\styles\10-checkboxes.otui - encrypted
data\styles\10-comboboxes.otui - encrypted
data\styles\10-creaturebuttons.otui - encrypted
data\styles\10-creatures.otui - encrypted
data\styles\10-items.otui - encrypted
data\styles\10-labels - Copia.otui - encrypted
data\styles\10-labels.otui - encrypted
data\styles\10-listboxes.otui - encrypted
data\styles\10-panels.otui - encrypted
data\styles\10-progressbars.otui - encrypted
data\styles\10-scrollbars.otui - encrypted
data\styles\10-separators.otui - encrypted
data\styles\10-splitters.otui - encrypted
data\styles\10-textedits.otui - encrypted
data\styles\10-windows.otui - encrypted
data\styles\20-imageview.otui - encrypted
data\styles\20-popupmenus.otui - encrypted
data\styles\20-spinboxes.otui - encrypted
data\styles\20-tabbars.otui - encrypted
data\styles\20-tables.otui - encrypted
data\styles\20-topmenu.otui - encrypted
data\styles\30-inputboxes.otui - encrypted
data\styles\30-messageboxes.otui - encrypted
data\styles\30-minimap.otui - encrypted
data\styles\30-miniwindow.otui - encrypted
data\styles\helper_picker.otui - encrypted
data\styles\stickers.otui - encrypted
data\things\860\Tibia.otfi - encrypted
data\things\860\Tibia.otml - encrypted
data\things\860\Tibia_backup.otml - encrypted
data\things\things.otml - encrypted
data\things\things.otml.bak_wands - encrypted
modules\bomberman_button\bomberman_button.lua - lua bytecode encrypted
modules\bomberman_button\bomberman_button.lua - encrypted
modules\bomberman_button\bomberman_button.otmod - encrypted
modules\bomberman_button\bomberman_button.otui - encrypted
modules\bomberman_music\bomberman_music.lua - lua bytecode encrypted
modules\bomberman_music\bomberman_music.lua - encrypted
modules\bomberman_music\bomberman_music.otmod - encrypted
modules\client\client.lua - lua bytecode encrypted
modules\client\client.lua - encrypted
modules\client\client.otmod - encrypted
modules\client_background\background.lua - lua bytecode encrypted
modules\client_background\background.lua - encrypted
modules\client_background\background.otmod - encrypted
modules\client_background\background.otui - encrypted
modules\client_entergame\characterlist.lua - lua bytecode encrypted
modules\client_entergame\characterlist.lua - encrypted
modules\client_entergame\characterlist.otui - encrypted
modules\client_entergame\config.lua - lua bytecode encrypted
modules\client_entergame\config.lua - encrypted
modules\client_entergame\createaccount.lua - lua bytecode encrypted
modules\client_entergame\createaccount.lua - encrypted
modules\client_entergame\createaccount.otui - encrypted
modules\client_entergame\entergame.lua - lua bytecode encrypted
modules\client_entergame\entergame.lua - encrypted
modules\client_entergame\entergame.otmod - encrypted
modules\client_entergame\entergame.otui - encrypted
modules\client_entergame\logo.pdn - encrypted
modules\client_entergame\logo.png - encrypted
modules\client_entergame\logo.rar - encrypted
modules\client_entergame\waitinglist.otui - encrypted
modules\client_loading\client_loading.otmod - encrypted
modules\client_loading\img\bar_fill.png - encrypted
modules\client_loading\img\bar_track.png - encrypted
modules\client_loading\img\vignette.png - encrypted
modules\client_loading\loading.lua - lua bytecode encrypted
modules\client_loading\loading.lua - encrypted
modules\client_loading\loading.otui - encrypted
modules\client_locales\locales.lua - lua bytecode encrypted
modules\client_locales\locales.lua - encrypted
modules\client_locales\locales.otmod - encrypted
modules\client_locales\locales.otui - encrypted
modules\client_locales\neededtranslations.lua - lua bytecode encrypted
modules\client_locales\neededtranslations.lua - encrypted
modules\client_modulemanager\modulemanager.lua - lua bytecode encrypted
modules\client_modulemanager\modulemanager.lua - encrypted
modules\client_modulemanager\modulemanager.otmod - encrypted
modules\client_modulemanager\modulemanager.otui - encrypted
modules\client_options\audio.otui - encrypted
modules\client_options\buttons\background.png - encrypted
modules\client_options\buttons\background_hover.png - encrypted
modules\client_options\buttons\background_normal.png - encrypted
modules\client_options\buttons\bgbtn.png - encrypted
modules\client_options\buttons\bgwhite.png - encrypted
modules\client_options\buttons\smallbutton.png - encrypted
modules\client_options\buttons\smallbutton_hovered.png - encrypted
modules\client_options\console.otui - encrypted
modules\client_options\corner_menu.otui - encrypted
modules\client_options\effects.otui - encrypted
modules\client_options\fun.otui - encrypted
modules\client_options\game.otui - encrypted
modules\client_options\graphics.otui - encrypted
modules\client_options\options.lua - lua bytecode encrypted
modules\client_options\options.lua - encrypted
modules\client_options\options.lua.bak_walkflow - encrypted
modules\client_options\options.otmod - encrypted
modules\client_options\options.otui - encrypted
modules\client_options\settings\attached_background.png - encrypted
modules\client_options\settings\background.png - encrypted
modules\client_options\settings\backgroundPanel.png - encrypted
modules\client_options\settings\bgitemselect.png - encrypted
modules\client_options\settings\bgitemselectactive.png - encrypted
modules\client_options\settings\bgslider.png - encrypted
modules\client_options\settings\bgslideractive.png - encrypted
modules\client_options\settings\Botao base.png - encrypted
modules\client_options\settings\channel_change_icon.png - encrypted
modules\client_options\settings\checkbox.png - encrypted
modules\client_options\settings\checkboxactive.png - encrypted
modules\client_options\settings\close_button.png - encrypted
modules\client_options\settings\close_button_active.png - encrypted
modules\client_options\settings\combobox.png - encrypted
modules\client_options\settings\comboboxactive.png - encrypted
modules\client_options\settings\corner_button_menu.png - encrypted
modules\client_options\settings\corner_button_options_right.png - encrypted
modules\client_options\settings\cursorslider.png - encrypted
modules\client_options\settings\daily_task_button.png - encrypted
modules\client_options\settings\edgevertical.png - encrypted
modules\client_options\settings\edge_bottom.png - encrypted
modules\client_options\settings\edge_top.png - encrypted
modules\client_options\settings\helper_button.png - encrypted
modules\client_options\settings\hotkeys\category_column_bg.png - encrypted
modules\client_options\settings\hotkeys\category_item_bg.png - encrypted
modules\client_options\settings\hotkeys\category_item_key_bg.png - encrypted
modules\client_options\settings\hotkeys\category_item_key_bg_error.png - encrypted
modules\client_options\settings\hotkeys\category_item_key_bg_hover.png - encrypted
modules\client_options\settings\hotkeys\category_item_key_bg_on.png - encrypted
modules\client_options\settings\hotkeys\expand_minus.png - encrypted
modules\client_options\settings\hotkeys\expand_plus.png - encrypted
modules\client_options\settings\hotkeys\info_bg.png - encrypted
modules\client_options\settings\hotkeys\info_icon.png - encrypted
modules\client_options\settings\iconpanel.png - encrypted
modules\client_options\settings\inventory_button.png - encrypted
modules\client_options\settings\minimap_button.png - encrypted
modules\client_options\settings\options.png - encrypted
modules\client_options\settings\top_button_shop.png - encrypted
modules\client_options\styles\controller\controller.otui - encrypted
modules\client_serverlist\addserver.lua - lua bytecode encrypted
modules\client_serverlist\addserver.lua - encrypted
modules\client_serverlist\addserver.otui - encrypted
modules\client_serverlist\serverlist.lua - lua bytecode encrypted
modules\client_serverlist\serverlist.lua - encrypted
modules\client_serverlist\serverlist.otmod - encrypted
modules\client_serverlist\serverlist.otui - encrypted
modules\client_stats\stats.lua - lua bytecode encrypted
modules\client_stats\stats.lua - encrypted
modules\client_stats\stats.otmod - encrypted
modules\client_styles\styles.lua - lua bytecode encrypted
modules\client_styles\styles.lua - encrypted
modules\client_styles\styles.otmod - encrypted
modules\client_terminal\commands.lua - lua bytecode encrypted
modules\client_terminal\commands.lua - encrypted
modules\client_terminal\terminal.lua - lua bytecode encrypted
modules\client_terminal\terminal.lua - encrypted
modules\client_terminal\terminal.otmod - encrypted
modules\client_terminal\terminal.otui - encrypted
modules\client_topmenu\game_menu.otui - encrypted
modules\client_topmenu\topmenu.lua - lua bytecode encrypted
modules\client_topmenu\topmenu.lua - encrypted
modules\client_topmenu\topmenu.otmod - encrypted
modules\client_topmenu\topmenu.otui - encrypted
modules\corelib\bitwise.lua - lua bytecode encrypted
modules\corelib\bitwise.lua - encrypted
modules\corelib\config.lua - lua bytecode encrypted
modules\corelib\config.lua - encrypted
modules\corelib\const.lua - lua bytecode encrypted
modules\corelib\const.lua - encrypted
modules\corelib\corelib.otmod - encrypted
modules\corelib\globals.lua - lua bytecode encrypted
modules\corelib\globals.lua - encrypted
modules\corelib\inputmessage.lua - lua bytecode encrypted
modules\corelib\inputmessage.lua - encrypted
modules\corelib\json.lua - lua bytecode encrypted
modules\corelib\json.lua - encrypted
modules\corelib\keyboard.lua - lua bytecode encrypted
modules\corelib\keyboard.lua - encrypted
modules\corelib\math.lua - lua bytecode encrypted
modules\corelib\math.lua - encrypted
modules\corelib\mouse.lua - lua bytecode encrypted
modules\corelib\mouse.lua - encrypted
modules\corelib\net.lua - lua bytecode encrypted
modules\corelib\net.lua - encrypted
modules\corelib\outputmessage.lua - lua bytecode encrypted
modules\corelib\outputmessage.lua - encrypted
modules\corelib\settings.lua - lua bytecode encrypted
modules\corelib\settings.lua - encrypted
modules\corelib\string.lua - lua bytecode encrypted
modules\corelib\string.lua - encrypted
modules\corelib\table.lua - lua bytecode encrypted
modules\corelib\table.lua - encrypted
modules\corelib\ui\effects.lua - lua bytecode encrypted
modules\corelib\ui\effects.lua - encrypted
modules\corelib\ui\tooltip.lua - lua bytecode encrypted
modules\corelib\ui\tooltip.lua - encrypted
modules\corelib\ui\ui.rar - encrypted
modules\corelib\ui\uibutton.lua - lua bytecode encrypted
modules\corelib\ui\uibutton.lua - encrypted
modules\corelib\ui\uicheckbox.lua - lua bytecode encrypted
modules\corelib\ui\uicheckbox.lua - encrypted
modules\corelib\ui\uicombobox.lua - lua bytecode encrypted
modules\corelib\ui\uicombobox.lua - encrypted
modules\corelib\ui\uiimageview.lua - lua bytecode encrypted
modules\corelib\ui\uiimageview.lua - encrypted
modules\corelib\ui\uiinputbox.lua - lua bytecode encrypted
modules\corelib\ui\uiinputbox.lua - encrypted
modules\corelib\ui\uilabel.lua - lua bytecode encrypted
modules\corelib\ui\uilabel.lua - encrypted
modules\corelib\ui\uimessagebox.lua - lua bytecode encrypted
modules\corelib\ui\uimessagebox.lua - encrypted
modules\corelib\ui\uiminiwindow.lua - lua bytecode encrypted
modules\corelib\ui\uiminiwindow.lua - encrypted
modules\corelib\ui\uiminiwindowcontainer.lua - lua bytecode encrypted
modules\corelib\ui\uiminiwindowcontainer.lua - encrypted
modules\corelib\ui\uimovabletabbar.lua - lua bytecode encrypted
modules\corelib\ui\uimovabletabbar.lua - encrypted
modules\corelib\ui\uipopupmenu.lua - lua bytecode encrypted
modules\corelib\ui\uipopupmenu.lua - encrypted
modules\corelib\ui\uipopupscrollmenu.lua - lua bytecode encrypted
modules\corelib\ui\uipopupscrollmenu.lua - encrypted
modules\corelib\ui\uiprogressbar.lua - lua bytecode encrypted
modules\corelib\ui\uiprogressbar.lua - encrypted
modules\corelib\ui\uiradiogroup.lua - lua bytecode encrypted
modules\corelib\ui\uiradiogroup.lua - encrypted
modules\corelib\ui\uiresizeborder.lua - lua bytecode encrypted
modules\corelib\ui\uiresizeborder.lua - encrypted
modules\corelib\ui\uiscrollarea.lua - lua bytecode encrypted
modules\corelib\ui\uiscrollarea.lua - encrypted
modules\corelib\ui\uiscrollbar.lua - lua bytecode encrypted
modules\corelib\ui\uiscrollbar.lua - encrypted
modules\corelib\ui\uispinbox.lua - lua bytecode encrypted
modules\corelib\ui\uispinbox.lua - encrypted
modules\corelib\ui\uisplitter.lua - lua bytecode encrypted
modules\corelib\ui\uisplitter.lua - encrypted
modules\corelib\ui\uitabbar.lua - lua bytecode encrypted
modules\corelib\ui\uitabbar.lua - encrypted
modules\corelib\ui\uitable.lua - lua bytecode encrypted
modules\corelib\ui\uitable.lua - encrypted
modules\corelib\ui\uitextedit.lua - lua bytecode encrypted
modules\corelib\ui\uitextedit.lua - encrypted
modules\corelib\ui\uiwidget.lua - lua bytecode encrypted
modules\corelib\ui\uiwidget.lua - encrypted
modules\corelib\ui\uiwindow.lua - lua bytecode encrypted
modules\corelib\ui\uiwindow.lua - encrypted
modules\corelib\ui\zUniD.dat - encrypted
modules\corelib\ui\zUniD.dat.bak_efc183 - encrypted
modules\corelib\ui\zUniD.otfi - encrypted
modules\corelib\ui\zUniD.spr - encrypted
modules\corelib\ui\zUniD.spr.original_backup - encrypted
modules\corelib\util.lua - lua bytecode encrypted
modules\corelib\util.lua - encrypted
modules\gamelib\const.lua - lua bytecode encrypted
modules\gamelib\const.lua - encrypted
modules\gamelib\creature.lua - lua bytecode encrypted
modules\gamelib\creature.lua - encrypted
modules\gamelib\game.lua - lua bytecode encrypted
modules\gamelib\game.lua - encrypted
modules\gamelib\gamelib.otmod - encrypted
modules\gamelib\market.lua - lua bytecode encrypted
modules\gamelib\market.lua - encrypted
modules\gamelib\opcodes.lua - lua bytecode encrypted
modules\gamelib\opcodes.lua - encrypted
modules\gamelib\player.lua - lua bytecode encrypted
modules\gamelib\player.lua - encrypted
modules\gamelib\position.lua - lua bytecode encrypted
modules\gamelib\position.lua - encrypted
modules\gamelib\protocol.lua - lua bytecode encrypted
modules\gamelib\protocol.lua - encrypted
modules\gamelib\protocolgame.lua - lua bytecode encrypted
modules\gamelib\protocolgame.lua - encrypted
modules\gamelib\protocollogin.lua - lua bytecode encrypted
modules\gamelib\protocollogin.lua - encrypted
modules\gamelib\spells.lua - lua bytecode encrypted
modules\gamelib\spells.lua - encrypted
modules\gamelib\thing.lua - lua bytecode encrypted
modules\gamelib\thing.lua - encrypted
modules\gamelib\ui\uicreaturebutton.lua - lua bytecode encrypted
modules\gamelib\ui\uicreaturebutton.lua - encrypted
modules\gamelib\ui\uiminimap.lua - lua bytecode encrypted
modules\gamelib\ui\uiminimap.lua - encrypted
modules\gamelib\util.lua - lua bytecode encrypted
modules\gamelib\util.lua - encrypted
modules\game_achievements\achievements.lua - lua bytecode encrypted
modules\game_achievements\achievements.lua - encrypted
modules\game_achievements\achievements.otmod - encrypted
modules\game_achievements\achievements.otui - encrypted
modules\game_battle\battle.lua - lua bytecode encrypted
modules\game_battle\battle.lua - encrypted
modules\game_battle\battle.otmod - encrypted
modules\game_battle\battle.otui - encrypted
modules\game_battle\battlebutton.otui - encrypted
modules\game_cast\cast.lua - lua bytecode encrypted
modules\game_cast\cast.lua - encrypted
modules\game_cast\cast.otmod - encrypted
modules\game_cast\castBan.otui - encrypted
modules\game_cast\castKick.otui - encrypted
modules\game_cast\castMute.otui - encrypted
modules\game_cast\castSenha.otui - encrypted
modules\game_cast\castUnban.otui - encrypted
modules\game_cast\castUnmute.otui - encrypted
modules\game_code\code.lua - lua bytecode encrypted
modules\game_code\code.lua - encrypted
modules\game_code\code.otmod - encrypted
modules\game_code\code.otui - encrypted
modules\game_code\images\bg.png - encrypted
modules\game_code\images\bgout.png - encrypted
modules\game_code\images\close.png - encrypted
modules\game_code\images\confirm.png - encrypted
modules\game_code\images\itembg.png - encrypted
modules\game_code\images\resgateb.png - encrypted
modules\game_code\images\resgateb_big.png - encrypted
modules\game_code\images\rewardbg.png - encrypted
modules\game_code\images\subbg.png - encrypted
modules\game_code\images\textcode.png - encrypted
modules\game_combatcontrols\combatcontrols.lua - lua bytecode encrypted
modules\game_combatcontrols\combatcontrols.lua - encrypted
modules\game_combatcontrols\combatcontrols.otmod - encrypted
modules\game_combatcontrols\combatcontrols.otui - encrypted
modules\game_console\base.png - encrypted
modules\game_console\base2.png - encrypted
modules\game_console\button.png - encrypted
modules\game_console\button_active.png - encrypted
modules\game_console\button_clean.png - encrypted
modules\game_console\button_close.png - encrypted
modules\game_console\button_left.png - encrypted
modules\game_console\button_open.png - encrypted
modules\game_console\button_right.png - encrypted
modules\game_console\button_small.png - encrypted
modules\game_console\channelswindow.otui - encrypted
modules\game_console\communicationwindow.otui - encrypted
modules\game_console\console.lua - lua bytecode encrypted
modules\game_console\console.lua - encrypted
modules\game_console\console.otmod - encrypted
modules\game_console\console.otui - encrypted
modules\game_console\cooldown_panel.png - encrypted
modules\game_console\cooldown_progressbar.png - encrypted
modules\game_console\customchatbox.png - encrypted
modules\game_console\emoji_window.png - encrypted
modules\game_console\expBackground.png - encrypted
modules\game_console\flash_step.png - encrypted
modules\game_console\images\arrow.png - encrypted
modules\game_console\images\bar.png - encrypted
modules\game_console\images\bin.png - encrypted
modules\game_console\images\blank.png - encrypted
modules\game_console\images\endline.png - encrypted
modules\game_console\images\endline_rotated.png - encrypted
modules\game_console\images\folder.png - encrypted
modules\game_console\images\lock_icon.png - encrypted
modules\game_console\images\maincontentbox.png - encrypted
modules\game_console\images\maincontentboxshadow.png - encrypted
modules\game_console\images\move_bottom_top_icon.png - encrypted
modules\game_console\images\move_to_top_icon.png - encrypted
modules\game_console\images\panelarrow.png - encrypted
modules\game_console\images\panelbox.png - encrypted
modules\game_console\images\pressed.png - encrypted
modules\game_console\images\scrollempty.png - encrypted
modules\game_console\images\scrollhandler.png - encrypted
modules\game_console\images\seperators.png - encrypted
modules\game_console\images\settings_icon.png - encrypted
modules\game_console\images\typetextbox.png - encrypted
modules\game_console\indicator.png - encrypted
modules\game_console\levelBackground.png - encrypted
modules\game_console\scrollbar.png - encrypted
modules\game_console\stickers.lua - lua bytecode encrypted
modules\game_console\stickers.lua - encrypted
modules\game_console\textEdit.png - encrypted
modules\game_console\textEditBackground.png - encrypted
modules\game_console\violationwindow.otui - encrypted
modules\game_containers\container.otui - encrypted
modules\game_containers\containers.lua - lua bytecode encrypted
modules\game_containers\containers.lua - encrypted
modules\game_containers\containers.otmod - encrypted
modules\game_containers\depotsearch.otui - encrypted
modules\game_controller\controller.lua - lua bytecode encrypted
modules\game_controller\controller.lua - encrypted
modules\game_controller\controller.otmod - encrypted
modules\game_controller\controller_config.otui - encrypted
modules\game_cooking\cooking.lua - lua bytecode encrypted
modules\game_cooking\cooking.lua - encrypted
modules\game_cooking\cooking.otmod - encrypted
modules\game_cooking\cooking.otui - encrypted
modules\game_cooking\imagens\hud.png - encrypted
modules\game_cooldown\cooldown.lua - lua bytecode encrypted
modules\game_cooldown\cooldown.lua - encrypted
modules\game_cooldown\cooldown.otmod - encrypted
modules\game_cooldown\cooldown.otui - encrypted
modules\game_crafting\crafting.lua - lua bytecode encrypted
modules\game_crafting\crafting.lua - encrypted
modules\game_crafting\crafting.otmod - encrypted
modules\game_crafting\crafting.otui - encrypted
modules\game_creaturemanager\creaturemanager.lua - lua bytecode encrypted
modules\game_creaturemanager\creaturemanager.lua - encrypted
modules\game_creaturemanager\creaturemanager.otui - encrypted
modules\game_creaturemanager\creaturestore.otui - encrypted
modules\game_creaturemanager\game_creaturemanager.otmod - encrypted
modules\game_dailyhunt\dailyhunt.lua - lua bytecode encrypted
modules\game_dailyhunt\dailyhunt.lua - encrypted
modules\game_dailyhunt\dailyhunt.otmod - encrypted
modules\game_dailyhunt\dailyhunt.otui - encrypted
modules\game_dailyhunt\dailyhunt_button.otui - encrypted
modules\game_dailyreward\game_dailyreward.lua - lua bytecode encrypted
modules\game_dailyreward\game_dailyreward.lua - encrypted
modules\game_dailyreward\game_dailyreward.otmod - encrypted
modules\game_dailyreward\game_dailyreward.otui - encrypted
modules\game_dailyreward\mockup.html - encrypted
modules\game_exph\exph.lua - lua bytecode encrypted
modules\game_exph\exph.lua - encrypted
modules\game_exph\exph.lua.bak - encrypted
modules\game_exph\exph.otmod - encrypted
modules\game_exph\exph.otui - encrypted
modules\Game_firstlogin\game_firstlogin.lua - lua bytecode encrypted
modules\Game_firstlogin\game_firstlogin.lua - encrypted
modules\Game_firstlogin\game_firstlogin.otmod - encrypted
modules\Game_firstlogin\game_firstlogin.otui - encrypted
modules\Game_firstlogin\img\arrow.png - encrypted
modules\Game_firstlogin\img\IMG1.png - encrypted
modules\Game_firstlogin\img\IMG2.png - encrypted
modules\Game_firstlogin\img\IMG3.png - encrypted
modules\Game_firstlogin\img\IMG4.png - encrypted
modules\Game_firstlogin\img\IMG5.png - encrypted
modules\game_fishing\fishing.lua - lua bytecode encrypted
modules\game_fishing\fishing.lua - encrypted
modules\game_fishing\fishing.otmod - encrypted
modules\game_fishing\imagens\hud.png - encrypted
modules\game_folds\bg.pdn - encrypted
modules\game_folds\bg.png - encrypted
modules\game_folds\configs.lua - lua bytecode encrypted
modules\game_folds\configs.lua - encrypted
modules\game_folds\folds.lua - lua bytecode encrypted
modules\game_folds\folds.lua - encrypted
modules\game_folds\folds.otmod - encrypted
modules\game_folds\folds.otui - encrypted
modules\game_healcut\game_healcut.lua - lua bytecode encrypted
modules\game_healcut\game_healcut.lua - encrypted
modules\game_healcut\game_healcut.lua.bak - encrypted
modules\game_healcut\game_healcut.otmod - encrypted
modules\game_healcut\INSTALLATION.txt - encrypted
modules\game_healthinfo\background2.pdn - encrypted
modules\game_healthinfo\background2.png - encrypted
modules\game_healthinfo\healthinfo.lua - lua bytecode encrypted
modules\game_healthinfo\healthinfo.lua - encrypted
modules\game_healthinfo\healthinfo.otmod - encrypted
modules\game_healthinfo\healthinfo.otui - encrypted
modules\game_healthinfo\img\Air.png - encrypted
modules\game_healthinfo\img\earth.png - encrypted
modules\game_healthinfo\img\Fire.png - encrypted
modules\game_healthinfo\img\Water.png - encrypted
modules\game_hotkeys\hotkeys_manager.lua - lua bytecode encrypted
modules\game_hotkeys\hotkeys_manager.lua - encrypted
modules\game_hotkeys\hotkeys_manager.otmod - encrypted
modules\game_hotkeys\hotkeys_manager.otui - encrypted
modules\game_huntwaypoint\huntwaypoint.lua - lua bytecode encrypted
modules\game_huntwaypoint\huntwaypoint.lua - encrypted
modules\game_huntwaypoint\huntwaypoint.otmod - encrypted
modules\game_huntwaypoint\huntwaypoint.otui - encrypted
modules\game_iguild\guild.lua - lua bytecode encrypted
modules\game_iguild\guild.lua - encrypted
modules\game_iguild\guild.otmod - encrypted
modules\game_iguild\guildcreate.otui - encrypted
modules\game_iguild\guilddemote.otui - encrypted
modules\game_iguild\guilddisband.otui - encrypted
modules\game_iguild\guildinvite.otui - encrypted
modules\game_iguild\guildjoin.otui - encrypted
modules\game_iguild\guildkick.otui - encrypted
modules\game_iguild\guildleave.otui - encrypted
modules\game_iguild\guildnick.otui - encrypted
modules\game_iguild\guildpassleader.otui - encrypted
modules\game_iguild\guildpromote.otui - encrypted
modules\game_iguild\guildrankname.otui - encrypted
modules\game_iguild\guildrevoke.otui - encrypted
modules\game_iguild\guildwaraccept.otui - encrypted
modules\game_iguild\guildwarcancel.otui - encrypted
modules\game_iguild\guildwardeposit.otui - encrypted
modules\game_iguild\guildwarinvite.otui - encrypted
modules\game_iguild\guildwarpick.otui - encrypted
modules\game_iguild\guildwarreject.otui - encrypted
modules\game_iguild\guildwarsurrender.otui - encrypted
modules\game_iguild\img\guild.png - encrypted
modules\game_inspectcreature\inspectcreature.lua - lua bytecode encrypted
modules\game_inspectcreature\inspectcreature.lua - encrypted
modules\game_inspectcreature\inspectcreature.otmod - encrypted
modules\game_inspectcreature\inspectcreature.otui - encrypted
modules\game_interface\chat.png - encrypted
modules\game_interface\gameinterface.lua - lua bytecode encrypted
modules\game_interface\gameinterface.lua - encrypted
modules\game_interface\gameinterface.lua.bak_ue - encrypted
modules\game_interface\gameinterface.lua.bak_walkflow - encrypted
modules\game_interface\gameinterface.otui - encrypted
modules\game_interface\iconchat.png - encrypted
modules\game_interface\interface.otmod - encrypted
modules\game_interface\styles\countwindow.otui - encrypted
modules\game_interface\widgets\uigamemap.lua - lua bytecode encrypted
modules\game_interface\widgets\uigamemap.lua - encrypted
modules\game_interface\widgets\uiitem.lua - lua bytecode encrypted
modules\game_interface\widgets\uiitem.lua - encrypted
modules\game_inventory\inventory.lua - lua bytecode encrypted
modules\game_inventory\inventory.lua - encrypted
modules\game_inventory\inventory.otmod - encrypted
modules\game_inventory\inventory.otui - encrypted
modules\game_inventory\inventory_button.otui - encrypted
modules\game_itemfly\itemfly.lua - lua bytecode encrypted
modules\game_itemfly\itemfly.lua - encrypted
modules\game_itemfly\itemfly.otmod - encrypted
modules\game_loot\loot.lua - lua bytecode encrypted
modules\game_loot\loot.lua - encrypted
modules\game_loot\loot.otmod - encrypted
modules\game_magicmeter\game_magicmeter.otmod - encrypted
modules\game_magicmeter\magicmeter.lua - lua bytecode encrypted
modules\game_magicmeter\magicmeter.lua - encrypted
modules\game_magicmeter\magicmeter.otui - encrypted
modules\game_map_overlay\map_button.otui - encrypted
modules\game_map_overlay\map_overlay.lua - lua bytecode encrypted
modules\game_map_overlay\map_overlay.lua - encrypted
modules\game_map_overlay\map_overlay.otmod - encrypted
modules\game_map_overlay\map_overlay.otui - encrypted
modules\game_market\market.lua - lua bytecode encrypted
modules\game_market\market.lua - encrypted
modules\game_market\market.otmod - encrypted
modules\game_market\market.otui - encrypted
modules\game_market\marketadd.otui - encrypted
modules\game_market\ui\background.png - encrypted
modules\game_market\ui\button.png - encrypted
modules\game_market\ui\crosshair.png - encrypted
modules\game_market\ui\refresh.png - encrypted
modules\game_market\ui\shop.png - encrypted
modules\game_minimap\flagwindow.otui - encrypted
modules\game_minimap\minimap.lua - lua bytecode encrypted
modules\game_minimap\minimap.lua - encrypted
modules\game_minimap\minimap.otmod - encrypted
modules\game_minimap\minimap.otui - encrypted
modules\game_modaldialog\modaldialog.lua - lua bytecode encrypted
modules\game_modaldialog\modaldialog.lua - encrypted
modules\game_modaldialog\modaldialog.otmod - encrypted
modules\game_modaldialog\modaldialog.otui - encrypted
modules\game_momo\json.lua - lua bytecode encrypted
modules\game_momo\json.lua - encrypted
modules\game_momo\momo.lua - lua bytecode encrypted
modules\game_momo\momo.lua - encrypted
modules\game_momo\momo.otmod - encrypted
modules\game_momo\momo.otui - encrypted
modules\game_monsterloot\monsterloot.lua - lua bytecode encrypted
modules\game_monsterloot\monsterloot.lua - encrypted
modules\game_monsterloot\monsterloot.otmod - encrypted
modules\game_monsterloot\monsterloot.otui - encrypted
modules\game_monsterloot\Thumbs.db - encrypted
modules\game_mountsAvatar\configs.lua - lua bytecode encrypted
modules\game_mountsAvatar\configs.lua - encrypted
modules\game_mountsAvatar\game_mountsAvatar.lua - lua bytecode encrypted
modules\game_mountsAvatar\game_mountsAvatar.lua - encrypted
modules\game_mountsAvatar\game_mountsAvatar.otmod - encrypted
modules\game_mountsAvatar\game_mountsAvatar.otui - encrypted
modules\game_mountsAvatar\icones\air\1.png - encrypted
modules\game_mountsAvatar\icones\air\2.png - encrypted
modules\game_mountsAvatar\icones\air\3.png - encrypted
modules\game_mountsAvatar\icones\earth\1.png - encrypted
modules\game_mountsAvatar\icones\earth\2.png - encrypted
modules\game_mountsAvatar\icones\earth\3.png - encrypted
modules\game_mountsAvatar\icones\fire\1.png - encrypted
modules\game_mountsAvatar\icones\fire\2.png - encrypted
modules\game_mountsAvatar\icones\fire\3.png - encrypted
modules\game_mountsAvatar\icones\moldura.png - encrypted
modules\game_mountsAvatar\icones\water\1.png - encrypted
modules\game_mountsAvatar\icones\water\2.png - encrypted
modules\game_mountsAvatar\icones\water\3.png - encrypted
modules\game_mountsBuy\configs.lua - lua bytecode encrypted
modules\game_mountsBuy\configs.lua - encrypted
modules\game_mountsBuy\game_mountsBuy.lua - lua bytecode encrypted
modules\game_mountsBuy\game_mountsBuy.lua - encrypted
modules\game_mountsBuy\game_mountsBuy.otmod - encrypted
modules\game_mountsBuy\game_mountsBuy.otui - encrypted
modules\game_mountsBuy\icones\air\1 - Copia.png - encrypted
modules\game_mountsBuy\icones\air\1.png - encrypted
modules\game_mountsBuy\icones\air\10.png - encrypted
modules\game_mountsBuy\icones\air\11.png - encrypted
modules\game_mountsBuy\icones\air\12.png - encrypted
modules\game_mountsBuy\icones\air\13.png - encrypted
modules\game_mountsBuy\icones\air\2 - Copia.png - encrypted
modules\game_mountsBuy\icones\air\2.png - encrypted
modules\game_mountsBuy\icones\air\3 - Copia.png - encrypted
modules\game_mountsBuy\icones\air\3.png - encrypted
modules\game_mountsBuy\icones\air\4 - Copia.png - encrypted
modules\game_mountsBuy\icones\air\4.png - encrypted
modules\game_mountsBuy\icones\air\5.png - encrypted
modules\game_mountsBuy\icones\air\6.png - encrypted
modules\game_mountsBuy\icones\air\7.png - encrypted
modules\game_mountsBuy\icones\air\8.png - encrypted
modules\game_mountsBuy\icones\air\9.png - encrypted
modules\game_mountsBuy\icones\earth\1.png - encrypted
modules\game_mountsBuy\icones\earth\10.png - encrypted
modules\game_mountsBuy\icones\earth\11.png - encrypted
modules\game_mountsBuy\icones\earth\12.png - encrypted
modules\game_mountsBuy\icones\earth\13.png - encrypted
modules\game_mountsBuy\icones\earth\2.png - encrypted
modules\game_mountsBuy\icones\earth\3.png - encrypted
modules\game_mountsBuy\icones\earth\4.png - encrypted
modules\game_mountsBuy\icones\earth\5.png - encrypted
modules\game_mountsBuy\icones\earth\6.png - encrypted
modules\game_mountsBuy\icones\earth\7.png - encrypted
modules\game_mountsBuy\icones\earth\8.png - encrypted
modules\game_mountsBuy\icones\earth\9.png - encrypted
modules\game_mountsBuy\icones\fire\1.png - encrypted
modules\game_mountsBuy\icones\fire\10.png - encrypted
modules\game_mountsBuy\icones\fire\11.png - encrypted
modules\game_mountsBuy\icones\fire\12.png - encrypted
modules\game_mountsBuy\icones\fire\13.png - encrypted
modules\game_mountsBuy\icones\fire\2.png - encrypted
modules\game_mountsBuy\icones\fire\3.png - encrypted
modules\game_mountsBuy\icones\fire\4.png - encrypted
modules\game_mountsBuy\icones\fire\5.png - encrypted
modules\game_mountsBuy\icones\fire\6.png - encrypted
modules\game_mountsBuy\icones\fire\7.png - encrypted
modules\game_mountsBuy\icones\fire\8.png - encrypted
modules\game_mountsBuy\icones\fire\9.png - encrypted
modules\game_mountsBuy\icones\moldura.png - encrypted
modules\game_mountsBuy\icones\water\1.png - encrypted
modules\game_mountsBuy\icones\water\10.png - encrypted
modules\game_mountsBuy\icones\water\11.png - encrypted
modules\game_mountsBuy\icones\water\12.png - encrypted
modules\game_mountsBuy\icones\water\13.png - encrypted
modules\game_mountsBuy\icones\water\2.png - encrypted
modules\game_mountsBuy\icones\water\3.png - encrypted
modules\game_mountsBuy\icones\water\4.png - encrypted
modules\game_mountsBuy\icones\water\5.png - encrypted
modules\game_mountsBuy\icones\water\6.png - encrypted
modules\game_mountsBuy\icones\water\7.png - encrypted
modules\game_mountsBuy\icones\water\8.png - encrypted
modules\game_mountsBuy\icones\water\9.png - encrypted
modules\game_mountsChange\configs.lua - lua bytecode encrypted
modules\game_mountsChange\configs.lua - encrypted
modules\game_mountsChange\game_mountsChange.lua - lua bytecode encrypted
modules\game_mountsChange\game_mountsChange.lua - encrypted
modules\game_mountsChange\game_mountsChange.otmod - encrypted
modules\game_mountsChange\game_mountsChange.otui - encrypted
modules\game_mountsChange\icones\air\1 - Copia.png - encrypted
modules\game_mountsChange\icones\air\1.png - encrypted
modules\game_mountsChange\icones\air\10.png - encrypted
modules\game_mountsChange\icones\air\11.png - encrypted
modules\game_mountsChange\icones\air\12.png - encrypted
modules\game_mountsChange\icones\air\13.png - encrypted
modules\game_mountsChange\icones\air\2 - Copia.png - encrypted
modules\game_mountsChange\icones\air\2.png - encrypted
modules\game_mountsChange\icones\air\3 - Copia.png - encrypted
modules\game_mountsChange\icones\air\3.png - encrypted
modules\game_mountsChange\icones\air\4 - Copia.png - encrypted
modules\game_mountsChange\icones\air\4.png - encrypted
modules\game_mountsChange\icones\air\5.png - encrypted
modules\game_mountsChange\icones\air\6.png - encrypted
modules\game_mountsChange\icones\air\7.png - encrypted
modules\game_mountsChange\icones\air\8.png - encrypted
modules\game_mountsChange\icones\air\9.png - encrypted
modules\game_mountsChange\icones\earth\1.png - encrypted
modules\game_mountsChange\icones\earth\10.png - encrypted
modules\game_mountsChange\icones\earth\11.png - encrypted
modules\game_mountsChange\icones\earth\12.png - encrypted
modules\game_mountsChange\icones\earth\13.png - encrypted
modules\game_mountsChange\icones\earth\2.png - encrypted
modules\game_mountsChange\icones\earth\3.png - encrypted
modules\game_mountsChange\icones\earth\4.png - encrypted
modules\game_mountsChange\icones\earth\5.png - encrypted
modules\game_mountsChange\icones\earth\6.png - encrypted
modules\game_mountsChange\icones\earth\7.png - encrypted
modules\game_mountsChange\icones\earth\8.png - encrypted
modules\game_mountsChange\icones\earth\9.png - encrypted
modules\game_mountsChange\icones\fire\1.png - encrypted
modules\game_mountsChange\icones\fire\10.png - encrypted
modules\game_mountsChange\icones\fire\11.png - encrypted
modules\game_mountsChange\icones\fire\12.png - encrypted
modules\game_mountsChange\icones\fire\13.png - encrypted
modules\game_mountsChange\icones\fire\2.png - encrypted
modules\game_mountsChange\icones\fire\3.png - encrypted
modules\game_mountsChange\icones\fire\4.png - encrypted
modules\game_mountsChange\icones\fire\5.png - encrypted
modules\game_mountsChange\icones\fire\6.png - encrypted
modules\game_mountsChange\icones\fire\7.png - encrypted
modules\game_mountsChange\icones\fire\8.png - encrypted
modules\game_mountsChange\icones\fire\9.png - encrypted
modules\game_mountsChange\icones\moldura.png - encrypted
modules\game_mountsChange\icones\water\1.png - encrypted
modules\game_mountsChange\icones\water\10.png - encrypted
modules\game_mountsChange\icones\water\11.png - encrypted
modules\game_mountsChange\icones\water\12.png - encrypted
modules\game_mountsChange\icones\water\13.png - encrypted
modules\game_mountsChange\icones\water\2.png - encrypted
modules\game_mountsChange\icones\water\3.png - encrypted
modules\game_mountsChange\icones\water\4.png - encrypted
modules\game_mountsChange\icones\water\5.png - encrypted
modules\game_mountsChange\icones\water\6.png - encrypted
modules\game_mountsChange\icones\water\7.png - encrypted
modules\game_mountsChange\icones\water\8.png - encrypted
modules\game_mountsChange\icones\water\9.png - encrypted
modules\game_myhelper\helper.lua - lua bytecode encrypted
modules\game_myhelper\helper.lua - encrypted
modules\game_myhelper\helper.otmod - encrypted
modules\game_myhelper\helper.otui - encrypted
modules\game_myhelper\helperpotionlist.otui - encrypted
modules\game_myhelper\helper_button.otui - encrypted
modules\game_myhelper\potions.lua - lua bytecode encrypted
modules\game_myhelper\potions.lua - encrypted
modules\game_notification\notification.lua - lua bytecode encrypted
modules\game_notification\notification.lua - encrypted
modules\game_notification\notification.otmod - encrypted
modules\game_notification\notification.otui - encrypted
modules\game_npcmap\gen_npcmap.py - encrypted
modules\game_npcmap\img\npc_background_icon.png - encrypted
modules\game_npcmap\npcmap.lua - lua bytecode encrypted
modules\game_npcmap\npcmap.lua - encrypted
modules\game_npcmap\npcmap.otmod - encrypted
modules\game_npcmap\npcmap.otui - encrypted
modules\game_npcmap\npcs.lua - lua bytecode encrypted
modules\game_npcmap\npcs.lua - encrypted
modules\game_npctrade\npctrade.lua - lua bytecode encrypted
modules\game_npctrade\npctrade.lua - encrypted
modules\game_npctrade\npctrade.otmod - encrypted
modules\game_npctrade\npctrade.otui - encrypted
modules\game_offset\images\baixo.png - encrypted
modules\game_offset\images\cima.png - encrypted
modules\game_offset\images\direita.png - encrypted
modules\game_offset\images\esquerda.png - encrypted
modules\game_offset\offset.lua - lua bytecode encrypted
modules\game_offset\offset.lua - encrypted
modules\game_offset\offset.otmod - encrypted
modules\game_offset\offset.otui - encrypted
modules\game_outfit\outfit.lua - lua bytecode encrypted
modules\game_outfit\outfit.lua - encrypted
modules\game_outfit\outfit.otmod - encrypted
modules\game_outfit\outfitwindow.otui - encrypted
modules\game_outfit_scales\scales.lua - lua bytecode encrypted
modules\game_outfit_scales\scales.lua - encrypted
modules\game_outfit_scales\scales.otmod - encrypted
modules\game_partydamage\game_partydamage.otmod - encrypted
modules\game_partydamage\partydamage.lua - lua bytecode encrypted
modules\game_partydamage\partydamage.lua - encrypted
modules\game_partydamage\partydamage.otui - encrypted
modules\game_pet\pet.lua - lua bytecode encrypted
modules\game_pet\pet.lua - encrypted
modules\game_pet\pet.otmod - encrypted
modules\game_pet\petwindow.otui - encrypted
modules\game_ping\ping.lua - lua bytecode encrypted
modules\game_ping\ping.lua - encrypted
modules\game_ping\ping.otmod - encrypted
modules\game_playerdeath\deathwindow.otui - encrypted
modules\game_playerdeath\playerdeath.lua - lua bytecode encrypted
modules\game_playerdeath\playerdeath.lua - encrypted
modules\game_playerdeath\playerdeath.otmod - encrypted
modules\game_playerinfo\img\1.png - encrypted
modules\game_playerinfo\img\2.png - encrypted
modules\game_playerinfo\img\3.png - encrypted
modules\game_playerinfo\img\4.png - encrypted
modules\game_playerinfo\playerinfo.lua - lua bytecode encrypted
modules\game_playerinfo\playerinfo.lua - encrypted
modules\game_playerinfo\playerinfo.otmod - encrypted
modules\game_playerinfo\playerinfo.otui - encrypted
modules\game_playerinfo\Thumbs.db - encrypted
modules\game_playermount\playermount.lua - lua bytecode encrypted
modules\game_playermount\playermount.lua - encrypted
modules\game_playermount\playermount.otmod - encrypted
modules\game_playertrade\playertrade.lua - lua bytecode encrypted
modules\game_playertrade\playertrade.lua - encrypted
modules\game_playertrade\playertrade.otmod - encrypted
modules\game_playertrade\tradewindow.otui - encrypted
modules\game_potioncraft\game_potioncraft.lua - lua bytecode encrypted
modules\game_potioncraft\game_potioncraft.lua - encrypted
modules\game_potioncraft\game_potioncraft.otmod - encrypted
modules\game_potioncraft\game_potioncraft.otui - encrypted
modules\game_proficiency\const.lua - lua bytecode encrypted
modules\game_proficiency\const.lua - encrypted
modules\game_proficiency\images\augment-icons.png - encrypted
modules\game_proficiency\images\backdrop_weaponmastery_highlight.png - encrypted
modules\game_proficiency\images\big-icon-lock-grey.png - encrypted
modules\game_proficiency\images\bonus-select-bg-progress.png - encrypted
modules\game_proficiency\images\bonus-select-bg.png - encrypted
modules\game_proficiency\images\border-weaponmasterytreeicons-active.png - encrypted
modules\game_proficiency\images\border-weaponmasterytreeicons-inactive.png - encrypted
modules\game_proficiency\images\full-bonus-select-bg.png - encrypted
modules\game_proficiency\images\icon-lock-grey.png - encrypted
modules\game_proficiency\images\icon-masterylevel-0.png - encrypted
modules\game_proficiency\images\icon-masterylevel-1-gold.png - encrypted
modules\game_proficiency\images\icon-masterylevel-1-silver.png - encrypted
modules\game_proficiency\images\icon-masterylevel-1.png - encrypted
modules\game_proficiency\images\icon-masterylevel-2-gold.png - encrypted
modules\game_proficiency\images\icon-masterylevel-2-silver.png - encrypted
modules\game_proficiency\images\icon-masterylevel-2.png - encrypted
modules\game_proficiency\images\icon-masterylevel-3-gold.png - encrypted
modules\game_proficiency\images\icon-masterylevel-3-silver.png - encrypted
modules\game_proficiency\images\icon-masterylevel-3.png - encrypted
modules\game_proficiency\images\icon-masterylevel-4-gold.png - encrypted
modules\game_proficiency\images\icon-masterylevel-4-silver.png - encrypted
modules\game_proficiency\images\icon-masterylevel-4.png - encrypted
modules\game_proficiency\images\icon-masterylevel-5-gold.png - encrypted
modules\game_proficiency\images\icon-masterylevel-5-silver.png - encrypted
modules\game_proficiency\images\icon-masterylevel-5.png - encrypted
modules\game_proficiency\images\icon-masterylevel-6-gold.png - encrypted
modules\game_proficiency\images\icon-masterylevel-6-silver.png - encrypted
modules\game_proficiency\images\icon-masterylevel-6.png - encrypted
modules\game_proficiency\images\icon-masterylevel-7-gold.png - encrypted
modules\game_proficiency\images\icon-masterylevel-7-silver.png - encrypted
modules\game_proficiency\images\icon-masterylevel-7.png - encrypted
modules\game_proficiency\images\icon-star-dark.png - encrypted
modules\game_proficiency\images\icon-star-tiny-gold.png - encrypted
modules\game_proficiency\images\icon-star-tiny-silver.png - encrypted
modules\game_proficiency\images\icons-0.png - encrypted
modules\game_proficiency\images\icons-1.png - encrypted
modules\game_proficiency\images\icons-2.png - encrypted
modules\game_proficiency\images\icons-3.png - encrypted
modules\game_proficiency\images\icons-4.png - encrypted
modules\game_proficiency\images\icons-5.png - encrypted
modules\game_proficiency\images\icons-6.png - encrypted
modules\game_proficiency\images\icons-7.png - encrypted
modules\game_proficiency\images\icons-8.png - encrypted
modules\game_proficiency\images\icons-9-off.png - encrypted
modules\game_proficiency\images\icons-9.png - encrypted
modules\game_proficiency\images\topbar_icon.png - encrypted
modules\game_proficiency\proficiency.lua - lua bytecode encrypted
modules\game_proficiency\proficiency.lua - encrypted
modules\game_proficiency\proficiency.otmod - encrypted
modules\game_proficiency\proficiency.otui - encrypted
modules\game_proficiency\proficiency_data.lua - lua bytecode encrypted
modules\game_proficiency\proficiency_data.lua - encrypted
modules\game_quests\questlist.otui - encrypted
modules\game_quests\quests.lua - lua bytecode encrypted
modules\game_quests\quests.lua - encrypted
modules\game_quests\quests.otmod - encrypted
modules\game_ruleviolation\ruleviolation.lua - lua bytecode encrypted
modules\game_ruleviolation\ruleviolation.lua - encrypted
modules\game_ruleviolation\ruleviolation.otmod - encrypted
modules\game_ruleviolation\ruleviolation.otui - encrypted
modules\game_shaders\outfit_shaders.lua - lua bytecode encrypted
modules\game_shaders\outfit_shaders.lua - encrypted
modules\game_shaders\shaders.lua - lua bytecode encrypted
modules\game_shaders\shaders.lua - encrypted
modules\game_shaders\shaders.otmod - encrypted
modules\game_skills\skills.lua - lua bytecode encrypted
modules\game_skills\skills.lua - encrypted
modules\game_skills\skills.otmod - encrypted
modules\game_skills\skills.otui - encrypted
modules\game_skyclouds\skyclouds.lua - lua bytecode encrypted
modules\game_skyclouds\skyclouds.lua - encrypted
modules\game_skyclouds\skyclouds.otmod - encrypted
modules\game_slotmachine\slotmachine.lua - lua bytecode encrypted
modules\game_slotmachine\slotmachine.lua - encrypted
modules\game_slotmachine\slotmachine.otmod - encrypted
modules\game_slotmachine\slotmachine.otui - encrypted
modules\game_slotmachine\ui\air.png - encrypted
modules\game_slotmachine\ui\background1.png - encrypted
modules\game_slotmachine\ui\background2.png - encrypted
modules\game_slotmachine\ui\earth.png - encrypted
modules\game_slotmachine\ui\fire.png - encrypted
modules\game_slotmachine\ui\Thumbs.db - encrypted
modules\game_slotmachine\ui\water.png - encrypted
modules\game_slotmachineVermelho\slotmachinevermelho.lua - lua bytecode encrypted
modules\game_slotmachineVermelho\slotmachinevermelho.lua - encrypted
modules\game_slotmachineVermelho\slotmachinevermelho.otmod - encrypted
modules\game_slotmachineVermelho\slotmachinevermelho.otui - encrypted
modules\game_slotmachineVermelho\ui\air.png - encrypted
modules\game_slotmachineVermelho\ui\background1.png - encrypted
modules\game_slotmachineVermelho\ui\background2.png - encrypted
modules\game_slotmachineVermelho\ui\earth.png - encrypted
modules\game_slotmachineVermelho\ui\fire.png - encrypted
modules\game_slotmachineVermelho\ui\Thumbs.db - encrypted
modules\game_slotmachineVermelho\ui\water.png - encrypted
modules\game_specialfx\game_specialfx.otmod - encrypted
modules\game_specialfx\specialfx.lua - lua bytecode encrypted
modules\game_specialfx\specialfx.lua - encrypted
modules\game_spelllist\spelllist.lua - lua bytecode encrypted
modules\game_spelllist\spelllist.lua - encrypted
modules\game_spelllist\spelllist.otmod - encrypted
modules\game_spelllist\spelllist.otui - encrypted
modules\game_spellsound\game_spellsound.lua - lua bytecode encrypted
modules\game_spellsound\game_spellsound.lua - encrypted
modules\game_spellsound\game_spellsound.otmod - encrypted
modules\game_spellsound\spellsound.otui - encrypted
modules\game_talenttree\images\topbar_icon.png - encrypted
modules\game_talenttree\styles\styles.otui - encrypted
modules\game_talenttree\talenttree.lua - lua bytecode encrypted
modules\game_talenttree\talenttree.lua - encrypted
modules\game_talenttree\talenttree.otmod - encrypted
modules\game_talenttree\talenttree.otui - encrypted
modules\game_textmessage\textmessage.lua - lua bytecode encrypted
modules\game_textmessage\textmessage.lua - encrypted
modules\game_textmessage\textmessage.otmod - encrypted
modules\game_textmessage\textmessage.otui - encrypted
modules\game_textwindow\task.png - encrypted
modules\game_textwindow\textwindow.lua - lua bytecode encrypted
modules\game_textwindow\textwindow.lua - encrypted
modules\game_textwindow\textwindow.otmod - encrypted
modules\game_textwindow\textwindow.otui - encrypted
ERROR: Error while compressing
modules\game_things\.gitignore - already encrypted
modules\game_things\things.lua - lua bytecode encrypted
modules\game_things\things.lua - encrypted
modules\game_things\things.otmod - encrypted
modules\game_tooltips\item_tooltip.lua - lua bytecode encrypted
modules\game_tooltips\item_tooltip.lua - encrypted
modules\game_tooltips\item_tooltip.otmod - encrypted
modules\game_tooltips\item_tooltip.otui - encrypted
modules\game_tophmode\tophmode.lua - lua bytecode encrypted
modules\game_tophmode\tophmode.lua - encrypted
modules\game_tophmode\tophmode.otmod - encrypted
modules\game_trade\img\market.png - encrypted
modules\game_trade\market.lua - lua bytecode encrypted
modules\game_trade\market.lua - encrypted
modules\game_trade\market.otmod - encrypted
modules\game_trade\marketadd.otui - encrypted
modules\game_trade\marketbuy.otui - encrypted
modules\game_trade\marketremove.otui - encrypted
modules\game_trainwands\game_trainwands.lua - lua bytecode encrypted
modules\game_trainwands\game_trainwands.lua - encrypted
modules\game_trainwands\game_trainwands.otmod - encrypted
modules\game_viplist\addvip.otui - encrypted
modules\game_viplist\editvip.otui - encrypted
modules\game_viplist\viplist.lua - lua bytecode encrypted
modules\game_viplist\viplist.lua - encrypted
modules\game_viplist\viplist.otmod - encrypted
modules\game_viplist\viplist.otui - encrypted
modules\game_webview\init.lua - encrypted
modules\game_webview\overlay.html - encrypted
modules\game_webview\overlay.lua - lua bytecode encrypted
modules\game_webview\overlay.lua - encrypted
modules\game_webview\README.md - encrypted
modules\game_webview\sample.html - encrypted
modules\game_webview\test_blackbox.lua - lua bytecode encrypted
modules\game_webview\test_blackbox.lua - encrypted
modules\game_webview\webview.otml - encrypted
modules\game_webview\webview.otmod - encrypted
modules\game_webview\webview_demo.lua - lua bytecode encrypted
modules\game_webview\webview_demo.lua - encrypted
modules\locales\de.lua - lua bytecode encrypted
modules\locales\de.lua - encrypted
modules\locales\en.lua - lua bytecode encrypted
modules\locales\en.lua - encrypted
modules\locales\es.lua - lua bytecode encrypted
modules\locales\es.lua - encrypted
modules\locales\pl.lua - lua bytecode encrypted
modules\locales\pl.lua - encrypted
modules\locales\pt.lua - lua bytecode encrypted
modules\locales\pt.lua - encrypted
modules\locales\sv.lua - lua bytecode encrypted
modules\locales\sv.lua - encrypted
mods\.gitignore - encrypted
mods\ava_protocol\ava_configs.lua - lua bytecode encrypted
mods\ava_protocol\ava_configs.lua - encrypted
mods\ava_protocol\ava_protocol.lua - lua bytecode encrypted
mods\ava_protocol\ava_protocol.lua - encrypted
mods\ava_protocol\ava_protocol.otmod - encrypted
mods\ava_protocol\ava_protocol.otui - encrypted
mods\game_antibot\antibot.lua - lua bytecode encrypted
mods\game_antibot\antibot.lua - encrypted
mods\game_antibot\antibot.otmod - encrypted
mods\game_antibot\antibot.otui - encrypted
mods\game_antibot\atributos.png - encrypted
mods\game_antibot\icons\scrollbar.png - encrypted
mods\game_antibot\icons\time_icon.png - encrypted
mods\game_atributos\atributos.png - encrypted
mods\game_atributos\attrs.lua - lua bytecode encrypted
mods\game_atributos\attrs.lua - encrypted
mods\game_atributos\attrs.otmod - encrypted
mods\game_atributos\attrs.otui - encrypted
mods\game_atributos\icons\bend.png - encrypted
mods\game_atributos\icons\dodge.png - encrypted
mods\game_atributos\icons\health.png - encrypted
mods\game_atributos\icons\mana.png - encrypted
mods\game_atributos\icons\red bottom.png - encrypted
mods\game_atributos\icons\scrollbar - Copia.png - encrypted
mods\game_atributos\icons\scrollbar.png - encrypted
mods\game_atributos\icons\scrollbar2.png - encrypted
mods\game_buffs\buffs.lua - lua bytecode encrypted
mods\game_buffs\buffs.lua - encrypted
mods\game_buffs\buffs.otmod - encrypted
mods\game_buffs\buffs.otui - encrypted
mods\game_healthbars\healthbars.lua - lua bytecode encrypted
mods\game_healthbars\healthbars.lua - encrypted
mods\game_healthbars\healthbars.otmod - encrypted
mods\game_partyIcons\icons\Avatar.png - encrypted
mods\game_partyIcons\icons\Druid.png - encrypted
mods\game_partyIcons\icons\Knight.png - encrypted
mods\game_partyIcons\icons\None.png - encrypted
mods\game_partyIcons\icons\Paladin.png - encrypted
mods\game_partyIcons\icons\Sorcerer.png - encrypted
mods\game_partyIcons\icons.lua - lua bytecode encrypted
mods\game_partyIcons\icons.lua - encrypted
mods\game_partyIcons\Icons.otmod - encrypted
mods\game_partyIcons\icons.otui - encrypted
mods\game_shop\img\gold_coin.png - encrypted
mods\game_shop\img\tibia_coin.png - encrypted
mods\game_shop\json.lua - lua bytecode encrypted
mods\game_shop\json.lua - encrypted
mods\game_shop\shop.lua - lua bytecode encrypted
mods\game_shop\shop.lua - encrypted
mods\game_shop\shop.otmod - encrypted
mods\game_shop\shop.otui - encrypted
mods\game_tooltips\item_tooltip.lua - lua bytecode encrypted
mods\game_tooltips\item_tooltip.lua - encrypted
mods\game_tooltips\item_tooltip.otmod - encrypted
mods\game_tooltips\item_tooltip.otui - encrypted
mods\game_vocation_name\game_vocation_name.otmod - encrypted
mods\game_vocation_name\vocation_name.lua - lua bytecode encrypted
mods\game_vocation_name\vocation_name.lua - encrypted
mods\LICENSE.txt - encrypted
mods\README.txt - encrypted
----------------------
init.lua - encrypted
data\cursors\alvo.png - encrypted
data\cursors\cursors.otml - encrypted
data\cursors\horizontalcursor.png - encrypted
data\cursors\targetcursor.png - encrypted
data\cursors\textcursor.png - encrypted
data\cursors\verticalcursor.png - encrypted
data\fonts\ava.otfont - encrypted
data\fonts\ava.png - encrypted
data\fonts\baby-12.otfont - encrypted
data\fonts\baby-12.png - encrypted
data\fonts\cipsoftFont.otfont - encrypted
data\fonts\cipsoftFont.png - encrypted
data\fonts\consolechat-11px_cp1252.otfont - encrypted
data\fonts\Icon-VBold-11px.otfont - encrypted
data\fonts\Icon-VBold-11px.png - encrypted
data\fonts\new-verdana.png - encrypted
data\fonts\sans-bold-16px.otfont - encrypted
data\fonts\sans-bold-16px_cp1252.png - encrypted
data\fonts\terminus-10px.otfont - encrypted
data\fonts\terminus-10px.png - encrypted
data\fonts\terminus-14px-bold.otfont - encrypted
data\fonts\terminus-14px-bold.png - encrypted
data\fonts\Verdana Bold-11px.otfont - encrypted
data\fonts\Verdana Bold-11px.png - encrypted
data\fonts\verdana-11px-antialised.otfont - encrypted
data\fonts\verdana-11px-antialised_cp1250.png - encrypted
data\fonts\verdana-11px-antialised_cp1252.png - encrypted
data\fonts\verdana-11px-monochrome.otfont - encrypted
data\fonts\verdana-11px-monochrome_cp1250.png - encrypted
data\fonts\verdana-11px-monochrome_cp1252.png - encrypted
data\fonts\verdana-11px-rounded-new.otfont - encrypted
data\fonts\verdana-11px-rounded.otfont - encrypted
data\fonts\verdana-11px-rounded_cp1250.png - encrypted
data\fonts\verdana-11px-rounded_cp1252.png - encrypted
data\fonts\verdana-11px-rounded_cp1253.png - encrypted
data\fonts\verdana-11px-rounded_cp1254.png - encrypted
data\fonts\verdana-new.png - encrypted
data\fonts\verdana.otfont - encrypted
data\images\background.png - encrypted
data\images\background2.png - encrypted
data\images\bars\frame-bg.png - encrypted
data\images\bars\frame-outline.png - encrypted
data\images\bars\health1.png - encrypted
data\images\bars\mana-fill.png - encrypted
data\images\bars\mana1.png - encrypted
data\images\bars\ping-others.png - encrypted
data\images\bars\ping.png - encrypted
data\images\buffs\background.png - encrypted
data\images\buffs\buff_cosmic_insight.png - encrypted
data\images\buffs\buff_elementalist_passive1.png - encrypted
data\images\buffs\buff_elementalist_passive2.png - encrypted
data\images\buffs\buff_elementalist_passive3.png - encrypted
data\images\buffs\buff_shaman_passive.png - encrypted
data\images\buffs\buff_wizard_passive1.png - encrypted
data\images\buffs\buff_wizard_passive2.png - encrypted
data\images\buffs\buff_wizard_passive3.png - encrypted
data\images\buffs\debuff_slow.png - encrypted
data\images\buffs\exp_scroll.png - encrypted
data\images\buffs\frame-2-gold.png - encrypted
data\images\buffs\frame-2-magenta.png - encrypted
data\images\buffs\frame-2-orange.png - encrypted
data\images\buffs\frame-6-sky.png - encrypted
data\images\buffs\frame-7-blue.png - encrypted
data\images\buffs\frame-8-acid.png - encrypted
data\images\buffs\frame-9-grey.png - encrypted
data\images\buffs\frame-9-jade.png - encrypted
data\images\buffs\frame-9-red.png - encrypted
data\images\buffs\rect.png - encrypted
data\images\buffs\utamo_tempo.png - encrypted
data\images\buffs\utamo_tempo_san.png - encrypted
data\images\buffs\utamo_vita.png - encrypted
data\images\buffs\utana_vid.png - encrypted
data\images\buffs\utani_gran_hur.png - encrypted
data\images\buffs\utani_hur.png - encrypted
data\images\buffs\utani_tempo_hur.png - encrypted
data\images\buffs\utura.png - encrypted
data\images\buffs\utura_gran.png - encrypted
data\images\clienticon.png - encrypted
data\images\elements\2.png - encrypted
data\images\elements\3.png - encrypted
data\images\elements\4.png - encrypted
data\images\flags\de.png - encrypted
data\images\flags\en.png - encrypted
data\images\flags\es.png - encrypted
data\images\flags\pl.png - encrypted
data\images\flags\pt.png - encrypted
data\images\flags\sv.png - encrypted
data\images\folds\air\1.png - encrypted
data\images\folds\air\10.png - encrypted
data\images\folds\air\11.png - encrypted
data\images\folds\air\12.png - encrypted
data\images\folds\air\13.png - encrypted
data\images\folds\air\14.png - encrypted
data\images\folds\air\15.png - encrypted
data\images\folds\air\16.png - encrypted
data\images\folds\air\17.png - encrypted
data\images\folds\air\18.png - encrypted
data\images\folds\air\19.png - encrypted
data\images\folds\air\2.png - encrypted
data\images\folds\air\20.png - encrypted
data\images\folds\air\21.png - encrypted
data\images\folds\air\22.png - encrypted
data\images\folds\air\23.png - encrypted
data\images\folds\air\24.png - encrypted
data\images\folds\air\3.png - encrypted
data\images\folds\air\4.png - encrypted
data\images\folds\air\5.png - encrypted
data\images\folds\air\6.png - encrypted
data\images\folds\air\7.png - encrypted
data\images\folds\air\8.png - encrypted
data\images\folds\air\9.png - encrypted
data\images\folds\air\Air Fan.png - encrypted
data\images\folds\air\Air Gust.png - encrypted
data\images\folds\air\Air Hurricane.png - encrypted
data\images\folds\air\Air Wings.png - encrypted
data\images\folds\earth\1.png - encrypted
data\images\folds\earth\10.png - encrypted
data\images\folds\earth\11.png - encrypted
data\images\folds\earth\12.png - encrypted
data\images\folds\earth\13.png - encrypted
data\images\folds\earth\14.png - encrypted
data\images\folds\earth\15.png - encrypted
data\images\folds\earth\16.png - encrypted
data\images\folds\earth\17.png - encrypted
data\images\folds\earth\18.png - encrypted
data\images\folds\earth\19.png - encrypted
data\images\folds\earth\2.png - encrypted
data\images\folds\earth\20.png - encrypted
data\images\folds\earth\21.png - encrypted
data\images\folds\earth\22.png - encrypted
data\images\folds\earth\23.png - encrypted
data\images\folds\earth\24.png - encrypted
data\images\folds\earth\3.png - encrypted
data\images\folds\earth\4.png - encrypted
data\images\folds\earth\5.png - encrypted
data\images\folds\earth\6.png - encrypted
data\images\folds\earth\7.png - encrypted
data\images\folds\earth\8.png - encrypted
data\images\folds\earth\9.png - encrypted
data\images\folds\fire\1.png - encrypted
data\images\folds\fire\10.png - encrypted
data\images\folds\fire\11.png - encrypted
data\images\folds\fire\12.png - encrypted
data\images\folds\fire\13.png - encrypted
data\images\folds\fire\14.png - encrypted
data\images\folds\fire\15.png - encrypted
data\images\folds\fire\16.png - encrypted
data\images\folds\fire\17.png - encrypted
data\images\folds\fire\18.png - encrypted
data\images\folds\fire\19.png - encrypted
data\images\folds\fire\2.png - encrypted
data\images\folds\fire\20.png - encrypted
data\images\folds\fire\21.png - encrypted
data\images\folds\fire\22.png - encrypted
data\images\folds\fire\23.png - encrypted
data\images\folds\fire\24.png - encrypted
data\images\folds\fire\3.png - encrypted
data\images\folds\fire\4.png - encrypted
data\images\folds\fire\5.png - encrypted
data\images\folds\fire\6.png - encrypted
data\images\folds\fire\7.png - encrypted
data\images\folds\fire\8.png - encrypted
data\images\folds\fire\9.png - encrypted
data\images\folds\fire\Fire Kick.png - encrypted
data\images\folds\moldura.png - encrypted
data\images\folds\water\1.png - encrypted
data\images\folds\water\10.png - encrypted
data\images\folds\water\11.png - encrypted
data\images\folds\water\12.png - encrypted
data\images\folds\water\13.png - encrypted
data\images\folds\water\14.png - encrypted
data\images\folds\water\15.png - encrypted
data\images\folds\water\16.png - encrypted
data\images\folds\water\17.png - encrypted
data\images\folds\water\18.png - encrypted
data\images\folds\water\19.png - encrypted
data\images\folds\water\2.png - encrypted
data\images\folds\water\20.png - encrypted
data\images\folds\water\21.png - encrypted
data\images\folds\water\22.png - encrypted
data\images\folds\water\23.png - encrypted
data\images\folds\water\24.png - encrypted
data\images\folds\water\3.png - encrypted
data\images\folds\water\4.png - encrypted
data\images\folds\water\5.png - encrypted
data\images\folds\water\6.png - encrypted
data\images\folds\water\7.png - encrypted
data\images\folds\water\8.png - encrypted
data\images\folds\water\9.png - encrypted
data\images\game\actionbar\actionbarslot.png - encrypted
data\images\game\battle\battle_monsters.png - encrypted
data\images\game\battle\battle_npcs.png - encrypted
data\images\game\battle\battle_party.png - encrypted
data\images\game\battle\battle_players.png - encrypted
data\images\game\battle\battle_skulls.png - encrypted
data\images\game\combatmodes\chasemode.png - encrypted
data\images\game\combatmodes\chasemode1.png - encrypted
data\images\game\combatmodes\fightbalanced.png - encrypted
data\images\game\combatmodes\fightbalanced1.png - encrypted
data\images\game\combatmodes\fightdefensive.png - encrypted
data\images\game\combatmodes\fightdefensive1.png - encrypted
data\images\game\combatmodes\fightoffensive.png - encrypted
data\images\game\combatmodes\fightoffensive1.png - encrypted
data\images\game\combatmodes\mount.png - encrypted
data\images\game\combatmodes\redfistmode.png - encrypted
data\images\game\combatmodes\safefight.png - encrypted
data\images\game\combatmodes\safefight1.png - encrypted
data\images\game\combatmodes\whitedovemode.png - encrypted
data\images\game\combatmodes\whitehandmode.png - encrypted
data\images\game\combatmodes\yellowhandmode.png - encrypted
data\images\game\console\channels.png - encrypted
data\images\game\console\clearchannel.png - encrypted
data\images\game\console\closechannel.png - encrypted
data\images\game\console\ignore.png - encrypted
data\images\game\console\leftarrow.png - encrypted
data\images\game\console\rightarrow.png - encrypted
data\images\game\console\say.png - encrypted
data\images\game\console\whisper.png - encrypted
data\images\game\console\yell.png - encrypted
data\images\game\dangerous.png - encrypted
data\images\game\destiny_wheel\menuBg.png - encrypted
data\images\game\emblems\emblem_air.png - encrypted
data\images\game\emblems\emblem_blue.png - encrypted
data\images\game\emblems\emblem_earth.png - encrypted
data\images\game\emblems\emblem_fire.png - encrypted
data\images\game\emblems\emblem_green.png - encrypted
data\images\game\emblems\emblem_red.png - encrypted
data\images\game\emblems\emblem_water.png - encrypted
data\images\game\helperimg\OFF.png - encrypted
data\images\game\helperimg\ON.png - encrypted
data\images\game\helperimg\plus.png - encrypted
data\images\game\minimap\cross.png - encrypted
data\images\game\minimap\flag0.png - encrypted
data\images\game\minimap\flag1.png - encrypted
data\images\game\minimap\flag10.png - encrypted
data\images\game\minimap\flag11.png - encrypted
data\images\game\minimap\flag12.png - encrypted
data\images\game\minimap\flag13.png - encrypted
data\images\game\minimap\flag14.png - encrypted
data\images\game\minimap\flag15.png - encrypted
data\images\game\minimap\flag16.png - encrypted
data\images\game\minimap\flag17.png - encrypted
data\images\game\minimap\flag18.png - encrypted
data\images\game\minimap\flag19.png - encrypted
data\images\game\minimap\flag2.png - encrypted
data\images\game\minimap\flag3.png - encrypted
data\images\game\minimap\flag4.png - encrypted
data\images\game\minimap\flag5.png - encrypted
data\images\game\minimap\flag6.png - encrypted
data\images\game\minimap\flag7.png - encrypted
data\images\game\minimap\flag8.png - encrypted
data\images\game\minimap\flag9.png - encrypted
data\images\game\minimap\flagcheckbox.png - encrypted
data\images\game\minimap\floor_down.png - encrypted
data\images\game\minimap\floor_up.png - encrypted
data\images\game\minimap\huntdot.png - encrypted
data\images\game\minimap\zoom_in.png - encrypted
data\images\game\minimap\zoom_out.png - encrypted
data\images\game\npcicons\icon_chat.png - encrypted
data\images\game\npcicons\icon_quest.png - encrypted
data\images\game\npcicons\icon_trade.png - encrypted
data\images\game\npcicons\icon_tradequest.png - encrypted
data\images\game\offset\Direita.png - encrypted
data\images\game\offset\Esquerda.png - encrypted
data\images\game\offset\Floor.png - encrypted
data\images\game\offset\icon.png - encrypted
data\images\game\offset\Norte.png - encrypted
data\images\game\offset\Reset.png - encrypted
data\images\game\offset\Sul.png - encrypted
data\images\game\offset\textbox.png - encrypted
data\images\game\shields\shield_blue.png - encrypted
data\images\game\shields\shield_blue1.png - encrypted
data\images\game\shields\shield_blue_not_shared.png - encrypted
data\images\game\shields\shield_blue_not_shared1.png - encrypted
data\images\game\shields\shield_blue_shared.png - encrypted
data\images\game\shields\shield_blue_shared1.png - encrypted
data\images\game\shields\shield_blue_white.png - encrypted
data\images\game\shields\shield_blue_white1.png - encrypted
data\images\game\shields\shield_gray.png - encrypted
data\images\game\shields\shield_gray1.png - encrypted
data\images\game\shields\shield_yellow.png - encrypted
data\images\game\shields\shield_yellow1.png - encrypted
data\images\game\shields\shield_yellow_not_shared.png - encrypted
data\images\game\shields\shield_yellow_not_shared1.png - encrypted
data\images\game\shields\shield_yellow_shared.png - encrypted
data\images\game\shields\shield_yellow_shared1.png - encrypted
data\images\game\shields\shield_yellow_white.png - encrypted
data\images\game\shields\shield_yellow_white1.png - encrypted
data\images\game\skulls\skull_black.png - encrypted
data\images\game\skulls\skull_green.png - encrypted
data\images\game\skulls\skull_orange.png - encrypted
data\images\game\skulls\skull_red.png - encrypted
data\images\game\skulls\skull_white.png - encrypted
data\images\game\skulls\skull_yellow.png - encrypted
data\images\game\slots\ammo.png - encrypted
data\images\game\slots\back.png - encrypted
data\images\game\slots\body.png - encrypted
data\images\game\slots\camera.png - encrypted
data\images\game\slots\feet.png - encrypted
data\images\game\slots\finger.png - encrypted
data\images\game\slots\head.png - encrypted
data\images\game\slots\left-hand.png - encrypted
data\images\game\slots\legs.png - encrypted
data\images\game\slots\momopouch.png - encrypted
data\images\game\slots\neck.png - encrypted
data\images\game\slots\purse.png - encrypted
data\images\game\slots\right-hand.png - encrypted
data\images\game\spells\cooldowns.png - encrypted
data\images\game\spells\defaultspells.png - encrypted
data\images\game\states\bleeding.png - encrypted
data\images\game\states\burning.png - encrypted
data\images\game\states\cursed.png - encrypted
data\images\game\states\dazzled.png - encrypted
data\images\game\states\drowning.png - encrypted
data\images\game\states\drunk.png - encrypted
data\images\game\states\electrified.png - encrypted
data\images\game\states\freezing.png - encrypted
data\images\game\states\haste.png - encrypted
data\images\game\states\hungry.png - encrypted
data\images\game\states\logout_block.png - encrypted
data\images\game\states\magic_shield.png - encrypted
data\images\game\states\poisoned.png - encrypted
data\images\game\states\protection_zone.png - encrypted
data\images\game\states\protection_zone_block.png - encrypted
data\images\game\states\slowed.png - encrypted
data\images\game\states\strengthened.png - encrypted
data\images\game\summon_other.png - encrypted
data\images\game\summon_own.png - encrypted
data\images\game\tutorial\backdrop_crestr.png - encrypted
data\images\game\viplist\icons.png - encrypted
data\images\game\viplist\vipcheckbox.png - encrypted
data\images\icon.png - encrypted
data\images\icons\icon-healing.png - encrypted
data\images\miniicons\healcut.png - encrypted
data\images\miniicons\hungry.png - encrypted
data\images\miniicons\nomana.png - encrypted
data\images\optionstab\audio.png - encrypted
data\images\optionstab\console.png - encrypted
data\images\optionstab\game.png - encrypted
data\images\optionstab\graphics.png - encrypted
data\images\optionstab\name-label.png - encrypted
data\images\shaders\rainbow.png - encrypted
data\images\skin\show-gui-help-grey.png - encrypted
data\images\skin\show-gui-help-red.png - encrypted
data\images\stickers\background.png - encrypted
data\images\stickers\emoji.png - encrypted
data\images\stickers\stickerSpeechBubble.png - encrypted
data\images\stickers\test1.png - encrypted
data\images\stickers\test2.png - encrypted
data\images\stickers\test3.png - encrypted
data\images\stickers\test4.png - encrypted
data\images\stickers\test5.png - encrypted
data\images\stickers\test6.png - encrypted
data\images\stickers\test7.png - encrypted
data\images\stickers\test8.png - encrypted
data\images\stickers\test9.png - encrypted
data\images\store\bazaar-add-item.png - encrypted
data\images\store\button-erase-small-down.png - encrypted
data\images\store\button-erase-small-up.png - encrypted
data\images\store\icon-yes.png - encrypted
data\images\tooltip_bg.png - encrypted
data\images\topbuttons\appa.png - encrypted
data\images\topbuttons\atributos.png - encrypted
data\images\topbuttons\audio.png - encrypted
data\images\topbuttons\audio_mute.png - encrypted
data\images\topbuttons\base.png - encrypted
data\images\topbuttons\battle.png - encrypted
data\images\topbuttons\battle2.png - encrypted
data\images\topbuttons\cast.png - encrypted
data\images\topbuttons\cd.png - encrypted
data\images\topbuttons\code.png - encrypted
data\images\topbuttons\combatcontrols.png - encrypted
data\images\topbuttons\Conquistas.png - encrypted
data\images\topbuttons\cooldowns.png - encrypted
data\images\topbuttons\dailyhunt.png - encrypted
data\images\topbuttons\drop.png - encrypted
data\images\topbuttons\EXP.png - encrypted
data\images\topbuttons\guild.png - encrypted
data\images\topbuttons\healthinfo.png - encrypted
data\images\topbuttons\Helper.png - encrypted
data\images\topbuttons\hotkeys.pdn - encrypted
data\images\topbuttons\hotkeys.png - encrypted
data\images\topbuttons\huntfinder.png - encrypted
data\images\topbuttons\inventory.png - encrypted
data\images\topbuttons\login.png - encrypted
data\images\topbuttons\logout.png - encrypted
data\images\topbuttons\Magicmeter.png - encrypted
data\images\topbuttons\market.png - encrypted
data\images\topbuttons\marketinterrog.png - encrypted
data\images\topbuttons\minimap.png - encrypted
data\images\topbuttons\modulemanager.png - encrypted
data\images\topbuttons\motd.png - encrypted
data\images\topbuttons\Navigation.png - encrypted
data\images\topbuttons\options.png - encrypted
data\images\topbuttons\particles.png - encrypted
data\images\topbuttons\PartyDPS.png - encrypted
data\images\topbuttons\questlog.png - encrypted
data\images\topbuttons\shop.png - encrypted
data\images\topbuttons\skills.png - encrypted
data\images\topbuttons\spelllist.png - encrypted
data\images\topbuttons\talenttree.png - encrypted
data\images\topbuttons\terminal.png - encrypted
data\images\topbuttons\topbuttons.rar - encrypted
data\images\topbuttons\viplist.png - encrypted
data\images\ui\1pixel-down-frame.png - encrypted
data\images\ui\2pixel-up-frame-borderimage.png - encrypted
data\images\ui\3pixel-frame-borderimage.png - encrypted
data\images\ui\arrow_horizontal.png - encrypted
data\images\ui\arrow_vertical.png - encrypted
data\images\ui\button.png - encrypted
data\images\ui\button1 (2).png - encrypted
data\images\ui\button1.png - encrypted
data\images\ui\buttons-blue.png - encrypted
data\images\ui\button_popupmenu.png - encrypted
data\images\ui\button_popupmenu1.png - encrypted
data\images\ui\button_rounded.png - encrypted
data\images\ui\button_rounded1.png - encrypted
data\images\ui\button_square.png - encrypted
data\images\ui\button_square1.png - encrypted
data\images\ui\button_topgame.png - encrypted
data\images\ui\checkbox.png - encrypted
data\images\ui\checkbox1.png - encrypted
data\images\ui\colorbox.png - encrypted
data\images\ui\combobox.png - encrypted
data\images\ui\combobox_rounded.png - encrypted
data\images\ui\combobox_square.png - encrypted
data\images\ui\depotsearch.png - encrypted
data\images\ui\ditherpattern.png - encrypted
data\images\ui\hierarchy-branch.png - encrypted
data\images\ui\icon_add.png - encrypted
data\images\ui\Image_2D_0165_0798.png - encrypted
data\images\ui\inventario_slot.png - encrypted
data\images\ui\item - Copia.png - encrypted
data\images\ui\item.png - encrypted
data\images\ui\item1.png - encrypted
data\images\ui\menubox.png - encrypted
data\images\ui\miniborder.png - encrypted
data\images\ui\miniwindow.png - encrypted
data\images\ui\miniwindow_buttons.png - encrypted
data\images\ui\panel_bottom.png - encrypted
data\images\ui\panel_container.png - encrypted
data\images\ui\panel_content.png - encrypted
data\images\ui\panel_flat.png - encrypted
data\images\ui\panel_lightflat.png - encrypted
data\images\ui\panel_map.png - encrypted
data\images\ui\panel_side.png - encrypted
data\images\ui\panel_top.png - encrypted
data\images\ui\percent-buttons.png - encrypted
data\images\ui\percentBg.png - encrypted
data\images\ui\progressbar - Copia.png - encrypted
data\images\ui\progressbar.png - encrypted
data\images\ui\rmv-button.png - encrypted
data\images\ui\scrollbar.png - encrypted
data\images\ui\scrollbar1.png - encrypted
data\images\ui\separator_horizontal - Copia.png - encrypted
data\images\ui\separator_horizontal.png - encrypted
data\images\ui\separator_vertical.png - encrypted
data\images\ui\spinbox.png - encrypted
data\images\ui\spinbox_down.png - encrypted
data\images\ui\spinbox_up.png - encrypted
data\images\ui\t2pixel-up-frame-borderimage.png - encrypted
data\images\ui\tabbutton_rounded.png - encrypted
data\images\ui\tabbutton_square.png - encrypted
data\images\ui\textedit.png - encrypted
data\images\ui\ui.zip - encrypted
data\images\ui\window.png - encrypted
data\images\ui\window_headless.png - encrypted
data\loadingimages\appa.png - encrypted
data\locales\de.lua - lua bytecode encrypted
data\locales\de.lua - encrypted
data\locales\en.lua - lua bytecode encrypted
data\locales\en.lua - encrypted
data\locales\es.lua - lua bytecode encrypted
data\locales\es.lua - encrypted
data\locales\pl.lua - lua bytecode encrypted
data\locales\pl.lua - encrypted
data\locales\pt.lua - lua bytecode encrypted
data\locales\pt.lua - encrypted
data\locales\sv.lua - lua bytecode encrypted
data\locales\sv.lua - encrypted
data\normalmaps\README.md - encrypted
data\particles\particle.png - encrypted
data\particles\particles.otps - encrypted
data\shaders\background_particles_fragment.frag - encrypted
data\shaders\entergame_glow_fragment.frag - encrypted
data\shaders\healthbar_bg.frag - encrypted
data\shaders\healthbar_bg_1.frag - encrypted
data\shaders\healthbar_bg_2.frag - encrypted
data\shaders\healthbar_bg_3.frag - encrypted
data\shaders\healthbar_bg_4.frag - encrypted
data\shaders\item_tier_1.frag - encrypted
data\shaders\item_tier_10.frag - encrypted
data\shaders\item_tier_2.frag - encrypted
data\shaders\item_tier_3.frag - encrypted
data\shaders\item_tier_4.frag - encrypted
data\shaders\item_tier_5.frag - encrypted
data\shaders\item_tier_6.frag - encrypted
data\shaders\item_tier_7.frag - encrypted
data\shaders\item_tier_8.frag - encrypted
data\shaders\item_tier_9.frag - encrypted
data\shaders\item_tier_fragment.frag - encrypted
data\shaders\item_tier_vertex.frag - encrypted
data\shaders\map_cloudy_fade_out_fragment.frag - encrypted
data\shaders\map_cloudy_fragment.frag - encrypted
data\shaders\map_cloudy_vertex.frag - encrypted
data\shaders\map_default_fragment.frag - encrypted
data\shaders\map_default_vertex.frag - encrypted
data\shaders\map_fade_in_fragment.frag - encrypted
data\shaders\map_fade_out_fragment.frag - encrypted
data\shaders\map_lens_fragment.frag - encrypted
data\shaders\map_overlay_dim_fragment.frag - encrypted
data\shaders\map_rainbow_fragment.frag - encrypted
data\shaders\map_rainbow_vertex.frag - encrypted
data\shaders\map_toph_fragment.frag - encrypted
data\shaders\novos\amazin\outfit_monsterrarity_holy_fragment.frag - encrypted
data\shaders\novos\amazin\outfit_monsterrarity_holy_vertex.frag - encrypted
data\shaders\novos\aqua.png - encrypted
data\shaders\novos\border_glow_fragment.frag - encrypted
data\shaders\novos\border_glow_vertex.frag - encrypted
data\shaders\novos\contrast2_fragment.frag - encrypted
data\shaders\novos\contrast_fragment.frag - encrypted
data\shaders\novos\contrast_vertex.frag - encrypted
data\shaders\novos\cosmetic_transition_fragment.frag - encrypted
data\shaders\novos\deuteranopia_fragment.frag - encrypted
data\shaders\novos\deuteranopia_vertex.frag - encrypted
data\shaders\novos\done\outfit_colorizingWave_fragment.frag - encrypted
data\shaders\novos\done\outfit_colorizingWave_vertex.frag - encrypted
data\shaders\novos\done\outfit_matrixFall_fragment.frag - encrypted
data\shaders\novos\done\outfit_matrixFall_vertex.frag - encrypted
data\shaders\novos\done\outfit_rainbowRGB_fragment.frag - encrypted
data\shaders\novos\done\outfit_rainbowRGB_vertex.frag - encrypted
data\shaders\novos\done\outfit_rainbowWave_fragment.frag - encrypted
data\shaders\novos\done\outfit_rainbowWave_vertex.frag - encrypted
data\shaders\novos\done\outfit_redGlow_fragment.frag - encrypted
data\shaders\novos\done\outfit_redGlow_vertex.frag - encrypted
data\shaders\novos\done\outfit_shine_fragment.frag - encrypted
data\shaders\novos\done\outfit_shine_vertex.frag - encrypted
data\shaders\novos\done\outfit_starsLinkDarken_fragment.frag - encrypted
data\shaders\novos\done\outfit_starsLinkDarken_vertex.frag - encrypted
data\shaders\novos\done\outfit_starsRainbowNebula_fragment.frag - encrypted
data\shaders\novos\done\outfit_starsRainbowNebula_vertex.frag - encrypted
data\shaders\novos\glitch_relentless_fragment.frag - encrypted
data\shaders\novos\glitch_relentless_vertex.frag - encrypted
data\shaders\novos\goldglow_fragment.frag - encrypted
data\shaders\novos\goldglow_vertex.frag - encrypted
data\shaders\novos\greenwaves_fragment.frag - encrypted
data\shaders\novos\item\rarity_corrupted.frag - encrypted
data\shaders\novos\item\rarity_epic.frag - encrypted
data\shaders\novos\item\rarity_legendary.frag - encrypted
data\shaders\novos\item\rarity_rare.frag - encrypted
data\shaders\novos\item\rarity_uncommon.frag - encrypted
data\shaders\novos\item_transmute_blackout_fragment.frag - encrypted
data\shaders\novos\item_transmute_blackout_vertex.frag - encrypted
data\shaders\novos\item_transmute_dust_dissolve_fragment.frag - encrypted
data\shaders\novos\item_transmute_dust_dissolve_vertex.frag - encrypted
data\shaders\novos\item_transmute_hide_fragment.frag - encrypted
data\shaders\novos\item_transmute_hide_vertex.frag - encrypted
data\shaders\novos\item_transmute_outline_fail_fragment.frag - encrypted
data\shaders\novos\item_transmute_outline_success_fragment.frag - encrypted
data\shaders\novos\item_transmute_reveal_fragment.frag - encrypted
data\shaders\novos\item_transmute_reveal_vertex.frag - encrypted
data\shaders\novos\item_transmute_shatter_fragment.frag - encrypted
data\shaders\novos\item_transmute_shatter_vertex.frag - encrypted
data\shaders\novos\item_transmute_tierup_aura_fragment.frag - encrypted
data\shaders\novos\item_transmute_tierup_edge_fragment.frag - encrypted
data\shaders\novos\lib\compat.glsl - encrypted
data\shaders\novos\map_aurora_fragment.frag - encrypted
data\shaders\novos\map_aurora_vertex.frag - encrypted
data\shaders\novos\map_blur_high_fragment.frag - encrypted
data\shaders\novos\map_blur_high_vertex.frag - encrypted
data\shaders\novos\map_blur_low_fragment.frag - encrypted
data\shaders\novos\map_blur_low_vertex.frag - encrypted
data\shaders\novos\map_blur_medium_fragment.frag - encrypted
data\shaders\novos\map_blur_medium_vertex.frag - encrypted
data\shaders\novos\map_cloudy_fragment.frag - encrypted
data\shaders\novos\map_cloudy_vertex.frag - encrypted
data\shaders\novos\map_crystalcavern_fragment.frag - encrypted
data\shaders\novos\map_crystalcavern_vertex.frag - encrypted
data\shaders\novos\map_deathgas_fragment.frag - encrypted
data\shaders\novos\map_deathgas_vertex.frag - encrypted
data\shaders\novos\map_default_fragment.frag - encrypted
data\shaders\novos\map_default_vertex.frag - encrypted
data\shaders\novos\map_dreamworld_fragment.frag - encrypted
data\shaders\novos\map_dreamworld_vertex.frag - encrypted
data\shaders\novos\map_drunk_fragment.frag - encrypted
data\shaders\novos\map_drunk_vertex.frag - encrypted
data\shaders\novos\map_firestorm_blue_fragment.frag - encrypted
data\shaders\novos\map_firestorm_blue_vertex.frag - encrypted
data\shaders\novos\map_firestorm_fragment.frag - encrypted
data\shaders\novos\map_firestorm_green_fragment.frag - encrypted
data\shaders\novos\map_firestorm_green_vertex.frag - encrypted
data\shaders\novos\map_firestorm_intense_fragment.frag - encrypted
data\shaders\novos\map_firestorm_intense_vertex.frag - encrypted
data\shaders\novos\map_firestorm_purple_fragment.frag - encrypted
data\shaders\novos\map_firestorm_purple_vertex.frag - encrypted
data\shaders\novos\map_firestorm_subtle_fragment.frag - encrypted
data\shaders\novos\map_firestorm_subtle_vertex.frag - encrypted
data\shaders\novos\map_firestorm_vertex.frag - encrypted
data\shaders\novos\map_fog_fragment.frag - encrypted
data\shaders\novos\map_fog_vertex.frag - encrypted
data\shaders\novos\map_frozen_fragment.frag - encrypted
data\shaders\novos\map_frozen_vertex.frag - encrypted
data\shaders\novos\map_heatwave_fragment.frag - encrypted
data\shaders\novos\map_heatwave_vertex.frag - encrypted
data\shaders\novos\map_moonlight_fragment.frag - encrypted
data\shaders\novos\map_moonlight_vertex.frag - encrypted
data\shaders\novos\map_nightmare_fragment.frag - encrypted
data\shaders\novos\map_nightmare_vertex.frag - encrypted
data\shaders\novos\map_rainbow_fragment.frag - encrypted
data\shaders\novos\map_rainbow_vertex.frag - encrypted
data\shaders\novos\map_rain_fragment.frag - encrypted
data\shaders\novos\map_rain_vertex.frag - encrypted
data\shaders\novos\map_sandstorm_fragment.frag - encrypted
data\shaders\novos\map_sandstorm_vertex.frag - encrypted
data\shaders\novos\map_shader330_fragment.frag - encrypted
data\shaders\novos\map_shader330_vertex.frag - encrypted
data\shaders\novos\map_shadowrealm_fragment.frag - encrypted
data\shaders\novos\map_shadowrealm_vertex.frag - encrypted
data\shaders\novos\map_snow_fragment.frag - encrypted
data\shaders\novos\map_snow_vertex.frag - encrypted
data\shaders\novos\map_sunset_fragment.frag - encrypted
data\shaders\novos\map_sunset_vertex.frag - encrypted
data\shaders\novos\map_thunderstorm_fragment.frag - encrypted
data\shaders\novos\map_thunderstorm_vertex.frag - encrypted
data\shaders\novos\map_toxicfog_fragment.frag - encrypted
data\shaders\novos\map_toxicfog_vertex.frag - encrypted
data\shaders\novos\map_underwater_fragment.frag - encrypted
data\shaders\novos\map_underwater_vertex.frag - encrypted
data\shaders\novos\map_vignette_fragment.frag - encrypted
data\shaders\novos\map_vignette_vertex.frag - encrypted
data\shaders\novos\map_visionlimit_fragment.frag - encrypted
data\shaders\novos\map_visionlimit_vertex.frag - encrypted
data\shaders\novos\map_volcanoash_fragment.frag - encrypted
data\shaders\novos\map_volcanoash_vertex.frag - encrypted
data\shaders\novos\name_chromatic_fragment.frag - encrypted
data\shaders\novos\name_fire_fragment.frag - encrypted
data\shaders\novos\name_glitch_fragment.frag - encrypted
data\shaders\novos\name_gold_fragment.frag - encrypted
data\shaders\novos\name_gradient_blue_fragment.frag - encrypted
data\shaders\novos\name_ice_fragment.frag - encrypted
data\shaders\novos\name_matrix_fragment.frag - encrypted
data\shaders\novos\name_neon_fragment.frag - encrypted
data\shaders\novos\name_phantom_fragment.frag - encrypted
data\shaders\novos\name_pulse_fragment.frag - encrypted
data\shaders\novos\name_rainbow_fragment.frag - encrypted
data\shaders\novos\name_shadow_fragment.frag - encrypted
data\shaders\novos\name_static_fragment.frag - encrypted
data\shaders\novos\name_vertex.frag - encrypted
data\shaders\novos\name_wave_fragment.frag - encrypted
data\shaders\novos\news\blur.vert - encrypted
data\shaders\novos\news\chromatic-aberration.frag - encrypted
data\shaders\novos\news\combine.frag - encrypted
data\shaders\novos\news\convolve-1d.frag - encrypted
data\shaders\novos\news\copy.frag - encrypted
data\shaders\novos\news\crt.frag - encrypted
data\shaders\novos\news\default.vert - encrypted
data\shaders\novos\news\film-grain.frag - encrypted
data\shaders\novos\news\fisheye.frag - encrypted
data\shaders\novos\news\fisheye_vertex.frag - encrypted
data\shaders\novos\news\fxaa.frag - encrypted
data\shaders\novos\news\gamma-threshold.frag - encrypted
data\shaders\novos\news\lens-flare.frag - encrypted
data\shaders\novos\news\levels.frag - encrypted
data\shaders\novos\news\mix.frag - encrypted
data\shaders\novos\news\nfaa.frag - encrypted
data\shaders\novos\news\old-tv.frag - encrypted
data\shaders\novos\news\radial-blur_fragment.frag - encrypted
data\shaders\novos\news\radial-blur_vertex.vert - encrypted
data\shaders\novos\news\radial-distortion.frag - encrypted
data\shaders\novos\news\screenspace.vert - encrypted
data\shaders\novos\news\vignetting.frag - encrypted
data\shaders\novos\news\water-distortion.frag - encrypted
data\shaders\novos\news\zoom.frag - encrypted
data\shaders\novos\news\zoom.vert - encrypted
data\shaders\novos\outfit_arcane_overlay_fragment.frag - encrypted
data\shaders\novos\outfit_arcane_overlay_vertex.frag - encrypted
data\shaders\novos\outfit_blessed_error_fragment.frag - encrypted
data\shaders\novos\outfit_blessed_fragment.frag - encrypted
data\shaders\novos\outfit_blessed_vertex.frag - encrypted
data\shaders\novos\outfit_bounce_fragment.frag - encrypted
data\shaders\novos\outfit_bounce_high_blue_fragment.frag - encrypted
data\shaders\novos\outfit_bounce_high_fragment.frag - encrypted
data\shaders\novos\outfit_bounce_high_green_fragment.frag - encrypted
data\shaders\novos\outfit_bounce_high_vertex.frag - encrypted
data\shaders\novos\outfit_bounce_sideways_fragment.frag - encrypted
data\shaders\novos\outfit_bounce_sideways_vertex.frag - encrypted
data\shaders\novos\outfit_bounce_vertex.frag - encrypted
data\shaders\novos\outfit_brazil_fragment.frag - encrypted
data\shaders\novos\outfit_brazil_vertex.frag - encrypted
data\shaders\novos\outfit_bubble_blue_fragment.frag - encrypted
data\shaders\novos\outfit_bubble_fragment.frag - encrypted
data\shaders\novos\outfit_bubble_green_fragment.frag - encrypted
data\shaders\novos\outfit_bubble_vertex.frag - encrypted
data\shaders\novos\outfit_bubble_watery_vertex.frag - encrypted
data\shaders\novos\outfit_camouflage_fragment.frag - encrypted
data\shaders\novos\outfit_camouflage_vertex.frag - encrypted
data\shaders\novos\outfit_celestial_radiance_vertex.frag - encrypted
data\shaders\novos\outfit_circle2_fragment.frag - encrypted
data\shaders\novos\outfit_circle2_vertex.frag - encrypted
data\shaders\novos\outfit_circle3_fragment.frag - encrypted
data\shaders\novos\outfit_circle3_vertex.frag - encrypted
data\shaders\novos\outfit_circle4_fragment.frag - encrypted
data\shaders\novos\outfit_circle4_vertex.frag - encrypted
data\shaders\novos\outfit_circle_fragment.frag - encrypted
data\shaders\novos\outfit_circle_vertex.frag - encrypted
data\shaders\novos\outfit_colorizingWave_fragment.frag - encrypted
data\shaders\novos\outfit_colorizingWave_vertex.frag - encrypted
data\shaders\novos\outfit_cosmic_flow_fragment.frag - encrypted
data\shaders\novos\outfit_cosmic_flow_vertex.frag - encrypted
data\shaders\novos\outfit_cosmic_fragment.frag - encrypted
data\shaders\novos\outfit_cosmic_vertex.frag - encrypted
data\shaders\novos\outfit_cosmos_fragment.frag - encrypted
data\shaders\novos\outfit_cosmos_vertex.frag - encrypted
data\shaders\novos\outfit_cursed_fragment.frag - encrypted
data\shaders\novos\outfit_cursed_vertex.frag - encrypted
data\shaders\novos\outfit_cyber_glitch_fragment.frag - encrypted
data\shaders\novos\outfit_cyber_glitch_vertex.frag - encrypted
data\shaders\novos\outfit_cyber_matrix_fragment.frag - encrypted
data\shaders\novos\outfit_cyber_matrix_vertex.frag - encrypted
data\shaders\novos\outfit_default_fragment.frag - encrypted
data\shaders\novos\outfit_default_vertex.frag - encrypted
data\shaders\novos\outfit_drunk_fragment.frag - encrypted
data\shaders\novos\outfit_drunk_vertex.frag - encrypted
data\shaders\novos\outfit_dual_energy_fragment.frag - encrypted
data\shaders\novos\outfit_dual_glitter_fragment.frag - encrypted
data\shaders\novos\outfit_dual_texture_fragment.frag - encrypted
data\shaders\novos\outfit_dual_texture_vertex.frag - encrypted
data\shaders\novos\outfit_electric_eel_fragment.frag - encrypted
data\shaders\novos\outfit_electric_eel_vertex.frag - encrypted
data\shaders\novos\outfit_electric_fragment.frag - encrypted
data\shaders\novos\outfit_electric_goldgreen_fragment.frag - encrypted
data\shaders\novos\outfit_electric_goldgreen_vertex.frag - encrypted
data\shaders\novos\outfit_electric_green_fragment.frag - encrypted
data\shaders\novos\outfit_electric_green_vertex.frag - encrypted
data\shaders\novos\outfit_electric_purple_fragment.frag - encrypted
data\shaders\novos\outfit_electric_purple_vertex.frag - encrypted
data\shaders\novos\outfit_electric_red_fragment.frag - encrypted
data\shaders\novos\outfit_electric_red_vertex.frag - encrypted
data\shaders\novos\outfit_electric_southeast_fragment.frag - encrypted
data\shaders\novos\outfit_electric_southeast_vertex.frag - encrypted
data\shaders\novos\outfit_electric_vertex.frag - encrypted
data\shaders\novos\outfit_falling_stars_fragment.frag - encrypted
data\shaders\novos\outfit_falling_stars_vertex.frag - encrypted
data\shaders\novos\outfit_fire_fragment.frag - encrypted
data\shaders\novos\outfit_fire_vertex.frag - encrypted
data\shaders\novos\outfit_fizzy_blue_fragment.frag - encrypted
data\shaders\novos\outfit_fizzy_fragment.frag - encrypted
data\shaders\novos\outfit_fizzy_green_fragment.frag - encrypted
data\shaders\novos\outfit_fizzy_guitar_fragment.frag - encrypted
data\shaders\novos\outfit_fizzy_guitar_vertex.frag - encrypted
data\shaders\novos\outfit_fizzy_pink_fragment.frag - encrypted
data\shaders\novos\outfit_fizzy_purple_fragment.frag - encrypted
data\shaders\novos\outfit_fizzy_vertex.frag - encrypted
data\shaders\novos\outfit_flame_knight_fragment.frag - encrypted
data\shaders\novos\outfit_flame_knight_vertex.frag - encrypted
data\shaders\novos\outfit_fractal_flame_fragment.frag - encrypted
data\shaders\novos\outfit_fractal_flame_vertex.frag - encrypted
data\shaders\novos\outfit_ghost_fragment.frag - encrypted
data\shaders\novos\outfit_ghost_vertex.frag - encrypted
data\shaders\novos\outfit_glitch_fragment.frag - encrypted
data\shaders\novos\outfit_glitch_vertex.frag - encrypted
data\shaders\novos\outfit_glittering_ruby_fragment.frag - encrypted
data\shaders\novos\outfit_glittering_ruby_vertex.frag - encrypted
data\shaders\novos\outfit_glitter_oceangreen_fragment.frag - encrypted
data\shaders\novos\outfit_glitter_oceangreen_vertex.frag - encrypted
data\shaders\novos\outfit_glitter_purple_fragment.frag - encrypted
data\shaders\novos\outfit_glitter_purple_vertex.frag - encrypted
data\shaders\novos\outfit_glitter_twitch_fragment.frag - encrypted
data\shaders\novos\outfit_glitter_twitch_vertex.frag - encrypted
data\shaders\novos\outfit_gold_fragment.frag - encrypted
data\shaders\novos\outfit_gold_vertex.frag - encrypted
data\shaders\novos\outfit_goofy_stretchy_fragment.frag - encrypted
data\shaders\novos\outfit_goofy_stretchy_vertex.frag - encrypted
data\shaders\novos\outfit_grayscale.frag - encrypted
data\shaders\novos\outfit_grayscale_vertex.frag - encrypted
data\shaders\novos\outfit_hologram_glitch_fragment.frag - encrypted
data\shaders\novos\outfit_hologram_glitch_vertex.frag - encrypted
data\shaders\novos\outfit_huegreen_fragment.frag - encrypted
data\shaders\novos\outfit_huegreen_vertex.frag - encrypted
data\shaders\novos\outfit_inverted_fragment.frag - encrypted
data\shaders\novos\outfit_inverted_vertex.frag - encrypted
data\shaders\novos\outfit_jello_fragment.frag - encrypted
data\shaders\novos\outfit_jello_vertex.frag - encrypted
data\shaders\novos\outfit_jumping_fixed_fragment.frag - encrypted
data\shaders\novos\outfit_jumping_fixed_vertex.frag - encrypted
data\shaders\novos\outfit_jumping_fragment.frag - encrypted
data\shaders\novos\outfit_jumping_vertex.frag - encrypted
data\shaders\novos\outfit_lava_fragment.frag - encrypted
data\shaders\novos\outfit_lava_vertex.frag - encrypted
data\shaders\novos\outfit_lightning_storm_fragment.frag - encrypted
data\shaders\novos\outfit_lightning_storm_vertex.frag - encrypted
data\shaders\novos\outfit_line_fragment.frag - encrypted
data\shaders\novos\outfit_line_vertex.frag - encrypted
data\shaders\novos\outfit_matrixFall_fragment.frag - encrypted
data\shaders\novos\outfit_matrixFall_vertex.frag - encrypted
data\shaders\novos\outfit_metallic_bronze_fragment.frag - encrypted
data\shaders\novos\outfit_metallic_bronze_vertex.frag - encrypted
data\shaders\novos\outfit_metallic_fragment.frag - encrypted
data\shaders\novos\outfit_metallic_gold_fragment.frag - encrypted
data\shaders\novos\outfit_metallic_gold_vertex.frag - encrypted
data\shaders\novos\outfit_metallic_purple_fragment.frag - encrypted
data\shaders\novos\outfit_metallic_purple_vertex.frag - encrypted
data\shaders\novos\outfit_metallic_silver_fragment.frag - encrypted
data\shaders\novos\outfit_metallic_silver_vertex.frag - encrypted
data\shaders\novos\outfit_metallic_vertex.frag - encrypted
data\shaders\novos\outfit_mexican_fiesta_fragment.frag - encrypted
data\shaders\novos\outfit_mexican_fiesta_vertex.frag - encrypted
data\shaders\novos\outfit_midget_fragment.frag - encrypted
data\shaders\novos\outfit_midget_vertex.frag - encrypted
data\shaders\novos\outfit_molten_crystal_fragment.frag - encrypted
data\shaders\novos\outfit_molten_crystal_vertex.frag - encrypted
data\shaders\novos\outfit_monsterrarity_cosmos_fragment.frag - encrypted
data\shaders\novos\outfit_monsterrarity_cosmos_vertex.frag - encrypted
data\shaders\novos\outfit_monsterrarity_death_vertex.frag - encrypted
data\shaders\novos\outfit_monsterrarity_earth_fragment.frag - encrypted
data\shaders\novos\outfit_monsterrarity_earth_vertex.frag - encrypted
data\shaders\novos\outfit_monsterrarity_energy_fragment.frag - encrypted
data\shaders\novos\outfit_monsterrarity_energy_vertex.frag - encrypted
data\shaders\novos\outfit_monsterrarity_fire_fragment.frag - encrypted
data\shaders\novos\outfit_monsterrarity_fire_vertex.frag - encrypted
data\shaders\novos\outfit_monsterrarity_holy_fragment.frag - encrypted
data\shaders\novos\outfit_monsterrarity_holy_vertex.frag - encrypted
data\shaders\novos\outfit_monsterrarity_ice_fragment.frag - encrypted
data\shaders\novos\outfit_monsterrarity_ice_vertex.frag - encrypted
data\shaders\novos\outfit_mystical_aura_fragment.frag - encrypted
data\shaders\novos\outfit_mystical_aura_vertex.frag - encrypted
data\shaders\novos\outfit_neon_cyber_fragment.frag - encrypted
data\shaders\novos\outfit_neon_cyber_vertex.frag - encrypted
data\shaders\novos\outfit_neon_green_fragment.frag - encrypted
data\shaders\novos\outfit_neon_green_vertex.frag - encrypted
data\shaders\novos\outfit_neon_purple_fragment.frag - encrypted
data\shaders\novos\outfit_neon_purple_vertex.frag - encrypted
data\shaders\novos\outfit_neon_red_fragment.frag - encrypted
data\shaders\novos\outfit_neon_red_vertex.frag - encrypted
data\shaders\novos\outfit_onsale_fragment.frag - encrypted
data\shaders\novos\outfit_onsale_vertex.frag - encrypted
data\shaders\novos\outfit_outlineblack_fragment.frag - encrypted
data\shaders\novos\outfit_outlineblack_vertex.frag - encrypted
data\shaders\novos\outfit_outlinegreen_fragment.frag - encrypted
data\shaders\novos\outfit_outlinegreen_vertex.frag - encrypted
data\shaders\novos\outfit_outlinegrey_fragment.frag - encrypted
data\shaders\novos\outfit_outlinegrey_vertex.frag - encrypted
data\shaders\novos\outfit_outlinered_fragment.frag - encrypted
data\shaders\novos\outfit_outlinered_vertex.frag - encrypted
data\shaders\novos\outfit_outlinewhite_fragment.frag - encrypted
data\shaders\novos\outfit_outlinewhite_vertex.frag - encrypted
data\shaders\novos\outfit_outlineyellow_fragment.frag - encrypted
data\shaders\novos\outfit_outlineyellow_vertex.frag - encrypted
data\shaders\novos\outfit_outline_fragment.frag - encrypted
data\shaders\novos\outfit_outline_vertex.frag - encrypted
data\shaders\novos\outfit_overtexture_shimmering_fragment.frag - encrypted
data\shaders\novos\outfit_overtexture_shimmering_vertex.frag - encrypted
data\shaders\novos\outfit_pantone_gradient_fragment.frag - encrypted
data\shaders\novos\outfit_pantone_gradient_vertex.frag - encrypted
data\shaders\novos\outfit_pantone_spectrum_fragment.frag - encrypted
data\shaders\novos\outfit_pantone_spectrum_vertex.frag - encrypted
data\shaders\novos\outfit_pixelated_fragment.frag - encrypted
data\shaders\novos\outfit_pixelated_vertex.frag - encrypted
data\shaders\novos\outfit_pixel_lava_fragment.frag - encrypted
data\shaders\novos\outfit_pixel_lava_vertex.frag - encrypted
data\shaders\novos\outfit_plasmic_fast_fragment.frag - encrypted
data\shaders\novos\outfit_plasmic_fast_vertex.frag - encrypted
data\shaders\novos\outfit_plasmic_fragment.frag - encrypted
data\shaders\novos\outfit_plasmic_ocean_fragment.frag - encrypted
data\shaders\novos\outfit_plasmic_ocean_vertex.frag - encrypted
data\shaders\novos\outfit_plasmic_purple_fragment.frag - encrypted
data\shaders\novos\outfit_plasmic_purple_vertex.frag - encrypted
data\shaders\novos\outfit_plasmic_toxic_fragment.frag - encrypted
data\shaders\novos\outfit_plasmic_toxic_vertex.frag - encrypted
data\shaders\novos\outfit_plasmic_vertex.frag - encrypted
data\shaders\novos\outfit_poisoned_fragment.frag - encrypted
data\shaders\novos\outfit_poisoned_vertex.frag - encrypted
data\shaders\novos\outfit_prismatic_downward_fragment.frag - encrypted
data\shaders\novos\outfit_prismatic_downward_vertex.frag - encrypted
data\shaders\novos\outfit_prismatic_fragment.frag - encrypted
data\shaders\novos\outfit_prismatic_vertex.frag - encrypted
data\shaders\novos\outfit_pulsing_rings_fragment.frag - encrypted
data\shaders\novos\outfit_pulsing_rings_vertex.frag - encrypted
data\shaders\novos\outfit_purpleneon_fragment.frag - encrypted
data\shaders\novos\outfit_purpleneon_vertex.frag - encrypted
data\shaders\novos\outfit_purplesky_fragment.frag - encrypted
data\shaders\novos\outfit_purplesky_vertex.frag - encrypted
data\shaders\novos\outfit_rainbowRGB_fragment.frag - encrypted
data\shaders\novos\outfit_rainbowRGB_vertex.frag - encrypted
data\shaders\novos\outfit_rainbowWave_fragment.frag - encrypted
data\shaders\novos\outfit_rainbowWave_vertex.frag - encrypted
data\shaders\novos\outfit_rainbow_basic_fragment.frag - encrypted
data\shaders\novos\outfit_rainbow_basic_vertex.frag - encrypted
data\shaders\novos\outfit_rainbow_cascade_fragment.frag - encrypted
data\shaders\novos\outfit_rainbow_cascade_vertex.frag - encrypted
data\shaders\novos\outfit_rainbow_epilepsy_fragment.frag - encrypted
data\shaders\novos\outfit_rainbow_epilepsy_vertex.frag - encrypted
data\shaders\novos\outfit_rainbow_fast_fragment.frag - encrypted
data\shaders\novos\outfit_rainbow_fast_vertex.frag - encrypted
data\shaders\novos\outfit_rainbow_fragment.frag - encrypted
data\shaders\novos\outfit_rainbow_mutation_fragment.frag - encrypted
data\shaders\novos\outfit_rainbow_mutation_vertex.frag - encrypted
data\shaders\novos\outfit_rainbow_ripple_fragment.frag - encrypted
data\shaders\novos\outfit_rainbow_ripple_vertex.frag - encrypted
data\shaders\novos\outfit_rainbow_turbo_fragment.frag - encrypted
data\shaders\novos\outfit_rainbow_turbo_vertex.frag - encrypted
data\shaders\novos\outfit_rainbow_vertex.frag - encrypted
data\shaders\novos\outfit_redGlow_fragment.frag - encrypted
data\shaders\novos\outfit_redGlow_vertex.frag - encrypted
data\shaders\novos\outfit_retro_pixelated_fragment.frag - encrypted
data\shaders\novos\outfit_retro_pixelated_vertex.frag - encrypted
data\shaders\novos\outfit_ruby_fragment.frag - encrypted
data\shaders\novos\outfit_ruby_vertex.frag - encrypted
data\shaders\novos\outfit_shadow_cloak_fragment.frag - encrypted
data\shaders\novos\outfit_shadow_cloak_vertex.frag - encrypted
data\shaders\novos\outfit_shimmering_fragment.frag - encrypted
data\shaders\novos\outfit_shimmering_vertex.frag - encrypted
data\shaders\novos\outfit_shine_fragment.frag - encrypted
data\shaders\novos\outfit_shine_vertex.frag - encrypted
data\shaders\novos\outfit_shockwave_fragment.frag - encrypted
data\shaders\novos\outfit_shockwave_vertex.frag - encrypted
data\shaders\novos\outfit_silly_googly_fragment.frag - encrypted
data\shaders\novos\outfit_silly_googly_vertex.frag - encrypted
data\shaders\novos\outfit_snow_fragment.frag - encrypted
data\shaders\novos\outfit_snow_vertex.frag - encrypted
data\shaders\novos\outfit_split_fragment.frag - encrypted
data\shaders\novos\outfit_split_vertex.frag - encrypted
data\shaders\novos\outfit_stargaze_fragment.frag - encrypted
data\shaders\novos\outfit_stargaze_vertex.frag - encrypted
data\shaders\novos\outfit_starsLinkDarken_fragment.frag - encrypted
data\shaders\novos\outfit_starsLinkDarken_vertex.frag - encrypted
data\shaders\novos\outfit_starsover2_fragment.frag - encrypted
data\shaders\novos\outfit_starsover3_fragment.frag - encrypted
data\shaders\novos\outfit_starsover4_fragment.frag - encrypted
data\shaders\novos\outfit_starsover_fragment.frag - encrypted
data\shaders\novos\outfit_starsover_improved_vertex.frag - encrypted
data\shaders\novos\outfit_starsover_vertex.frag - encrypted
data\shaders\novos\outfit_starsRainbowNebula_vertex.frag - encrypted
data\shaders\novos\outfit_static_noise_fragment.frag - encrypted
data\shaders\novos\outfit_static_noise_vertex.frag - encrypted
data\shaders\novos\outfit_swamp_bugs_fragment.frag - encrypted
data\shaders\novos\outfit_swamp_bugs_vertex.frag - encrypted
data\shaders\novos\outfit_swamp_fragment.frag - encrypted
data\shaders\novos\outfit_swamp_vertex.frag - encrypted
data\shaders\novos\outfit_tall_fragment.frag - encrypted
data\shaders\novos\outfit_tall_vertex.frag - encrypted
data\shaders\novos\outfit_testMovingImg_fragment.frag - encrypted
data\shaders\novos\outfit_testMovingImg_vertex.frag - encrypted
data\shaders\novos\outfit_textured_rings_fragment.frag - encrypted
data\shaders\novos\outfit_textured_rings_vertex.frag - encrypted
data\shaders\novos\outfit_toph_fragment.frag - encrypted
data\shaders\novos\outfit_toph_vertex.frag - encrypted
data\shaders\novos\outfit_trippy_fragment.frag - encrypted
data\shaders\novos\outfit_trippy_vertex.frag - encrypted
data\shaders\novos\outfit_tunnel_vortex_blue_fragment.frag - encrypted
data\shaders\novos\outfit_tunnel_vortex_blue_vertex.frag - encrypted
data\shaders\novos\outfit_tunnel_vortex_fragment.frag - encrypted
data\shaders\novos\outfit_tunnel_vortex_gold_fragment.frag - encrypted
data\shaders\novos\outfit_tunnel_vortex_gold_vertex.frag - encrypted
data\shaders\novos\outfit_tunnel_vortex_green_fragment.frag - encrypted
data\shaders\novos\outfit_tunnel_vortex_green_vertex.frag - encrypted
data\shaders\novos\outfit_tunnel_vortex_neon_fragment.frag - encrypted
data\shaders\novos\outfit_tunnel_vortex_neon_vertex.frag - encrypted
data\shaders\novos\outfit_tunnel_vortex_purple_fragment.frag - encrypted
data\shaders\novos\outfit_tunnel_vortex_purple_vertex.frag - encrypted
data\shaders\novos\outfit_tunnel_vortex_red_fragment.frag - encrypted
data\shaders\novos\outfit_tunnel_vortex_red_vertex.frag - encrypted
data\shaders\novos\outfit_tunnel_vortex_vertex.frag - encrypted
data\shaders\novos\outfit_velvet_fragment.frag - encrypted
data\shaders\novos\outfit_velvet_vertex.frag - encrypted
data\shaders\novos\outfit_vortex_fragment.frag - encrypted
data\shaders\novos\outfit_vortex_glitter_fragment.frag - encrypted
data\shaders\novos\outfit_vortex_glitter_vertex.frag - encrypted
data\shaders\novos\outfit_vortex_vertex.frag - encrypted
data\shaders\novos\outfit_wave_fragment.frag - encrypted
data\shaders\novos\outfit_wave_vertex.frag - encrypted
data\shaders\novos\outfit_whiplash_fragment.frag - encrypted
data\shaders\novos\outfit_whiplash_vertex.frag - encrypted
data\shaders\novos\outline\outfit_outlineblack_fragment.frag - encrypted
data\shaders\novos\outline\outfit_outlineblack_vertex.frag - encrypted
data\shaders\novos\outline\outfit_outlinegreen_fragment.frag - encrypted
data\shaders\novos\outline\outfit_outlinegreen_vertex.frag - encrypted
data\shaders\novos\outline\outfit_outlinegrey_fragment.frag - encrypted
data\shaders\novos\outline\outfit_outlinegrey_vertex.frag - encrypted
data\shaders\novos\outline\outfit_outlinered_fragment.frag - encrypted
data\shaders\novos\outline\outfit_outlinered_vertex.frag - encrypted
data\shaders\novos\outline\outline_rainbow_fragment.frag - encrypted
data\shaders\novos\outline\outline_red_fragment.frag - encrypted
data\shaders\novos\outlinered_fragment.frag - encrypted
data\shaders\novos\outlinered_vertex.frag - encrypted
data\shaders\novos\outline_rainbow_fragment.frag - encrypted
data\shaders\novos\outline_rainbow_vertex.frag - encrypted
data\shaders\novos\outline_red_fragment.frag - encrypted
data\shaders\novos\outline_red_vertex.frag - encrypted
data\shaders\novos\outline_testOutline_fragment.frag - encrypted
data\shaders\novos\outline_testOutline_vertex.frag - encrypted
data\shaders\novos\protanopia_fragment.frag - encrypted
data\shaders\novos\protanopia_vertex.frag - encrypted
data\shaders\novos\rainbow_fragment.frag - encrypted
data\shaders\novos\rainbow_vertex.frag - encrypted
data\shaders\novos\redwaves_fragment.frag - encrypted
data\shaders\novos\redwaves_vertex.frag - encrypted
data\shaders\novos\retro_fragment.frag - encrypted
data\shaders\novos\retro_vertex.frag - encrypted
data\shaders\novos\ruby.png - encrypted
data\shaders\novos\small_fragment.frag - encrypted
data\shaders\novos\small_vertex.frag - encrypted
data\shaders\novos\tritanopia_fragment.frag - encrypted
data\shaders\novos\tritanopia_vertex.frag - encrypted
data\shaders\novos\ui\tooltip_epic_fragment.frag - encrypted
data\shaders\novos\ui\tooltip_gradient_vertex.frag - encrypted
data\shaders\novos\ui\tooltip_legendary_fragment.frag - encrypted
data\shaders\novos\ui\tooltip_mythic_fragment.frag - encrypted
data\shaders\novos\ui\tooltip_rare_fragment.frag - encrypted
data\shaders\novos\ui\tooltip_strange_fragment.frag - encrypted
data\shaders\novos\ui\ui_chance_bar_fragment.frag - encrypted
data\shaders\novos\ui\ui_chance_bar_vertex.frag - encrypted
data\shaders\novos\ui\ui_corrupted_fragment.frag - encrypted
data\shaders\novos\ui\ui_corrupted_vertex.frag - encrypted
data\shaders\novos\ui\ui_epic_fragment.frag - encrypted
data\shaders\novos\ui\ui_epic_vertex.frag - encrypted
data\shaders\novos\ui\ui_goldglitter_fragment.frag - encrypted
data\shaders\novos\ui\ui_goldglitter_vertex.frag - encrypted
data\shaders\novos\ui\ui_grayscale_blur_fragment.frag - encrypted
data\shaders\novos\ui\ui_grayscale_fragment.frag - encrypted
data\shaders\novos\ui\ui_grayscale_vertex.frag - encrypted
data\shaders\novos\ui\ui_legendary_fragment.frag - encrypted
data\shaders\novos\ui\ui_legendary_vertex.frag - encrypted
data\shaders\novos\ui\ui_mythic_fragment.frag - encrypted
data\shaders\novos\ui\ui_mythic_vertex.frag - encrypted
data\shaders\novos\ui\ui_rainbow_fragment.frag - encrypted
data\shaders\novos\ui\ui_rainbow_vertex.frag - encrypted
data\shaders\novos\ui\ui_rare_fragment.frag - encrypted
data\shaders\novos\ui\ui_rare_vertex.frag - encrypted
data\shaders\novos\ui\ui_uncommon_fragment.frag - encrypted
data\shaders\novos\ui\ui_uncommon_vertex.frag - encrypted
data\shaders\novos\uniform mat4 u_Color;.txt - encrypted
data\shaders\novos\whitebalance_fragment.frag - encrypted
data\shaders\novos\widget_fragment.frag - encrypted
data\shaders\novos\widget_vertex.frag - encrypted
data\shaders\outfit_spiritual_fragment.frag - encrypted
data\shaders\outfit_spiritual_vertex.frag - encrypted
data\shaders\sky_clouds_fragment.frag - encrypted
data\shaders\sky_clouds_vertex.frag - encrypted
data\shaders\spellbar_bg.frag - encrypted
data\shaders\spellbar_bg_1.frag - encrypted
data\shaders\spellbar_bg_2.frag - encrypted
data\shaders\spellbar_bg_3.frag - encrypted
data\shaders\spellbar_bg_4.frag - encrypted
data\shaders\talent_border_glow.frag - encrypted
data\shaders\tooltip_tier_1.frag - encrypted
data\shaders\tooltip_tier_10.frag - encrypted
data\shaders\tooltip_tier_2.frag - encrypted
data\shaders\tooltip_tier_3.frag - encrypted
data\shaders\tooltip_tier_4.frag - encrypted
data\shaders\tooltip_tier_5.frag - encrypted
data\shaders\tooltip_tier_6.frag - encrypted
data\shaders\tooltip_tier_7.frag - encrypted
data\shaders\tooltip_tier_8.frag - encrypted
data\shaders\tooltip_tier_9.frag - encrypted
data\shaders\tooltip_tier_vertex.frag - encrypted
data\sounds\Agua\Water cannon.ogg - encrypted
data\sounds\Agua\Water explosion.ogg - encrypted
data\sounds\Agua\Water heal.ogg - encrypted
data\sounds\Agua\Water icespikes.ogg - encrypted
data\sounds\Agua\Water jump.ogg - encrypted
data\sounds\Agua\Water recover.ogg - encrypted
data\sounds\Agua\Water regen.ogg - encrypted
data\sounds\Agua\Water res.ogg - encrypted
data\sounds\Agua\Water shards.ogg - encrypted
data\sounds\Agua\Water whip.ogg - encrypted
data\sounds\Bombermanevent\theme.ogg - encrypted
data\sounds\README.txt - encrypted
data\sounds\Terra\Earth Collapse.ogg - encrypted
data\sounds\Terra\Earth crush.ogg - encrypted
data\sounds\Terra\Earth fury.ogg - encrypted
data\sounds\Terra\Earth Growth.ogg - encrypted
data\sounds\Terra\Earth jump.ogg - encrypted
data\sounds\Terra\Earth petrify.ogg - encrypted
data\sounds\Terra\Earth pull.ogg - encrypted
data\sounds\Terra\Earth punch.ogg - encrypted
data\sounds\Terra\Earth recover.ogg - encrypted
data\sounds\Terra\Earth rock.ogg - encrypted
data\sounds\Terra\Water explosion.ogg - encrypted
data\sounds\Terra\Water heal.ogg - encrypted
data\sounds\Terra\Water shards.ogg - encrypted
data\styles\10-buttons.otui - encrypted
data\styles\10-checkboxes - Copia.otui - encrypted
data\styles\10-checkboxes.otui - encrypted
data\styles\10-comboboxes.otui - encrypted
data\styles\10-creaturebuttons.otui - encrypted
data\styles\10-creatures.otui - encrypted
data\styles\10-items.otui - encrypted
data\styles\10-labels - Copia.otui - encrypted
data\styles\10-labels.otui - encrypted
data\styles\10-listboxes.otui - encrypted
data\styles\10-panels.otui - encrypted
data\styles\10-progressbars.otui - encrypted
data\styles\10-scrollbars.otui - encrypted
data\styles\10-separators.otui - encrypted
data\styles\10-splitters.otui - encrypted
data\styles\10-textedits.otui - encrypted
data\styles\10-windows.otui - encrypted
data\styles\20-imageview.otui - encrypted
data\styles\20-popupmenus.otui - encrypted
data\styles\20-spinboxes.otui - encrypted
data\styles\20-tabbars.otui - encrypted
data\styles\20-tables.otui - encrypted
data\styles\20-topmenu.otui - encrypted
data\styles\30-inputboxes.otui - encrypted
data\styles\30-messageboxes.otui - encrypted
data\styles\30-minimap.otui - encrypted
data\styles\30-miniwindow.otui - encrypted
data\styles\helper_picker.otui - encrypted
data\styles\stickers.otui - encrypted
data\things\860\Tibia.otfi - encrypted
data\things\860\Tibia.otml - encrypted
data\things\860\Tibia_backup.otml - encrypted
data\things\things.otml - encrypted
data\things\things.otml.bak_wands - encrypted
modules\bomberman_button\bomberman_button.lua - lua bytecode encrypted
modules\bomberman_button\bomberman_button.lua - encrypted
modules\bomberman_button\bomberman_button.otmod - encrypted
modules\bomberman_button\bomberman_button.otui - encrypted
modules\bomberman_music\bomberman_music.lua - lua bytecode encrypted
modules\bomberman_music\bomberman_music.lua - encrypted
modules\bomberman_music\bomberman_music.otmod - encrypted
modules\client\client.lua - lua bytecode encrypted
modules\client\client.lua - encrypted
modules\client\client.otmod - encrypted
modules\client_background\background.lua - lua bytecode encrypted
modules\client_background\background.lua - encrypted
modules\client_background\background.otmod - encrypted
modules\client_background\background.otui - encrypted
modules\client_entergame\characterlist.lua - lua bytecode encrypted
modules\client_entergame\characterlist.lua - encrypted
modules\client_entergame\characterlist.otui - encrypted
modules\client_entergame\config.lua - lua bytecode encrypted
modules\client_entergame\config.lua - encrypted
modules\client_entergame\createaccount.lua - lua bytecode encrypted
modules\client_entergame\createaccount.lua - encrypted
modules\client_entergame\createaccount.otui - encrypted
modules\client_entergame\entergame.lua - lua bytecode encrypted
modules\client_entergame\entergame.lua - encrypted
modules\client_entergame\entergame.otmod - encrypted
modules\client_entergame\entergame.otui - encrypted
modules\client_entergame\logo.pdn - encrypted
modules\client_entergame\logo.png - encrypted
modules\client_entergame\logo.rar - encrypted
modules\client_entergame\waitinglist.otui - encrypted
modules\client_loading\client_loading.otmod - encrypted
modules\client_loading\img\bar_fill.png - encrypted
modules\client_loading\img\bar_track.png - encrypted
modules\client_loading\img\vignette.png - encrypted
modules\client_loading\loading.lua - lua bytecode encrypted
modules\client_loading\loading.lua - encrypted
modules\client_loading\loading.otui - encrypted
modules\client_locales\locales.lua - lua bytecode encrypted
modules\client_locales\locales.lua - encrypted
modules\client_locales\locales.otmod - encrypted
modules\client_locales\locales.otui - encrypted
modules\client_locales\neededtranslations.lua - lua bytecode encrypted
modules\client_locales\neededtranslations.lua - encrypted
modules\client_modulemanager\modulemanager.lua - lua bytecode encrypted
modules\client_modulemanager\modulemanager.lua - encrypted
modules\client_modulemanager\modulemanager.otmod - encrypted
modules\client_modulemanager\modulemanager.otui - encrypted
modules\client_options\audio.otui - encrypted
modules\client_options\buttons\background.png - encrypted
modules\client_options\buttons\background_hover.png - encrypted
modules\client_options\buttons\background_normal.png - encrypted
modules\client_options\buttons\bgbtn.png - encrypted
modules\client_options\buttons\bgwhite.png - encrypted
modules\client_options\buttons\smallbutton.png - encrypted
modules\client_options\buttons\smallbutton_hovered.png - encrypted
modules\client_options\console.otui - encrypted
modules\client_options\corner_menu.otui - encrypted
modules\client_options\effects.otui - encrypted
modules\client_options\fun.otui - encrypted
modules\client_options\game.otui - encrypted
modules\client_options\graphics.otui - encrypted
modules\client_options\options.lua - lua bytecode encrypted
modules\client_options\options.lua - encrypted
modules\client_options\options.lua.bak_walkflow - encrypted
modules\client_options\options.otmod - encrypted
modules\client_options\options.otui - encrypted
modules\client_options\settings\attached_background.png - encrypted
modules\client_options\settings\background.png - encrypted
modules\client_options\settings\backgroundPanel.png - encrypted
modules\client_options\settings\bgitemselect.png - encrypted
modules\client_options\settings\bgitemselectactive.png - encrypted
modules\client_options\settings\bgslider.png - encrypted
modules\client_options\settings\bgslideractive.png - encrypted
modules\client_options\settings\Botao base.png - encrypted
modules\client_options\settings\channel_change_icon.png - encrypted
modules\client_options\settings\checkbox.png - encrypted
modules\client_options\settings\checkboxactive.png - encrypted
modules\client_options\settings\close_button.png - encrypted
modules\client_options\settings\close_button_active.png - encrypted
modules\client_options\settings\combobox.png - encrypted
modules\client_options\settings\comboboxactive.png - encrypted
modules\client_options\settings\corner_button_menu.png - encrypted
modules\client_options\settings\corner_button_options_right.png - encrypted
modules\client_options\settings\cursorslider.png - encrypted
modules\client_options\settings\daily_task_button.png - encrypted
modules\client_options\settings\edgevertical.png - encrypted
modules\client_options\settings\edge_bottom.png - encrypted
modules\client_options\settings\edge_top.png - encrypted
modules\client_options\settings\helper_button.png - encrypted
modules\client_options\settings\hotkeys\category_column_bg.png - encrypted
modules\client_options\settings\hotkeys\category_item_bg.png - encrypted
modules\client_options\settings\hotkeys\category_item_key_bg.png - encrypted
modules\client_options\settings\hotkeys\category_item_key_bg_error.png - encrypted
modules\client_options\settings\hotkeys\category_item_key_bg_hover.png - encrypted
modules\client_options\settings\hotkeys\category_item_key_bg_on.png - encrypted
modules\client_options\settings\hotkeys\expand_minus.png - encrypted
modules\client_options\settings\hotkeys\expand_plus.png - encrypted
modules\client_options\settings\hotkeys\info_bg.png - encrypted
modules\client_options\settings\hotkeys\info_icon.png - encrypted
modules\client_options\settings\iconpanel.png - encrypted
modules\client_options\settings\inventory_button.png - encrypted
modules\client_options\settings\minimap_button.png - encrypted
modules\client_options\settings\options.png - encrypted
modules\client_options\settings\top_button_shop.png - encrypted
modules\client_options\styles\controller\controller.otui - encrypted
modules\client_serverlist\addserver.lua - lua bytecode encrypted
modules\client_serverlist\addserver.lua - encrypted
modules\client_serverlist\addserver.otui - encrypted
modules\client_serverlist\serverlist.lua - lua bytecode encrypted
modules\client_serverlist\serverlist.lua - encrypted
modules\client_serverlist\serverlist.otmod - encrypted
modules\client_serverlist\serverlist.otui - encrypted
modules\client_stats\stats.lua - lua bytecode encrypted
modules\client_stats\stats.lua - encrypted
modules\client_stats\stats.otmod - encrypted
modules\client_styles\styles.lua - lua bytecode encrypted
modules\client_styles\styles.lua - encrypted
modules\client_styles\styles.otmod - encrypted
modules\client_terminal\commands.lua - lua bytecode encrypted
modules\client_terminal\commands.lua - encrypted
modules\client_terminal\terminal.lua - lua bytecode encrypted
modules\client_terminal\terminal.lua - encrypted
modules\client_terminal\terminal.otmod - encrypted
modules\client_terminal\terminal.otui - encrypted
modules\client_topmenu\game_menu.otui - encrypted
modules\client_topmenu\topmenu.lua - lua bytecode encrypted
modules\client_topmenu\topmenu.lua - encrypted
modules\client_topmenu\topmenu.otmod - encrypted
modules\client_topmenu\topmenu.otui - encrypted
modules\corelib\bitwise.lua - lua bytecode encrypted
modules\corelib\bitwise.lua - encrypted
modules\corelib\config.lua - lua bytecode encrypted
modules\corelib\config.lua - encrypted
modules\corelib\const.lua - lua bytecode encrypted
modules\corelib\const.lua - encrypted
modules\corelib\corelib.otmod - encrypted
modules\corelib\globals.lua - lua bytecode encrypted
modules\corelib\globals.lua - encrypted
modules\corelib\inputmessage.lua - lua bytecode encrypted
modules\corelib\inputmessage.lua - encrypted
modules\corelib\json.lua - lua bytecode encrypted
modules\corelib\json.lua - encrypted
modules\corelib\keyboard.lua - lua bytecode encrypted
modules\corelib\keyboard.lua - encrypted
modules\corelib\math.lua - lua bytecode encrypted
modules\corelib\math.lua - encrypted
modules\corelib\mouse.lua - lua bytecode encrypted
modules\corelib\mouse.lua - encrypted
modules\corelib\net.lua - lua bytecode encrypted
modules\corelib\net.lua - encrypted
modules\corelib\outputmessage.lua - lua bytecode encrypted
modules\corelib\outputmessage.lua - encrypted
modules\corelib\settings.lua - lua bytecode encrypted
modules\corelib\settings.lua - encrypted
modules\corelib\string.lua - lua bytecode encrypted
modules\corelib\string.lua - encrypted
modules\corelib\table.lua - lua bytecode encrypted
modules\corelib\table.lua - encrypted
modules\corelib\ui\effects.lua - lua bytecode encrypted
modules\corelib\ui\effects.lua - encrypted
modules\corelib\ui\tooltip.lua - lua bytecode encrypted
modules\corelib\ui\tooltip.lua - encrypted
modules\corelib\ui\ui.rar - encrypted
modules\corelib\ui\uibutton.lua - lua bytecode encrypted
modules\corelib\ui\uibutton.lua - encrypted
modules\corelib\ui\uicheckbox.lua - lua bytecode encrypted
modules\corelib\ui\uicheckbox.lua - encrypted
modules\corelib\ui\uicombobox.lua - lua bytecode encrypted
modules\corelib\ui\uicombobox.lua - encrypted
modules\corelib\ui\uiimageview.lua - lua bytecode encrypted
modules\corelib\ui\uiimageview.lua - encrypted
modules\corelib\ui\uiinputbox.lua - lua bytecode encrypted
modules\corelib\ui\uiinputbox.lua - encrypted
modules\corelib\ui\uilabel.lua - lua bytecode encrypted
modules\corelib\ui\uilabel.lua - encrypted
modules\corelib\ui\uimessagebox.lua - lua bytecode encrypted
modules\corelib\ui\uimessagebox.lua - encrypted
modules\corelib\ui\uiminiwindow.lua - lua bytecode encrypted
modules\corelib\ui\uiminiwindow.lua - encrypted
modules\corelib\ui\uiminiwindowcontainer.lua - lua bytecode encrypted
modules\corelib\ui\uiminiwindowcontainer.lua - encrypted
modules\corelib\ui\uimovabletabbar.lua - lua bytecode encrypted
modules\corelib\ui\uimovabletabbar.lua - encrypted
modules\corelib\ui\uipopupmenu.lua - lua bytecode encrypted
modules\corelib\ui\uipopupmenu.lua - encrypted
modules\corelib\ui\uipopupscrollmenu.lua - lua bytecode encrypted
modules\corelib\ui\uipopupscrollmenu.lua - encrypted
modules\corelib\ui\uiprogressbar.lua - lua bytecode encrypted
modules\corelib\ui\uiprogressbar.lua - encrypted
modules\corelib\ui\uiradiogroup.lua - lua bytecode encrypted
modules\corelib\ui\uiradiogroup.lua - encrypted
modules\corelib\ui\uiresizeborder.lua - lua bytecode encrypted
modules\corelib\ui\uiresizeborder.lua - encrypted
modules\corelib\ui\uiscrollarea.lua - lua bytecode encrypted
modules\corelib\ui\uiscrollarea.lua - encrypted
modules\corelib\ui\uiscrollbar.lua - lua bytecode encrypted
modules\corelib\ui\uiscrollbar.lua - encrypted
modules\corelib\ui\uispinbox.lua - lua bytecode encrypted
modules\corelib\ui\uispinbox.lua - encrypted
modules\corelib\ui\uisplitter.lua - lua bytecode encrypted
modules\corelib\ui\uisplitter.lua - encrypted
modules\corelib\ui\uitabbar.lua - lua bytecode encrypted
modules\corelib\ui\uitabbar.lua - encrypted
modules\corelib\ui\uitable.lua - lua bytecode encrypted
modules\corelib\ui\uitable.lua - encrypted
modules\corelib\ui\uitextedit.lua - lua bytecode encrypted
modules\corelib\ui\uitextedit.lua - encrypted
modules\corelib\ui\uiwidget.lua - lua bytecode encrypted
modules\corelib\ui\uiwidget.lua - encrypted
modules\corelib\ui\uiwindow.lua - lua bytecode encrypted
modules\corelib\ui\uiwindow.lua - encrypted
modules\corelib\ui\zUniD.dat - encrypted
modules\corelib\ui\zUniD.dat.bak_efc183 - encrypted
modules\corelib\ui\zUniD.otfi - encrypted
modules\corelib\ui\zUniD.spr - encrypted
modules\corelib\ui\zUniD.spr.original_backup - encrypted
modules\corelib\util.lua - lua bytecode encrypted
modules\corelib\util.lua - encrypted
modules\gamelib\const.lua - lua bytecode encrypted
modules\gamelib\const.lua - encrypted
modules\gamelib\creature.lua - lua bytecode encrypted
modules\gamelib\creature.lua - encrypted
modules\gamelib\game.lua - lua bytecode encrypted
modules\gamelib\game.lua - encrypted
modules\gamelib\gamelib.otmod - encrypted
modules\gamelib\market.lua - lua bytecode encrypted
modules\gamelib\market.lua - encrypted
modules\gamelib\opcodes.lua - lua bytecode encrypted
modules\gamelib\opcodes.lua - encrypted
modules\gamelib\player.lua - lua bytecode encrypted
modules\gamelib\player.lua - encrypted
modules\gamelib\position.lua - lua bytecode encrypted
modules\gamelib\position.lua - encrypted
modules\gamelib\protocol.lua - lua bytecode encrypted
modules\gamelib\protocol.lua - encrypted
modules\gamelib\protocolgame.lua - lua bytecode encrypted
modules\gamelib\protocolgame.lua - encrypted
modules\gamelib\protocollogin.lua - lua bytecode encrypted
modules\gamelib\protocollogin.lua - encrypted
modules\gamelib\spells.lua - lua bytecode encrypted
modules\gamelib\spells.lua - encrypted
modules\gamelib\thing.lua - lua bytecode encrypted
modules\gamelib\thing.lua - encrypted
modules\gamelib\ui\uicreaturebutton.lua - lua bytecode encrypted
modules\gamelib\ui\uicreaturebutton.lua - encrypted
modules\gamelib\ui\uiminimap.lua - lua bytecode encrypted
modules\gamelib\ui\uiminimap.lua - encrypted
modules\gamelib\util.lua - lua bytecode encrypted
modules\gamelib\util.lua - encrypted
modules\game_achievements\achievements.lua - lua bytecode encrypted
modules\game_achievements\achievements.lua - encrypted
modules\game_achievements\achievements.otmod - encrypted
modules\game_achievements\achievements.otui - encrypted
modules\game_battle\battle.lua - lua bytecode encrypted
modules\game_battle\battle.lua - encrypted
modules\game_battle\battle.otmod - encrypted
modules\game_battle\battle.otui - encrypted
modules\game_battle\battlebutton.otui - encrypted
modules\game_cast\cast.lua - lua bytecode encrypted
modules\game_cast\cast.lua - encrypted
modules\game_cast\cast.otmod - encrypted
modules\game_cast\castBan.otui - encrypted
modules\game_cast\castKick.otui - encrypted
modules\game_cast\castMute.otui - encrypted
modules\game_cast\castSenha.otui - encrypted
modules\game_cast\castUnban.otui - encrypted
modules\game_cast\castUnmute.otui - encrypted
modules\game_code\code.lua - lua bytecode encrypted
modules\game_code\code.lua - encrypted
modules\game_code\code.otmod - encrypted
modules\game_code\code.otui - encrypted
modules\game_code\images\bg.png - encrypted
modules\game_code\images\bgout.png - encrypted
modules\game_code\images\close.png - encrypted
modules\game_code\images\confirm.png - encrypted
modules\game_code\images\itembg.png - encrypted
modules\game_code\images\resgateb.png - encrypted
modules\game_code\images\resgateb_big.png - encrypted
modules\game_code\images\rewardbg.png - encrypted
modules\game_code\images\subbg.png - encrypted
modules\game_code\images\textcode.png - encrypted
modules\game_combatcontrols\combatcontrols.lua - lua bytecode encrypted
modules\game_combatcontrols\combatcontrols.lua - encrypted
modules\game_combatcontrols\combatcontrols.otmod - encrypted
modules\game_combatcontrols\combatcontrols.otui - encrypted
modules\game_console\base.png - encrypted
modules\game_console\base2.png - encrypted
modules\game_console\button.png - encrypted
modules\game_console\button_active.png - encrypted
modules\game_console\button_clean.png - encrypted
modules\game_console\button_close.png - encrypted
modules\game_console\button_left.png - encrypted
modules\game_console\button_open.png - encrypted
modules\game_console\button_right.png - encrypted
modules\game_console\button_small.png - encrypted
modules\game_console\channelswindow.otui - encrypted
modules\game_console\communicationwindow.otui - encrypted
modules\game_console\console.lua - lua bytecode encrypted
modules\game_console\console.lua - encrypted
modules\game_console\console.otmod - encrypted
modules\game_console\console.otui - encrypted
modules\game_console\cooldown_panel.png - encrypted
modules\game_console\cooldown_progressbar.png - encrypted
modules\game_console\customchatbox.png - encrypted
modules\game_console\emoji_window.png - encrypted
modules\game_console\expBackground.png - encrypted
modules\game_console\flash_step.png - encrypted
modules\game_console\images\arrow.png - encrypted
modules\game_console\images\bar.png - encrypted
modules\game_console\images\bin.png - encrypted
modules\game_console\images\blank.png - encrypted
modules\game_console\images\endline.png - encrypted
modules\game_console\images\endline_rotated.png - encrypted
modules\game_console\images\folder.png - encrypted
modules\game_console\images\lock_icon.png - encrypted
modules\game_console\images\maincontentbox.png - encrypted
modules\game_console\images\maincontentboxshadow.png - encrypted
modules\game_console\images\move_bottom_top_icon.png - encrypted
modules\game_console\images\move_to_top_icon.png - encrypted
modules\game_console\images\panelarrow.png - encrypted
modules\game_console\images\panelbox.png - encrypted
modules\game_console\images\pressed.png - encrypted
modules\game_console\images\scrollempty.png - encrypted
modules\game_console\images\scrollhandler.png - encrypted
modules\game_console\images\seperators.png - encrypted
modules\game_console\images\settings_icon.png - encrypted
modules\game_console\images\typetextbox.png - encrypted
modules\game_console\indicator.png - encrypted
modules\game_console\levelBackground.png - encrypted
modules\game_console\scrollbar.png - encrypted
modules\game_console\stickers.lua - lua bytecode encrypted
modules\game_console\stickers.lua - encrypted
modules\game_console\textEdit.png - encrypted
modules\game_console\textEditBackground.png - encrypted
modules\game_console\violationwindow.otui - encrypted
modules\game_containers\container.otui - encrypted
modules\game_containers\containers.lua - lua bytecode encrypted
modules\game_containers\containers.lua - encrypted
modules\game_containers\containers.otmod - encrypted
modules\game_containers\depotsearch.otui - encrypted
modules\game_controller\controller.lua - lua bytecode encrypted
modules\game_controller\controller.lua - encrypted
modules\game_controller\controller.otmod - encrypted
modules\game_controller\controller_config.otui - encrypted
modules\game_cooking\cooking.lua - lua bytecode encrypted
modules\game_cooking\cooking.lua - encrypted
modules\game_cooking\cooking.otmod - encrypted
modules\game_cooking\cooking.otui - encrypted
modules\game_cooking\imagens\hud.png - encrypted
modules\game_cooldown\cooldown.lua - lua bytecode encrypted
modules\game_cooldown\cooldown.lua - encrypted
modules\game_cooldown\cooldown.otmod - encrypted
modules\game_cooldown\cooldown.otui - encrypted
modules\game_crafting\crafting.lua - lua bytecode encrypted
modules\game_crafting\crafting.lua - encrypted
modules\game_crafting\crafting.otmod - encrypted
modules\game_crafting\crafting.otui - encrypted
modules\game_creaturemanager\creaturemanager.lua - lua bytecode encrypted
modules\game_creaturemanager\creaturemanager.lua - encrypted
modules\game_creaturemanager\creaturemanager.otui - encrypted
modules\game_creaturemanager\creaturestore.otui - encrypted
modules\game_creaturemanager\game_creaturemanager.otmod - encrypted
modules\game_dailyhunt\dailyhunt.lua - lua bytecode encrypted
modules\game_dailyhunt\dailyhunt.lua - encrypted
modules\game_dailyhunt\dailyhunt.otmod - encrypted
modules\game_dailyhunt\dailyhunt.otui - encrypted
modules\game_dailyhunt\dailyhunt_button.otui - encrypted
modules\game_dailyreward\game_dailyreward.lua - lua bytecode encrypted
modules\game_dailyreward\game_dailyreward.lua - encrypted
modules\game_dailyreward\game_dailyreward.otmod - encrypted
modules\game_dailyreward\game_dailyreward.otui - encrypted
modules\game_dailyreward\mockup.html - encrypted
modules\game_exph\exph.lua - lua bytecode encrypted
modules\game_exph\exph.lua - encrypted
modules\game_exph\exph.lua.bak - encrypted
modules\game_exph\exph.otmod - encrypted
modules\game_exph\exph.otui - encrypted
modules\Game_firstlogin\game_firstlogin.lua - lua bytecode encrypted
modules\Game_firstlogin\game_firstlogin.lua - encrypted
modules\Game_firstlogin\game_firstlogin.otmod - encrypted
modules\Game_firstlogin\game_firstlogin.otui - encrypted
modules\Game_firstlogin\img\arrow.png - encrypted
modules\Game_firstlogin\img\IMG1.png - encrypted
modules\Game_firstlogin\img\IMG2.png - encrypted
modules\Game_firstlogin\img\IMG3.png - encrypted
modules\Game_firstlogin\img\IMG4.png - encrypted
modules\Game_firstlogin\img\IMG5.png - encrypted
modules\game_fishing\fishing.lua - lua bytecode encrypted
modules\game_fishing\fishing.lua - encrypted
modules\game_fishing\fishing.otmod - encrypted
modules\game_fishing\imagens\hud.png - encrypted
modules\game_folds\bg.pdn - encrypted
modules\game_folds\bg.png - encrypted
modules\game_folds\configs.lua - lua bytecode encrypted
modules\game_folds\configs.lua - encrypted
modules\game_folds\folds.lua - lua bytecode encrypted
modules\game_folds\folds.lua - encrypted
modules\game_folds\folds.otmod - encrypted
modules\game_folds\folds.otui - encrypted
modules\game_healcut\game_healcut.lua - lua bytecode encrypted
modules\game_healcut\game_healcut.lua - encrypted
modules\game_healcut\game_healcut.lua.bak - encrypted
modules\game_healcut\game_healcut.otmod - encrypted
modules\game_healcut\INSTALLATION.txt - encrypted
modules\game_healthinfo\background2.pdn - encrypted
modules\game_healthinfo\background2.png - encrypted
modules\game_healthinfo\healthinfo.lua - lua bytecode encrypted
modules\game_healthinfo\healthinfo.lua - encrypted
modules\game_healthinfo\healthinfo.otmod - encrypted
modules\game_healthinfo\healthinfo.otui - encrypted
modules\game_healthinfo\img\Air.png - encrypted
modules\game_healthinfo\img\earth.png - encrypted
modules\game_healthinfo\img\Fire.png - encrypted
modules\game_healthinfo\img\Water.png - encrypted
modules\game_hotkeys\hotkeys_manager.lua - lua bytecode encrypted
modules\game_hotkeys\hotkeys_manager.lua - encrypted
modules\game_hotkeys\hotkeys_manager.otmod - encrypted
modules\game_hotkeys\hotkeys_manager.otui - encrypted
modules\game_huntwaypoint\huntwaypoint.lua - lua bytecode encrypted
modules\game_huntwaypoint\huntwaypoint.lua - encrypted
modules\game_huntwaypoint\huntwaypoint.otmod - encrypted
modules\game_huntwaypoint\huntwaypoint.otui - encrypted
modules\game_iguild\guild.lua - lua bytecode encrypted
modules\game_iguild\guild.lua - encrypted
modules\game_iguild\guild.otmod - encrypted
modules\game_iguild\guildcreate.otui - encrypted
modules\game_iguild\guilddemote.otui - encrypted
modules\game_iguild\guilddisband.otui - encrypted
modules\game_iguild\guildinvite.otui - encrypted
modules\game_iguild\guildjoin.otui - encrypted
modules\game_iguild\guildkick.otui - encrypted
modules\game_iguild\guildleave.otui - encrypted
modules\game_iguild\guildnick.otui - encrypted
modules\game_iguild\guildpassleader.otui - encrypted
modules\game_iguild\guildpromote.otui - encrypted
modules\game_iguild\guildrankname.otui - encrypted
modules\game_iguild\guildrevoke.otui - encrypted
modules\game_iguild\guildwaraccept.otui - encrypted
modules\game_iguild\guildwarcancel.otui - encrypted
modules\game_iguild\guildwardeposit.otui - encrypted
modules\game_iguild\guildwarinvite.otui - encrypted
modules\game_iguild\guildwarpick.otui - encrypted
modules\game_iguild\guildwarreject.otui - encrypted
modules\game_iguild\guildwarsurrender.otui - encrypted
modules\game_iguild\img\guild.png - encrypted
modules\game_inspectcreature\inspectcreature.lua - lua bytecode encrypted
modules\game_inspectcreature\inspectcreature.lua - encrypted
modules\game_inspectcreature\inspectcreature.otmod - encrypted
modules\game_inspectcreature\inspectcreature.otui - encrypted
modules\game_interface\chat.png - encrypted
modules\game_interface\gameinterface.lua - lua bytecode encrypted
modules\game_interface\gameinterface.lua - encrypted
modules\game_interface\gameinterface.lua.bak_ue - encrypted
modules\game_interface\gameinterface.lua.bak_walkflow - encrypted
modules\game_interface\gameinterface.otui - encrypted
modules\game_interface\iconchat.png - encrypted
modules\game_interface\interface.otmod - encrypted
modules\game_interface\styles\countwindow.otui - encrypted
modules\game_interface\widgets\uigamemap.lua - lua bytecode encrypted
modules\game_interface\widgets\uigamemap.lua - encrypted
modules\game_interface\widgets\uiitem.lua - lua bytecode encrypted
modules\game_interface\widgets\uiitem.lua - encrypted
modules\game_inventory\inventory.lua - lua bytecode encrypted
modules\game_inventory\inventory.lua - encrypted
modules\game_inventory\inventory.otmod - encrypted
modules\game_inventory\inventory.otui - encrypted
modules\game_inventory\inventory_button.otui - encrypted
modules\game_itemfly\itemfly.lua - lua bytecode encrypted
modules\game_itemfly\itemfly.lua - encrypted
modules\game_itemfly\itemfly.otmod - encrypted
modules\game_loot\loot.lua - lua bytecode encrypted
modules\game_loot\loot.lua - encrypted
modules\game_loot\loot.otmod - encrypted
modules\game_magicmeter\game_magicmeter.otmod - encrypted
modules\game_magicmeter\magicmeter.lua - lua bytecode encrypted
modules\game_magicmeter\magicmeter.lua - encrypted
modules\game_magicmeter\magicmeter.otui - encrypted
modules\game_map_overlay\map_button.otui - encrypted
modules\game_map_overlay\map_overlay.lua - lua bytecode encrypted
modules\game_map_overlay\map_overlay.lua - encrypted
modules\game_map_overlay\map_overlay.otmod - encrypted
modules\game_map_overlay\map_overlay.otui - encrypted
modules\game_market\market.lua - lua bytecode encrypted
modules\game_market\market.lua - encrypted
modules\game_market\market.otmod - encrypted
modules\game_market\market.otui - encrypted
modules\game_market\marketadd.otui - encrypted
modules\game_market\ui\background.png - encrypted
modules\game_market\ui\button.png - encrypted
modules\game_market\ui\crosshair.png - encrypted
modules\game_market\ui\refresh.png - encrypted
modules\game_market\ui\shop.png - encrypted
modules\game_minimap\flagwindow.otui - encrypted
modules\game_minimap\minimap.lua - lua bytecode encrypted
modules\game_minimap\minimap.lua - encrypted
modules\game_minimap\minimap.otmod - encrypted
modules\game_minimap\minimap.otui - encrypted
modules\game_modaldialog\modaldialog.lua - lua bytecode encrypted
modules\game_modaldialog\modaldialog.lua - encrypted
modules\game_modaldialog\modaldialog.otmod - encrypted
modules\game_modaldialog\modaldialog.otui - encrypted
modules\game_momo\json.lua - lua bytecode encrypted
modules\game_momo\json.lua - encrypted
modules\game_momo\momo.lua - lua bytecode encrypted
modules\game_momo\momo.lua - encrypted
modules\game_momo\momo.otmod - encrypted
modules\game_momo\momo.otui - encrypted
modules\game_monsterloot\monsterloot.lua - lua bytecode encrypted
modules\game_monsterloot\monsterloot.lua - encrypted
modules\game_monsterloot\monsterloot.otmod - encrypted
modules\game_monsterloot\monsterloot.otui - encrypted
modules\game_monsterloot\Thumbs.db - encrypted
modules\game_mountsAvatar\configs.lua - lua bytecode encrypted
modules\game_mountsAvatar\configs.lua - encrypted
modules\game_mountsAvatar\game_mountsAvatar.lua - lua bytecode encrypted
modules\game_mountsAvatar\game_mountsAvatar.lua - encrypted
modules\game_mountsAvatar\game_mountsAvatar.otmod - encrypted
modules\game_mountsAvatar\game_mountsAvatar.otui - encrypted
modules\game_mountsAvatar\icones\air\1.png - encrypted
modules\game_mountsAvatar\icones\air\2.png - encrypted
modules\game_mountsAvatar\icones\air\3.png - encrypted
modules\game_mountsAvatar\icones\earth\1.png - encrypted
modules\game_mountsAvatar\icones\earth\2.png - encrypted
modules\game_mountsAvatar\icones\earth\3.png - encrypted
modules\game_mountsAvatar\icones\fire\1.png - encrypted
modules\game_mountsAvatar\icones\fire\2.png - encrypted
modules\game_mountsAvatar\icones\fire\3.png - encrypted
modules\game_mountsAvatar\icones\moldura.png - encrypted
modules\game_mountsAvatar\icones\water\1.png - encrypted
modules\game_mountsAvatar\icones\water\2.png - encrypted
modules\game_mountsAvatar\icones\water\3.png - encrypted
modules\game_mountsBuy\configs.lua - lua bytecode encrypted
modules\game_mountsBuy\configs.lua - encrypted
modules\game_mountsBuy\game_mountsBuy.lua - lua bytecode encrypted
modules\game_mountsBuy\game_mountsBuy.lua - encrypted
modules\game_mountsBuy\game_mountsBuy.otmod - encrypted
modules\game_mountsBuy\game_mountsBuy.otui - encrypted
modules\game_mountsBuy\icones\air\1 - Copia.png - encrypted
modules\game_mountsBuy\icones\air\1.png - encrypted
modules\game_mountsBuy\icones\air\10.png - encrypted
modules\game_mountsBuy\icones\air\11.png - encrypted
modules\game_mountsBuy\icones\air\12.png - encrypted
modules\game_mountsBuy\icones\air\13.png - encrypted
modules\game_mountsBuy\icones\air\2 - Copia.png - encrypted
modules\game_mountsBuy\icones\air\2.png - encrypted
modules\game_mountsBuy\icones\air\3 - Copia.png - encrypted
modules\game_mountsBuy\icones\air\3.png - encrypted
modules\game_mountsBuy\icones\air\4 - Copia.png - encrypted
modules\game_mountsBuy\icones\air\4.png - encrypted
modules\game_mountsBuy\icones\air\5.png - encrypted
modules\game_mountsBuy\icones\air\6.png - encrypted
modules\game_mountsBuy\icones\air\7.png - encrypted
modules\game_mountsBuy\icones\air\8.png - encrypted
modules\game_mountsBuy\icones\air\9.png - encrypted
modules\game_mountsBuy\icones\earth\1.png - encrypted
modules\game_mountsBuy\icones\earth\10.png - encrypted
modules\game_mountsBuy\icones\earth\11.png - encrypted
modules\game_mountsBuy\icones\earth\12.png - encrypted
modules\game_mountsBuy\icones\earth\13.png - encrypted
modules\game_mountsBuy\icones\earth\2.png - encrypted
modules\game_mountsBuy\icones\earth\3.png - encrypted
modules\game_mountsBuy\icones\earth\4.png - encrypted
modules\game_mountsBuy\icones\earth\5.png - encrypted
modules\game_mountsBuy\icones\earth\6.png - encrypted
modules\game_mountsBuy\icones\earth\7.png - encrypted
modules\game_mountsBuy\icones\earth\8.png - encrypted
modules\game_mountsBuy\icones\earth\9.png - encrypted
modules\game_mountsBuy\icones\fire\1.png - encrypted
modules\game_mountsBuy\icones\fire\10.png - encrypted
modules\game_mountsBuy\icones\fire\11.png - encrypted
modules\game_mountsBuy\icones\fire\12.png - encrypted
modules\game_mountsBuy\icones\fire\13.png - encrypted
modules\game_mountsBuy\icones\fire\2.png - encrypted
modules\game_mountsBuy\icones\fire\3.png - encrypted
modules\game_mountsBuy\icones\fire\4.png - encrypted
modules\game_mountsBuy\icones\fire\5.png - encrypted
modules\game_mountsBuy\icones\fire\6.png - encrypted
modules\game_mountsBuy\icones\fire\7.png - encrypted
modules\game_mountsBuy\icones\fire\8.png - encrypted
modules\game_mountsBuy\icones\fire\9.png - encrypted
modules\game_mountsBuy\icones\moldura.png - encrypted
modules\game_mountsBuy\icones\water\1.png - encrypted
modules\game_mountsBuy\icones\water\10.png - encrypted
modules\game_mountsBuy\icones\water\11.png - encrypted
modules\game_mountsBuy\icones\water\12.png - encrypted
modules\game_mountsBuy\icones\water\13.png - encrypted
modules\game_mountsBuy\icones\water\2.png - encrypted
modules\game_mountsBuy\icones\water\3.png - encrypted
modules\game_mountsBuy\icones\water\4.png - encrypted
modules\game_mountsBuy\icones\water\5.png - encrypted
modules\game_mountsBuy\icones\water\6.png - encrypted
modules\game_mountsBuy\icones\water\7.png - encrypted
modules\game_mountsBuy\icones\water\8.png - encrypted
modules\game_mountsBuy\icones\water\9.png - encrypted
modules\game_mountsChange\configs.lua - lua bytecode encrypted
modules\game_mountsChange\configs.lua - encrypted
modules\game_mountsChange\game_mountsChange.lua - lua bytecode encrypted
modules\game_mountsChange\game_mountsChange.lua - encrypted
modules\game_mountsChange\game_mountsChange.otmod - encrypted
modules\game_mountsChange\game_mountsChange.otui - encrypted
modules\game_mountsChange\icones\air\1 - Copia.png - encrypted
modules\game_mountsChange\icones\air\1.png - encrypted
modules\game_mountsChange\icones\air\10.png - encrypted
modules\game_mountsChange\icones\air\11.png - encrypted
modules\game_mountsChange\icones\air\12.png - encrypted
modules\game_mountsChange\icones\air\13.png - encrypted
modules\game_mountsChange\icones\air\2 - Copia.png - encrypted
modules\game_mountsChange\icones\air\2.png - encrypted
modules\game_mountsChange\icones\air\3 - Copia.png - encrypted
modules\game_mountsChange\icones\air\3.png - encrypted
modules\game_mountsChange\icones\air\4 - Copia.png - encrypted
modules\game_mountsChange\icones\air\4.png - encrypted
modules\game_mountsChange\icones\air\5.png - encrypted
modules\game_mountsChange\icones\air\6.png - encrypted
modules\game_mountsChange\icones\air\7.png - encrypted
modules\game_mountsChange\icones\air\8.png - encrypted
modules\game_mountsChange\icones\air\9.png - encrypted
modules\game_mountsChange\icones\earth\1.png - encrypted
modules\game_mountsChange\icones\earth\10.png - encrypted
modules\game_mountsChange\icones\earth\11.png - encrypted
modules\game_mountsChange\icones\earth\12.png - encrypted
modules\game_mountsChange\icones\earth\13.png - encrypted
modules\game_mountsChange\icones\earth\2.png - encrypted
modules\game_mountsChange\icones\earth\3.png - encrypted
modules\game_mountsChange\icones\earth\4.png - encrypted
modules\game_mountsChange\icones\earth\5.png - encrypted
modules\game_mountsChange\icones\earth\6.png - encrypted
modules\game_mountsChange\icones\earth\7.png - encrypted
modules\game_mountsChange\icones\earth\8.png - encrypted
modules\game_mountsChange\icones\earth\9.png - encrypted
modules\game_mountsChange\icones\fire\1.png - encrypted
modules\game_mountsChange\icones\fire\10.png - encrypted
modules\game_mountsChange\icones\fire\11.png - encrypted
modules\game_mountsChange\icones\fire\12.png - encrypted
modules\game_mountsChange\icones\fire\13.png - encrypted
modules\game_mountsChange\icones\fire\2.png - encrypted
modules\game_mountsChange\icones\fire\3.png - encrypted
modules\game_mountsChange\icones\fire\4.png - encrypted
modules\game_mountsChange\icones\fire\5.png - encrypted
modules\game_mountsChange\icones\fire\6.png - encrypted
modules\game_mountsChange\icones\fire\7.png - encrypted
modules\game_mountsChange\icones\fire\8.png - encrypted
modules\game_mountsChange\icones\fire\9.png - encrypted
modules\game_mountsChange\icones\moldura.png - encrypted
modules\game_mountsChange\icones\water\1.png - encrypted
modules\game_mountsChange\icones\water\10.png - encrypted
modules\game_mountsChange\icones\water\11.png - encrypted
modules\game_mountsChange\icones\water\12.png - encrypted
modules\game_mountsChange\icones\water\13.png - encrypted
modules\game_mountsChange\icones\water\2.png - encrypted
modules\game_mountsChange\icones\water\3.png - encrypted
modules\game_mountsChange\icones\water\4.png - encrypted
modules\game_mountsChange\icones\water\5.png - encrypted
modules\game_mountsChange\icones\water\6.png - encrypted
modules\game_mountsChange\icones\water\7.png - encrypted
modules\game_mountsChange\icones\water\8.png - encrypted
modules\game_mountsChange\icones\water\9.png - encrypted
modules\game_myhelper\helper.lua - lua bytecode encrypted
modules\game_myhelper\helper.lua - encrypted
modules\game_myhelper\helper.otmod - encrypted
modules\game_myhelper\helper.otui - encrypted
modules\game_myhelper\helperpotionlist.otui - encrypted
modules\game_myhelper\helper_button.otui - encrypted
modules\game_myhelper\potions.lua - lua bytecode encrypted
modules\game_myhelper\potions.lua - encrypted
modules\game_notification\notification.lua - lua bytecode encrypted
modules\game_notification\notification.lua - encrypted
modules\game_notification\notification.otmod - encrypted
modules\game_notification\notification.otui - encrypted
modules\game_npcmap\gen_npcmap.py - encrypted
modules\game_npcmap\img\npc_background_icon.png - encrypted
modules\game_npcmap\npcmap.lua - lua bytecode encrypted
modules\game_npcmap\npcmap.lua - encrypted
modules\game_npcmap\npcmap.otmod - encrypted
modules\game_npcmap\npcmap.otui - encrypted
modules\game_npcmap\npcs.lua - lua bytecode encrypted
modules\game_npcmap\npcs.lua - encrypted
modules\game_npctrade\npctrade.lua - lua bytecode encrypted
modules\game_npctrade\npctrade.lua - encrypted
modules\game_npctrade\npctrade.otmod - encrypted
modules\game_npctrade\npctrade.otui - encrypted
modules\game_offset\images\baixo.png - encrypted
modules\game_offset\images\cima.png - encrypted
modules\game_offset\images\direita.png - encrypted
modules\game_offset\images\esquerda.png - encrypted
modules\game_offset\offset.lua - lua bytecode encrypted
modules\game_offset\offset.lua - encrypted
modules\game_offset\offset.otmod - encrypted
modules\game_offset\offset.otui - encrypted
modules\game_outfit\outfit.lua - lua bytecode encrypted
modules\game_outfit\outfit.lua - encrypted
modules\game_outfit\outfit.otmod - encrypted
modules\game_outfit\outfitwindow.otui - encrypted
modules\game_outfit_scales\scales.lua - lua bytecode encrypted
modules\game_outfit_scales\scales.lua - encrypted
modules\game_outfit_scales\scales.otmod - encrypted
modules\game_partydamage\game_partydamage.otmod - encrypted
modules\game_partydamage\partydamage.lua - lua bytecode encrypted
modules\game_partydamage\partydamage.lua - encrypted
modules\game_partydamage\partydamage.otui - encrypted
modules\game_pet\pet.lua - lua bytecode encrypted
modules\game_pet\pet.lua - encrypted
modules\game_pet\pet.otmod - encrypted
modules\game_pet\petwindow.otui - encrypted
modules\game_ping\ping.lua - lua bytecode encrypted
modules\game_ping\ping.lua - encrypted
modules\game_ping\ping.otmod - encrypted
modules\game_playerdeath\deathwindow.otui - encrypted
modules\game_playerdeath\playerdeath.lua - lua bytecode encrypted
modules\game_playerdeath\playerdeath.lua - encrypted
modules\game_playerdeath\playerdeath.otmod - encrypted
modules\game_playerinfo\img\1.png - encrypted
modules\game_playerinfo\img\2.png - encrypted
modules\game_playerinfo\img\3.png - encrypted
modules\game_playerinfo\img\4.png - encrypted
modules\game_playerinfo\playerinfo.lua - lua bytecode encrypted
modules\game_playerinfo\playerinfo.lua - encrypted
modules\game_playerinfo\playerinfo.otmod - encrypted
modules\game_playerinfo\playerinfo.otui - encrypted
modules\game_playerinfo\Thumbs.db - encrypted
modules\game_playermount\playermount.lua - lua bytecode encrypted
modules\game_playermount\playermount.lua - encrypted
modules\game_playermount\playermount.otmod - encrypted
modules\game_playertrade\playertrade.lua - lua bytecode encrypted
modules\game_playertrade\playertrade.lua - encrypted
modules\game_playertrade\playertrade.otmod - encrypted
modules\game_playertrade\tradewindow.otui - encrypted
modules\game_potioncraft\game_potioncraft.lua - lua bytecode encrypted
modules\game_potioncraft\game_potioncraft.lua - encrypted
modules\game_potioncraft\game_potioncraft.otmod - encrypted
modules\game_potioncraft\game_potioncraft.otui - encrypted
modules\game_proficiency\const.lua - lua bytecode encrypted
modules\game_proficiency\const.lua - encrypted
modules\game_proficiency\images\augment-icons.png - encrypted
modules\game_proficiency\images\backdrop_weaponmastery_highlight.png - encrypted
modules\game_proficiency\images\big-icon-lock-grey.png - encrypted
modules\game_proficiency\images\bonus-select-bg-progress.png - encrypted
modules\game_proficiency\images\bonus-select-bg.png - encrypted
modules\game_proficiency\images\border-weaponmasterytreeicons-active.png - encrypted
modules\game_proficiency\images\border-weaponmasterytreeicons-inactive.png - encrypted
modules\game_proficiency\images\full-bonus-select-bg.png - encrypted
modules\game_proficiency\images\icon-lock-grey.png - encrypted
modules\game_proficiency\images\icon-masterylevel-0.png - encrypted
modules\game_proficiency\images\icon-masterylevel-1-gold.png - encrypted
modules\game_proficiency\images\icon-masterylevel-1-silver.png - encrypted
modules\game_proficiency\images\icon-masterylevel-1.png - encrypted
modules\game_proficiency\images\icon-masterylevel-2-gold.png - encrypted
modules\game_proficiency\images\icon-masterylevel-2-silver.png - encrypted
modules\game_proficiency\images\icon-masterylevel-2.png - encrypted
modules\game_proficiency\images\icon-masterylevel-3-gold.png - encrypted
modules\game_proficiency\images\icon-masterylevel-3-silver.png - encrypted
modules\game_proficiency\images\icon-masterylevel-3.png - encrypted
modules\game_proficiency\images\icon-masterylevel-4-gold.png - encrypted
modules\game_proficiency\images\icon-masterylevel-4-silver.png - encrypted
modules\game_proficiency\images\icon-masterylevel-4.png - encrypted
modules\game_proficiency\images\icon-masterylevel-5-gold.png - encrypted
modules\game_proficiency\images\icon-masterylevel-5-silver.png - encrypted
modules\game_proficiency\images\icon-masterylevel-5.png - encrypted
modules\game_proficiency\images\icon-masterylevel-6-gold.png - encrypted
modules\game_proficiency\images\icon-masterylevel-6-silver.png - encrypted
modules\game_proficiency\images\icon-masterylevel-6.png - encrypted
modules\game_proficiency\images\icon-masterylevel-7-gold.png - encrypted
modules\game_proficiency\images\icon-masterylevel-7-silver.png - encrypted
modules\game_proficiency\images\icon-masterylevel-7.png - encrypted
modules\game_proficiency\images\icon-star-dark.png - encrypted
modules\game_proficiency\images\icon-star-tiny-gold.png - encrypted
modules\game_proficiency\images\icon-star-tiny-silver.png - encrypted
modules\game_proficiency\images\icons-0.png - encrypted
modules\game_proficiency\images\icons-1.png - encrypted
modules\game_proficiency\images\icons-2.png - encrypted
modules\game_proficiency\images\icons-3.png - encrypted
modules\game_proficiency\images\icons-4.png - encrypted
modules\game_proficiency\images\icons-5.png - encrypted
modules\game_proficiency\images\icons-6.png - encrypted
modules\game_proficiency\images\icons-7.png - encrypted
modules\game_proficiency\images\icons-8.png - encrypted
modules\game_proficiency\images\icons-9-off.png - encrypted
modules\game_proficiency\images\icons-9.png - encrypted
modules\game_proficiency\images\topbar_icon.png - encrypted
modules\game_proficiency\proficiency.lua - lua bytecode encrypted
modules\game_proficiency\proficiency.lua - encrypted
modules\game_proficiency\proficiency.otmod - encrypted
modules\game_proficiency\proficiency.otui - encrypted
modules\game_proficiency\proficiency_data.lua - lua bytecode encrypted
modules\game_proficiency\proficiency_data.lua - encrypted
modules\game_quests\questlist.otui - encrypted
modules\game_quests\quests.lua - lua bytecode encrypted
modules\game_quests\quests.lua - encrypted
modules\game_quests\quests.otmod - encrypted
modules\game_ruleviolation\ruleviolation.lua - lua bytecode encrypted
modules\game_ruleviolation\ruleviolation.lua - encrypted
modules\game_ruleviolation\ruleviolation.otmod - encrypted
modules\game_ruleviolation\ruleviolation.otui - encrypted
modules\game_shaders\outfit_shaders.lua - lua bytecode encrypted
modules\game_shaders\outfit_shaders.lua - encrypted
modules\game_shaders\shaders.lua - lua bytecode encrypted
modules\game_shaders\shaders.lua - encrypted
modules\game_shaders\shaders.otmod - encrypted
modules\game_skills\skills.lua - lua bytecode encrypted
modules\game_skills\skills.lua - encrypted
modules\game_skills\skills.otmod - encrypted
modules\game_skills\skills.otui - encrypted
modules\game_skyclouds\skyclouds.lua - lua bytecode encrypted
modules\game_skyclouds\skyclouds.lua - encrypted
modules\game_skyclouds\skyclouds.otmod - encrypted
modules\game_slotmachine\slotmachine.lua - lua bytecode encrypted
modules\game_slotmachine\slotmachine.lua - encrypted
modules\game_slotmachine\slotmachine.otmod - encrypted
modules\game_slotmachine\slotmachine.otui - encrypted
modules\game_slotmachine\ui\air.png - encrypted
modules\game_slotmachine\ui\background1.png - encrypted
modules\game_slotmachine\ui\background2.png - encrypted
modules\game_slotmachine\ui\earth.png - encrypted
modules\game_slotmachine\ui\fire.png - encrypted
modules\game_slotmachine\ui\Thumbs.db - encrypted
modules\game_slotmachine\ui\water.png - encrypted
modules\game_slotmachineVermelho\slotmachinevermelho.lua - lua bytecode encrypted
modules\game_slotmachineVermelho\slotmachinevermelho.lua - encrypted
modules\game_slotmachineVermelho\slotmachinevermelho.otmod - encrypted
modules\game_slotmachineVermelho\slotmachinevermelho.otui - encrypted
modules\game_slotmachineVermelho\ui\air.png - encrypted
modules\game_slotmachineVermelho\ui\background1.png - encrypted
modules\game_slotmachineVermelho\ui\background2.png - encrypted
modules\game_slotmachineVermelho\ui\earth.png - encrypted
modules\game_slotmachineVermelho\ui\fire.png - encrypted
modules\game_slotmachineVermelho\ui\Thumbs.db - encrypted
modules\game_slotmachineVermelho\ui\water.png - encrypted
modules\game_specialfx\game_specialfx.otmod - encrypted
modules\game_specialfx\specialfx.lua - lua bytecode encrypted
modules\game_specialfx\specialfx.lua - encrypted
modules\game_spelllist\spelllist.lua - lua bytecode encrypted
modules\game_spelllist\spelllist.lua - encrypted
modules\game_spelllist\spelllist.otmod - encrypted
modules\game_spelllist\spelllist.otui - encrypted
modules\game_spellsound\game_spellsound.lua - lua bytecode encrypted
modules\game_spellsound\game_spellsound.lua - encrypted
modules\game_spellsound\game_spellsound.otmod - encrypted
modules\game_spellsound\spellsound.otui - encrypted
modules\game_talenttree\images\topbar_icon.png - encrypted
modules\game_talenttree\styles\styles.otui - encrypted
modules\game_talenttree\talenttree.lua - lua bytecode encrypted
modules\game_talenttree\talenttree.lua - encrypted
modules\game_talenttree\talenttree.otmod - encrypted
modules\game_talenttree\talenttree.otui - encrypted
modules\game_textmessage\textmessage.lua - lua bytecode encrypted
modules\game_textmessage\textmessage.lua - encrypted
modules\game_textmessage\textmessage.otmod - encrypted
modules\game_textmessage\textmessage.otui - encrypted
modules\game_textwindow\task.png - encrypted
modules\game_textwindow\textwindow.lua - lua bytecode encrypted
modules\game_textwindow\textwindow.lua - encrypted
modules\game_textwindow\textwindow.otmod - encrypted
modules\game_textwindow\textwindow.otui - encrypted
ERROR: Error while compressing
modules\game_things\.gitignore - already encrypted
modules\game_things\things.lua - lua bytecode encrypted
modules\game_things\things.lua - encrypted
modules\game_things\things.otmod - encrypted
modules\game_tooltips\item_tooltip.lua - lua bytecode encrypted
modules\game_tooltips\item_tooltip.lua - encrypted
modules\game_tooltips\item_tooltip.otmod - encrypted
modules\game_tooltips\item_tooltip.otui - encrypted
modules\game_tophmode\tophmode.lua - lua bytecode encrypted
modules\game_tophmode\tophmode.lua - encrypted
modules\game_tophmode\tophmode.otmod - encrypted
modules\game_trade\img\market.png - encrypted
modules\game_trade\market.lua - lua bytecode encrypted
modules\game_trade\market.lua - encrypted
modules\game_trade\market.otmod - encrypted
modules\game_trade\marketadd.otui - encrypted
modules\game_trade\marketbuy.otui - encrypted
modules\game_trade\marketremove.otui - encrypted
modules\game_trainwands\game_trainwands.lua - lua bytecode encrypted
modules\game_trainwands\game_trainwands.lua - encrypted
modules\game_trainwands\game_trainwands.otmod - encrypted
modules\game_viplist\addvip.otui - encrypted
modules\game_viplist\editvip.otui - encrypted
modules\game_viplist\viplist.lua - lua bytecode encrypted
modules\game_viplist\viplist.lua - encrypted
modules\game_viplist\viplist.otmod - encrypted
modules\game_viplist\viplist.otui - encrypted
modules\game_webview\init.lua - encrypted
modules\game_webview\overlay.html - encrypted
modules\game_webview\overlay.lua - lua bytecode encrypted
modules\game_webview\overlay.lua - encrypted
modules\game_webview\README.md - encrypted
modules\game_webview\sample.html - encrypted
modules\game_webview\test_blackbox.lua - lua bytecode encrypted
modules\game_webview\test_blackbox.lua - encrypted
modules\game_webview\webview.otml - encrypted
modules\game_webview\webview.otmod - encrypted
modules\game_webview\webview_demo.lua - lua bytecode encrypted
modules\game_webview\webview_demo.lua - encrypted
modules\locales\de.lua - lua bytecode encrypted
modules\locales\de.lua - encrypted
modules\locales\en.lua - lua bytecode encrypted
modules\locales\en.lua - encrypted
modules\locales\es.lua - lua bytecode encrypted
modules\locales\es.lua - encrypted
modules\locales\pl.lua - lua bytecode encrypted
modules\locales\pl.lua - encrypted
modules\locales\pt.lua - lua bytecode encrypted
modules\locales\pt.lua - encrypted
modules\locales\sv.lua - lua bytecode encrypted
modules\locales\sv.lua - encrypted
mods\.gitignore - encrypted
mods\ava_protocol\ava_configs.lua - lua bytecode encrypted
mods\ava_protocol\ava_configs.lua - encrypted
mods\ava_protocol\ava_protocol.lua - lua bytecode encrypted
mods\ava_protocol\ava_protocol.lua - encrypted
mods\ava_protocol\ava_protocol.otmod - encrypted
mods\ava_protocol\ava_protocol.otui - encrypted
mods\game_antibot\antibot.lua - lua bytecode encrypted
mods\game_antibot\antibot.lua - encrypted
mods\game_antibot\antibot.otmod - encrypted
mods\game_antibot\antibot.otui - encrypted
mods\game_antibot\atributos.png - encrypted
mods\game_antibot\icons\scrollbar.png - encrypted
mods\game_antibot\icons\time_icon.png - encrypted
mods\game_atributos\atributos.png - encrypted
mods\game_atributos\attrs.lua - lua bytecode encrypted
mods\game_atributos\attrs.lua - encrypted
mods\game_atributos\attrs.otmod - encrypted
mods\game_atributos\attrs.otui - encrypted
mods\game_atributos\icons\bend.png - encrypted
mods\game_atributos\icons\dodge.png - encrypted
mods\game_atributos\icons\health.png - encrypted
mods\game_atributos\icons\mana.png - encrypted
mods\game_atributos\icons\red bottom.png - encrypted
mods\game_atributos\icons\scrollbar - Copia.png - encrypted
mods\game_atributos\icons\scrollbar.png - encrypted
mods\game_atributos\icons\scrollbar2.png - encrypted
mods\game_buffs\buffs.lua - lua bytecode encrypted
mods\game_buffs\buffs.lua - encrypted
mods\game_buffs\buffs.otmod - encrypted
mods\game_buffs\buffs.otui - encrypted
mods\game_healthbars\healthbars.lua - lua bytecode encrypted
mods\game_healthbars\healthbars.lua - encrypted
mods\game_healthbars\healthbars.otmod - encrypted
mods\game_partyIcons\icons\Avatar.png - encrypted
mods\game_partyIcons\icons\Druid.png - encrypted
mods\game_partyIcons\icons\Knight.png - encrypted
mods\game_partyIcons\icons\None.png - encrypted
mods\game_partyIcons\icons\Paladin.png - encrypted
mods\game_partyIcons\icons\Sorcerer.png - encrypted
mods\game_partyIcons\icons.lua - lua bytecode encrypted
mods\game_partyIcons\icons.lua - encrypted
mods\game_partyIcons\Icons.otmod - encrypted
mods\game_partyIcons\icons.otui - encrypted
mods\game_shop\img\gold_coin.png - encrypted
mods\game_shop\img\tibia_coin.png - encrypted
mods\game_shop\json.lua - lua bytecode encrypted
mods\game_shop\json.lua - encrypted
mods\game_shop\shop.lua - lua bytecode encrypted
mods\game_shop\shop.lua - encrypted
mods\game_shop\shop.otmod - encrypted
mods\game_shop\shop.otui - encrypted
mods\game_tooltips\item_tooltip.lua - lua bytecode encrypted
mods\game_tooltips\item_tooltip.lua - encrypted
mods\game_tooltips\item_tooltip.otmod - encrypted
mods\game_tooltips\item_tooltip.otui - encrypted
mods\game_vocation_name\game_vocation_name.otmod - encrypted
mods\game_vocation_name\vocation_name.lua - lua bytecode encrypted
mods\game_vocation_name\vocation_name.lua - encrypted
mods\LICENSE.txt - encrypted
mods\README.txt - encrypted
