ProtocolGame parse message exception (24 bytes, 0 unread, last opcode is 0x00 (0), prev opcode is 0x96 (150), proto: 860): InputMessage eof reached
1c 00 d9 0c aa aa 10 00 
96 01 00 00 00 26 36 00 00 00 00 00 00 00 00 
00 

ProtocolGame parse message exception (184 bytes, 156 unread, last opcode is 0x96 (150), prev opcode is 0xb4 (180), proto: 860): InputMessage eof reached
bc 00 05 5f a5 c5 b0 00 
b4 13 05 00 2f 74 6f 77 6e 
96 01 00 00 00 1b 0b 00 97 00 97 00 42 61 20 53 69 6e 67 20 53 65 0a 47 6d 0a 53 6f 75 74 68 20 41 69 72 20 54 65 6d 70 6c 65 0a 4e 6f 72 74 68 20 57 61 74 65 72 20 54 72 69 62 65 0a 46 69 72 65 20 4e 61 74 69 6f 6e 20 43 61 70 69 74 61 6c 0a 53 6f 75 74 68 20 57 61 74 65 72 20 54 72 69 62 65 0a 46 69 72 65 20 49 73 6c 61 6e 64 0a 57 61 74 65 72 20 49 73 6c 61 6e 64 0a 41 69 72 20 49 73 6c 61 6e 64 0a 45 61 72 74 68 20 49 73 6c 61 6e 64 0a 73 65 69 6c 61 0a 41 67 6e 69 20 6b 61 69 0a 00 00 00 00 

ProtocolGame parse message exception (55 bytes, 20 unread, last opcode is 0x8e (142), prev opcode is 0xb4 (180), proto: 860): InputMessage eof reached
3c 00 6d 1c e6 55 2f 00 
b4 13 06 00 2f 67 68 6f 73 74 
8e e9 0f 00 10 00 00 00 00 00 00 b4 19 16 00 59 6f 75 20 61 72 65 20 6e 6f 77 20 69 6e 76 69 73 69 62 6c 65 2e 

ProtocolGame parse message exception (182 bytes, 42 unread, last opcode is 0x8e (142), prev opcode is 0x66 (102), proto: 860): InputMessage eof reached
b4 00 43 53 70 a0 ae 00 6d 7c 03 9f 00 07 01 7d 03 9f 00 07 
66 c9 12 00 00 ff cb 12 00 00 ff c9 12 00 00 ff ce 12 00 00 ff cd 12 00 00 ff cc 12 00 00 ff cc 12 00 00 ff ff 44 00 1d 12 00 00 ff ff 44 00 21 12 00 00 ff ff 44 00 00 ff 95 47 00 06 45 00 00 ff 95 47 00 0b 45 00 00 ff 95 47 00 00 ff 95 47 00 00 ff 95 47 00 00 ff 95 47 00 00 ff 95 47 00 00 ff 95 47 00 7e ff 
8e e9 0f 00 10 00 00 00 00 00 00 a2 c0 00 8f e9 0f 00 10 dc 05 a2 80 00 8e e9 0f 00 10 00 00 00 00 00 00 a2 80 00 8f e9 0f 00 10 dc 05 a2 c0 00 8e e9 0f 00 10 00 00 00 00 00 00 

ProtocolGame parse message exception (450 bytes, 42 unread, last opcode is 0x8e (142), prev opcode is 0x66 (102), proto: 860): InputMessage eof reached
c4 01 19 ed 07 87 ba 01 6d 7d 03 9f 00 07 01 7e 03 a0 00 07 67 ff 44 00 af 06 00 00 ff ff 44 00 a8 06 00 00 ff ff 44 00 ac 06 00 00 ff ff 44 00 00 ff ff 44 00 00 ff ff 44 00 00 ff ff 44 00 4a 18 00 00 ff ff 44 00 00 ff ff 44 00 00 ff ff 44 00 49 18 00 00 ff ff 44 00 00 ff ff 44 00 3d 0e 00 00 ff ff 44 00 00 ff ff 44 00 00 ff ff 44 00 00 ff ff 44 00 83 47 00 00 ff 8c 47 00 00 ff 8c 47 00 00 ff 8c 47 00 00 ff 8c 47 00 00 ff 8c 47 00 00 ff 8c 47 00 00 ff 8c 47 00 00 ff 8c 47 00 00 ff 8c 47 00 00 ff 8c 47 00 00 ff 8c 47 00 03 45 00 00 ff 95 47 00 82 47 00 84 47 00 00 ff 95 47 00 5e 11 00 02 45 00 8a 47 00 00 ff ff 44 00 00 ff 95 47 00 05 45 00 00 ff 95 47 00 09 45 00 11 ff 85 47 00 00 ff 81 47 00 00 ff 81 47 00 83 47 00 00 ff 8c 47 00 00 ff 8c 47 00 00 ff 82 47 00 84 47 00 00 ff 8b 47 00 8a 47 00 00 ff 84 47 00 00 ff 84 47 00 00 ff 8a 47 00 c5 ff 
66 cb 12 00 00 ff cc 12 00 00 ff c9 12 00 00 ff c9 12 00 00 ff ce 12 00 00 ff ff 44 00 1d 12 00 00 ff ff 44 00 21 12 00 00 ff ff 44 00 00 ff ff 44 00 00 ff 95 47 00 07 45 00 00 ff 95 47 00 0a 45 00 00 ff 95 47 00 00 ff 95 47 00 00 ff 95 47 00 00 ff 95 47 00 00 ff 95 47 00 00 ff 95 47 00 00 ff 95 47 00 08 45 00 7e ff 
8e e9 0f 00 10 00 00 00 00 00 00 a2 c0 00 8f e9 0f 00 10 dc 05 a2 80 00 8e e9 0f 00 10 00 00 00 00 00 00 a2 80 00 8f e9 0f 00 10 dc 05 a2 c0 00 8e e9 0f 00 10 00 00 00 00 00 00 

ProtocolGame parse message exception (371 bytes, 42 unread, last opcode is 0x8e (142), prev opcode is 0x67 (103), proto: 860): InputMessage eof reached
74 01 a8 b7 15 6e 6b 01 6d 7e 03 a0 00 07 01 7e 03 a1 00 07 
67 ff 44 00 a7 06 00 41 07 00 00 ff ff 44 00 b1 06 00 00 ff ff 44 00 ac 06 00 00 ff ff 44 00 00 ff ff 44 00 49 18 00 00 ff ff 44 00 38 0e 00 00 ff ff 44 00 00 ff ff 44 00 49 18 00 00 ff ff 44 00 00 ff ff 44 00 00 ff ff 44 00 4a 18 00 00 ff ff 44 00 4a 18 00 00 ff ff 44 00 00 ff ff 44 00 00 ff ff 44 00 83 47 00 00 ff 8c 47 00 00 ff 8c 47 00 00 ff 8c 47 00 00 ff 8c 47 00 00 ff 8c 47 00 00 ff 8c 47 00 00 ff 8c 47 00 00 ff 8c 47 00 06 45 00 00 ff 8c 47 00 00 45 00 00 ff 8c 47 00 00 45 00 00 ff 8c 47 00 0b 45 00 00 ff 8c 47 00 08 45 00 00 ff d6 03 00 5e 11 00 04 45 00 82 47 00 84 47 00 00 ff ff 44 00 84 47 00 00 ff ff 44 00 8a 47 00 00 ff 95 47 00 05 45 00 00 ff 95 47 00 04 45 00 12 ff 85 47 00 00 ff 81 47 00 83 47 00 00 ff 8c 47 00 00 ff 8c 47 00 00 ff 82 47 00 83 47 00 84 47 00 00 ff 8c 47 00 00 ff 8c 47 00 00 ff 82 47 00 84 47 00 00 ff 84 47 00 00 ff 8a 47 00 c4 ff 
8e e9 0f 00 10 00 00 00 00 00 00 a2 c0 00 8f e9 0f 00 10 dc 05 a2 80 00 8e e9 0f 00 10 00 00 00 00 00 00 a2 80 00 8f e9 0f 00 10 dc 05 a2 c0 00 8e e9 0f 00 10 00 00 00 00 00 00 

ProtocolGame parse message exception (384 bytes, 42 unread, last opcode is 0x8e (142), prev opcode is 0x67 (103), proto: 860): InputMessage eof reached
84 01 ea b9 fb 51 78 01 6a 8e 03 9f 00 07 01 62 00 45 10 00 40 64 03 50 05 00 00 00 00 00 00 00 00 00 00 00 00 00 00 00 40 01 00 00 00 00 01 6d 7e 03 a1 00 07 01 7e 03 a2 00 07 
67 ff 44 00 b3 06 00 00 ff ff 44 00 b2 06 00 00 ff ff 44 00 ad 06 00 00 ff ff 44 00 00 ff ff 44 00 4a 18 00 00 ff ff 44 00 48 18 00 00 ff ff 44 00 4a 18 00 00 ff ff 44 00 00 ff ff 44 00 00 ff ff 44 00 00 ff ff 44 00 00 ff ff 44 00 00 ff ff 44 00 4a 18 00 00 ff ff 44 00 00 ff ff 44 00 85 47 00 00 ff ff 44 00 81 47 00 83 47 00 00 ff 8c 47 00 00 ff 8c 47 00 00 ff 8c 47 00 00 ff 8c 47 00 00 ff 8c 47 00 00 ff 8c 47 00 00 ff 8c 47 00 05 45 00 00 ff 8c 47 00 09 45 00 00 ff 8c 47 00 00 ff 8c 47 00 00 ff 8c 47 00 02 45 00 af 06 00 00 ff 8c 47 00 ac 06 00 00 ff 8c 47 00 00 ff ff 44 00 82 47 00 84 47 00 00 ff ff 44 00 84 47 00 00 ff ff 44 00 8a 47 00 13 ff 85 47 00 00 ff 81 47 00 83 47 00 00 ff 8c 47 00 00 ff 8c 47 00 00 ff 8c 47 00 00 ff 8c 47 00 00 ff 8c 47 00 00 ff 8c 47 00 00 ff 82 47 00 c4 ff 
8e e9 0f 00 10 00 00 00 00 00 00 a2 c0 00 8f e9 0f 00 10 dc 05 a2 80 00 8e e9 0f 00 10 00 00 00 00 00 00 a2 80 00 8f e9 0f 00 10 dc 05 a2 c0 00 8e e9 0f 00 10 00 00 00 00 00 00 

ProtocolGame parse message exception (191 bytes, 42 unread, last opcode is 0x8e (142), prev opcode is 0x66 (102), proto: 860): InputMessage eof reached
c4 00 95 5e 58 6e b7 00 6d 7e 03 a2 00 07 01 7f 03 a2 00 07 
66 cb 12 00 00 ff c9 12 00 00 ff c9 12 00 00 ff ff 44 00 19 12 00 00 ff ff 44 00 00 ff ff 44 00 00 ff ff 44 00 00 ff ff 44 00 00 ff 95 47 00 07 45 00 00 ff 95 47 00 02 45 00 00 ff 95 47 00 02 45 00 00 ff 95 47 00 0a 45 00 00 ff 95 47 00 00 ff 95 47 00 00 ff 95 47 00 08 45 00 00 ff 95 47 00 04 45 00 00 ff ff 44 00 00 ff ff 44 00 7e ff 
8e e9 0f 00 10 00 00 00 00 00 00 a2 c0 00 8f e9 0f 00 10 dc 05 a2 80 00 8e e9 0f 00 10 00 00 00 00 00 00 a2 80 00 8f e9 0f 00 10 dc 05 a2 c0 00 8e e9 0f 00 10 00 00 00 00 00 00 

ProtocolGame parse message exception (264 bytes, 118 unread, last opcode is 0x8e (142), prev opcode is 0x66 (102), proto: 860): InputMessage eof reached
0c 01 1a 85 af 2f 00 01 6d 7f 03 a2 00 07 01 80 03 a2 00 07 
66 ca 12 00 00 ff cd 12 00 00 ff ff 44 00 1d 12 00 00 ff ff 44 00 21 12 00 00 ff ff 44 00 00 ff ff 44 00 00 ff ff 44 00 00 ff ff 44 00 00 ff ff 44 00 00 ff ff 44 00 00 ff ff 44 00 00 ff 95 47 00 07 45 00 00 ff 95 47 00 0a 45 00 00 ff 95 47 00 08 45 00 00 ff 95 47 00 04 45 00 00 ff ff 44 00 00 ff ff 44 00 00 ff ff 44 00 7e ff 
8e e9 0f 00 10 00 00 00 00 00 00 a2 c0 00 8f e9 0f 00 10 dc 05 a2 80 00 8e e9 0f 00 10 00 00 00 00 00 00 a2 80 00 8f e9 0f 00 10 dc 05 a2 c0 00 8e e9 0f 00 10 00 00 00 00 00 00 a0 92 40 92 40 40 42 0f 00 7a 74 82 6a dd 01 06 b0 09 d0 11 19 00 64 d8 09 a0 92 40 92 40 40 42 0f 00 7a 74 82 6a dd 01 06 b0 09 d0 11 19 00 64 d8 09 a0 92 40 92 40 40 42 0f 00 7a 74 82 6a dd 01 06 b0 09 d0 11 19 00 64 d8 09 1e 

ProtocolGame parse message exception (182 bytes, 42 unread, last opcode is 0x8e (142), prev opcode is 0x66 (102), proto: 860): InputMessage eof reached
b4 00 fe 58 1d 27 ae 00 6d 80 03 a2 00 07 01 81 03 a2 00 07 
66 cc 12 00 00 ff ce 12 00 00 ff ff 44 00 19 12 00 00 ff ff 44 00 00 ff ff 44 00 00 ff ff 44 00 00 ff ff 44 00 00 ff ff 44 00 3b 0e 00 00 ff ff 44 00 00 ff ff 44 00 00 ff ff 44 00 00 ff ff 44 00 00 ff 95 47 00 07 45 00 00 ff 95 47 00 04 45 00 00 ff ff 44 00 00 ff ff 44 00 00 ff ff 44 00 00 ff ff 44 00 7e ff 
8e e9 0f 00 10 00 00 00 00 00 00 a2 c0 00 8f e9 0f 00 10 dc 05 a2 80 00 8e e9 0f 00 10 00 00 00 00 00 00 a2 80 00 8f e9 0f 00 10 dc 05 a2 c0 00 8e e9 0f 00 10 00 00 00 00 00 00 

ProtocolGame parse message exception (200 bytes, 7 unread, last opcode is 0x8e (142), prev opcode is 0x66 (102), proto: 860): InputMessage eof reached
cc 00 1c 64 21 66 c0 00 6d 81 03 a2 00 07 01 82 03 a2 00 07 
66 ce 12 00 00 ff c9 12 00 61 00 00 00 00 00 e7 0f 00 10 08 00 54 65 72 72 69 6e 68 61 64 02 42 05 00 00 00 00 00 00 00 00 00 00 00 00 00 00 00 7a 02 00 00 04 00 00 00 00 ff ff 44 00 19 12 00 00 ff ff 44 00 00 ff ff 44 00 00 ff ff 44 00 00 ff ff 44 00 00 ff ff 44 00 00 ff ff 44 00 af 06 00 00 ff ff 44 00 ab 06 00 00 ff ff 44 00 ae 06 00 38 0e 00 00 ff ff 44 00 00 ff ff 44 00 00 ff ff 44 00 00 ff ff 44 00 00 ff ff 44 00 00 ff ff 44 00 00 ff 95 47 00 06 45 00 7e ff 
8e e9 0f 00 10 00 00 00 00 00 00 a2 c0 00 8f e9 0f 00 10 dc 05 a2 80 00 

ProtocolGame parse message exception (337 bytes, 18 unread, last opcode is 0x8e (142), prev opcode is 0x68 (104), proto: 860): InputMessage eof reached
54 01 de a9 32 21 49 01 6d 7f 03 a3 00 07 02 7e 03 a2 00 07 65 c9 12 00 00 ff c9 12 00 00 ff c9 12 00 00 ff c9 12 00 00 ff ca 12 00 00 ff c9 12 00 00 ff c9 12 00 00 ff cc 12 00 00 ff cc 12 00 00 ff c9 12 00 00 ff c9 12 00 00 ff c9 12 00 00 ff cb 12 00 00 ff cd 12 00 00 ff c9 12 00 00 ff ca 12 00 00 ff c9 12 00 00 ff c9 12 00 00 ff cd 12 00 00 ff ce 12 00 00 ff cd 12 00 00 ff c9 12 00 00 ff ca 12 00 00 ff cd 12 00 00 ff c9 12 00 00 ff cd 12 00 00 ff cc 12 00 00 ff cb 12 00 00 ff c9 12 00 00 ff ce 12 00 00 ff c9 12 00 00 ff cb 12 00 e0 ff 
68 c9 12 00 00 ff c9 12 00 00 ff c9 12 00 00 ff cb 12 00 00 ff c9 12 00 00 ff c9 12 00 00 ff cb 12 00 00 ff c9 12 00 00 ff ca 12 00 00 ff ff 44 00 1e 12 00 00 ff ff 44 00 22 12 00 af 06 00 00 ff ff 44 00 b0 06 00 00 ff ff 44 00 aa 06 00 41 07 00 00 ff ff 44 00 00 ff ff 44 00 00 ff ff 44 00 a8 06 00 00 ff ff 44 00 a7 06 00 41 07 00 00 ff ff 44 00 b3 06 00 7e ff 
8e e9 0f 00 10 00 00 00 00 00 00 a2 80 00 8f e9 0f 00 10 dc 05 a2 c0 00 8e e9 0f 00 10 00 00 00 00 00 00 

ProtocolGame parse message exception (240 bytes, 42 unread, last opcode is 0x8e (142), prev opcode is 0x65 (101), proto: 860): InputMessage eof reached
f4 00 56 7b 19 d3 e8 00 6d 7e 03 a2 00 07 01 7e 03 a1 00 07 
65 cc 12 00 00 ff cc 12 00 00 ff cd 12 00 00 ff cb 12 00 00 ff cb 12 00 00 ff cb 12 00 00 ff ce 12 00 00 ff cb 12 00 00 ff ce 12 00 00 ff c9 12 00 00 ff c9 12 00 00 ff cb 12 00 00 ff ca 12 00 00 ff c9 12 00 00 ff c9 12 00 00 ff cb 12 00 00 ff ca 12 00 00 ff ce 12 00 00 ff cc 12 00 00 ff ce 12 00 00 ff ce 12 00 00 ff c9 12 00 00 ff cc 12 00 00 ff c9 12 00 00 ff c9 12 00 00 ff c9 12 00 00 ff cd 12 00 00 ff cd 12 00 00 ff cd 12 00 00 ff c9 12 00 00 ff c9 12 00 00 ff cc 12 00 e0 ff 
8e e9 0f 00 10 00 00 00 00 00 00 a2 c0 00 8f e9 0f 00 10 dc 05 a2 80 00 8e e9 0f 00 10 00 00 00 00 00 00 a2 80 00 8f e9 0f 00 10 dc 05 a2 c0 00 8e e9 0f 00 10 00 00 00 00 00 00 

ProtocolGame parse message exception (240 bytes, 42 unread, last opcode is 0x8e (142), prev opcode is 0x65 (101), proto: 860): InputMessage eof reached
f4 00 e1 79 34 e1 e8 00 6d 7e 03 a1 00 07 01 7e 03 a0 00 07 
65 cd 12 00 00 ff cb 12 00 00 ff c9 12 00 00 ff c9 12 00 00 ff ca 12 00 00 ff c9 12 00 00 ff ce 12 00 00 ff ca 12 00 00 ff ce 12 00 00 ff cc 12 00 00 ff cb 12 00 00 ff c9 12 00 00 ff ca 12 00 00 ff cd 12 00 00 ff c9 12 00 00 ff c9 12 00 00 ff ce 12 00 00 ff ce 12 00 00 ff c9 12 00 00 ff c9 12 00 00 ff c9 12 00 00 ff c9 12 00 00 ff cc 12 00 00 ff cb 12 00 00 ff cd 12 00 00 ff cb 12 00 00 ff ca 12 00 00 ff c9 12 00 00 ff c9 12 00 00 ff c9 12 00 00 ff cb 12 00 00 ff cb 12 00 e0 ff 
8e e9 0f 00 10 00 00 00 00 00 00 a2 c0 00 8f e9 0f 00 10 dc 05 a2 80 00 8e e9 0f 00 10 00 00 00 00 00 00 a2 80 00 8f e9 0f 00 10 dc 05 a2 c0 00 8e e9 0f 00 10 00 00 00 00 00 00 

ProtocolGame parse message exception (240 bytes, 42 unread, last opcode is 0x8e (142), prev opcode is 0x65 (101), proto: 860): InputMessage eof reached
f4 00 85 72 47 fa e8 00 6d 7e 03 a0 00 07 01 7e 03 9f 00 07 
65 cc 12 00 00 ff c9 12 00 00 ff ca 12 00 00 ff cb 12 00 00 ff c9 12 00 00 ff c9 12 00 00 ff cb 12 00 00 ff c9 12 00 00 ff c9 12 00 00 ff ce 12 00 00 ff ca 12 00 00 ff cd 12 00 00 ff c9 12 00 00 ff c9 12 00 00 ff c9 12 00 00 ff c9 12 00 00 ff cd 12 00 00 ff cb 12 00 00 ff ce 12 00 00 ff c9 12 00 00 ff c9 12 00 00 ff cd 12 00 00 ff ce 12 00 00 ff ca 12 00 00 ff cb 12 00 00 ff ce 12 00 00 ff cc 12 00 00 ff cc 12 00 00 ff cc 12 00 00 ff ce 12 00 00 ff c9 12 00 00 ff cc 12 00 e0 ff 
8e e9 0f 00 10 00 00 00 00 00 00 a2 c0 00 8f e9 0f 00 10 dc 05 a2 80 00 8e e9 0f 00 10 00 00 00 00 00 00 a2 80 00 8f e9 0f 00 10 dc 05 a2 c0 00 8e e9 0f 00 10 00 00 00 00 00 00 

ProtocolGame parse message exception (240 bytes, 42 unread, last opcode is 0x8e (142), prev opcode is 0x65 (101), proto: 860): InputMessage eof reached
f4 00 c4 7a 14 1b e8 00 6d 7e 03 9f 00 07 01 7e 03 9e 00 07 
65 cc 12 00 00 ff cb 12 00 00 ff c9 12 00 00 ff cd 12 00 00 ff ca 12 00 00 ff cd 12 00 00 ff c9 12 00 00 ff ce 12 00 00 ff cd 12 00 00 ff cb 12 00 00 ff ca 12 00 00 ff cc 12 00 00 ff cd 12 00 00 ff c9 12 00 00 ff c9 12 00 00 ff cc 12 00 00 ff ce 12 00 00 ff ca 12 00 00 ff c9 12 00 00 ff cd 12 00 00 ff cb 12 00 00 ff c9 12 00 00 ff cd 12 00 00 ff cb 12 00 00 ff ca 12 00 00 ff c9 12 00 00 ff cb 12 00 00 ff cd 12 00 00 ff cd 12 00 00 ff cb 12 00 00 ff c9 12 00 00 ff c9 12 00 e0 ff 
8e e9 0f 00 10 00 00 00 00 00 00 a2 c0 00 8f e9 0f 00 10 dc 05 a2 80 00 8e e9 0f 00 10 00 00 00 00 00 00 a2 80 00 8f e9 0f 00 10 dc 05 a2 c0 00 8e e9 0f 00 10 00 00 00 00 00 00 

ProtocolGame parse message exception (240 bytes, 42 unread, last opcode is 0x8e (142), prev opcode is 0x65 (101), proto: 860): InputMessage eof reached
f4 00 aa 78 6b 1f e8 00 6d 7e 03 9e 00 07 01 7e 03 9d 00 07 
65 c9 12 00 00 ff c9 12 00 00 ff cc 12 00 00 ff c9 12 00 00 ff cd 12 00 00 ff c9 12 00 00 ff ca 12 00 00 ff c9 12 00 00 ff c9 12 00 00 ff ce 12 00 00 ff ca 12 00 00 ff c9 12 00 00 ff c9 12 00 00 ff c9 12 00 00 ff c9 12 00 00 ff cb 12 00 00 ff c9 12 00 00 ff c9 12 00 00 ff c9 12 00 00 ff cb 12 00 00 ff cd 12 00 00 ff c9 12 00 00 ff c9 12 00 00 ff ca 12 00 00 ff c9 12 00 00 ff cb 12 00 00 ff cb 12 00 00 ff cd 12 00 00 ff ca 12 00 00 ff ce 12 00 00 ff cb 12 00 00 ff cb 12 00 e0 ff 
8e e9 0f 00 10 00 00 00 00 00 00 a2 c0 00 8f e9 0f 00 10 dc 05 a2 80 00 8e e9 0f 00 10 00 00 00 00 00 00 a2 80 00 8f e9 0f 00 10 dc 05 a2 c0 00 8e e9 0f 00 10 00 00 00 00 00 00 

ProtocolGame parse message exception (240 bytes, 42 unread, last opcode is 0x8e (142), prev opcode is 0x65 (101), proto: 860): InputMessage eof reached
f4 00 1a 7d 27 c1 e8 00 6d 7e 03 9d 00 07 01 7e 03 9c 00 07 
65 ce 12 00 00 ff c9 12 00 00 ff cb 12 00 00 ff cc 12 00 00 ff ca 12 00 00 ff cd 12 00 00 ff c9 12 00 00 ff cd 12 00 00 ff c9 12 00 00 ff ce 12 00 00 ff cd 12 00 00 ff cd 12 00 00 ff c9 12 00 00 ff c9 12 00 00 ff cd 12 00 00 ff c9 12 00 00 ff cb 12 00 00 ff c9 12 00 00 ff ca 12 00 00 ff ce 12 00 00 ff cb 12 00 00 ff cb 12 00 00 ff c9 12 00 00 ff c9 12 00 00 ff ce 12 00 00 ff ca 12 00 00 ff c9 12 00 00 ff cc 12 00 00 ff c9 12 00 00 ff cd 12 00 00 ff c9 12 00 00 ff cb 12 00 e0 ff 
8e e9 0f 00 10 00 00 00 00 00 00 a2 c0 00 8f e9 0f 00 10 dc 05 a2 80 00 8e e9 0f 00 10 00 00 00 00 00 00 a2 80 00 8f e9 0f 00 10 dc 05 a2 c0 00 8e e9 0f 00 10 00 00 00 00 00 00 

ProtocolGame parse message exception (240 bytes, 42 unread, last opcode is 0x8e (142), prev opcode is 0x65 (101), proto: 860): InputMessage eof reached
f4 00 fa 73 63 d3 e8 00 6d 7e 03 9c 00 07 01 7e 03 9b 00 07 
65 cd 12 00 00 ff cd 12 00 00 ff ca 12 00 00 ff cb 12 00 00 ff cd 12 00 00 ff cd 12 00 00 ff cb 12 00 00 ff c9 12 00 00 ff c9 12 00 00 ff cb 12 00 00 ff ca 12 00 00 ff cb 12 00 00 ff cc 12 00 00 ff cd 12 00 00 ff cb 12 00 00 ff c9 12 00 00 ff c9 12 00 00 ff ce 12 00 00 ff c9 12 00 00 ff c9 12 00 00 ff c9 12 00 00 ff ca 12 00 00 ff c9 12 00 00 ff ca 12 00 00 ff c9 12 00 00 ff c9 12 00 00 ff c9 12 00 00 ff cd 12 00 00 ff c9 12 00 00 ff cb 12 00 00 ff ca 12 00 00 ff ca 12 00 e0 ff 
8e e9 0f 00 10 00 00 00 00 00 00 a2 c0 00 8f e9 0f 00 10 dc 05 a2 80 00 8e e9 0f 00 10 00 00 00 00 00 00 a2 80 00 8f e9 0f 00 10 dc 05 a2 c0 00 8e e9 0f 00 10 00 00 00 00 00 00 

ProtocolGame parse message exception (240 bytes, 42 unread, last opcode is 0x8e (142), prev opcode is 0x65 (101), proto: 860): InputMessage eof reached
f4 00 ba 74 db 7b e8 00 6d 7e 03 9b 00 07 01 7e 03 9a 00 07 
65 ca 12 00 00 ff c9 12 00 00 ff cb 12 00 00 ff cb 12 00 00 ff ce 12 00 00 ff ca 12 00 00 ff c9 12 00 00 ff ce 12 00 00 ff ce 12 00 00 ff c9 12 00 00 ff c9 12 00 00 ff c9 12 00 00 ff cc 12 00 00 ff cb 12 00 00 ff c9 12 00 00 ff c9 12 00 00 ff ca 12 00 00 ff ce 12 00 00 ff cc 12 00 00 ff cb 12 00 00 ff cd 12 00 00 ff c9 12 00 00 ff c9 12 00 00 ff c9 12 00 00 ff cc 12 00 00 ff ce 12 00 00 ff ce 12 00 00 ff cb 12 00 00 ff c9 12 00 00 ff ca 12 00 00 ff c9 12 00 00 ff ca 12 00 e0 ff 
8e e9 0f 00 10 00 00 00 00 00 00 a2 c0 00 8f e9 0f 00 10 dc 05 a2 80 00 8e e9 0f 00 10 00 00 00 00 00 00 a2 80 00 8f e9 0f 00 10 dc 05 a2 c0 00 8e e9 0f 00 10 00 00 00 00 00 00 

ProtocolGame parse message exception (240 bytes, 42 unread, last opcode is 0x8e (142), prev opcode is 0x65 (101), proto: 860): InputMessage eof reached
f4 00 7e 79 de ad e8 00 6d 7e 03 9a 00 07 01 7e 03 99 00 07 
65 c9 12 00 00 ff ca 12 00 00 ff c9 12 00 00 ff ce 12 00 00 ff cd 12 00 00 ff cd 12 00 00 ff c9 12 00 00 ff cd 12 00 00 ff cc 12 00 00 ff cc 12 00 00 ff ca 12 00 00 ff c9 12 00 00 ff c9 12 00 00 ff ce 12 00 00 ff ca 12 00 00 ff cd 12 00 00 ff c9 12 00 00 ff cc 12 00 00 ff c9 12 00 00 ff c9 12 00 00 ff cd 12 00 00 ff c9 12 00 00 ff ca 12 00 00 ff cd 12 00 00 ff cb 12 00 00 ff c9 12 00 00 ff cc 12 00 00 ff ce 12 00 00 ff cb 12 00 00 ff ce 12 00 00 ff c9 12 00 00 ff c9 12 00 e0 ff 
8e e9 0f 00 10 00 00 00 00 00 00 a2 c0 00 8f e9 0f 00 10 dc 05 a2 80 00 8e e9 0f 00 10 00 00 00 00 00 00 a2 80 00 8f e9 0f 00 10 dc 05 a2 c0 00 8e e9 0f 00 10 00 00 00 00 00 00 

ProtocolGame parse message exception (240 bytes, 42 unread, last opcode is 0x8e (142), prev opcode is 0x65 (101), proto: 860): InputMessage eof reached
f4 00 01 75 f2 33 e8 00 6d 7e 03 99 00 07 01 7e 03 98 00 07 
65 cc 12 00 00 ff ca 12 00 00 ff cb 12 00 00 ff cd 12 00 00 ff cc 12 00 00 ff ca 12 00 00 ff ce 12 00 00 ff c9 12 00 00 ff c9 12 00 00 ff cb 12 00 00 ff c9 12 00 00 ff ca 12 00 00 ff ca 12 00 00 ff cd 12 00 00 ff c9 12 00 00 ff c9 12 00 00 ff c9 12 00 00 ff c9 12 00 00 ff ca 12 00 00 ff ca 12 00 00 ff c9 12 00 00 ff ce 12 00 00 ff c9 12 00 00 ff ce 12 00 00 ff c9 12 00 00 ff c9 12 00 00 ff c9 12 00 00 ff ca 12 00 00 ff cb 12 00 00 ff cd 12 00 00 ff ca 12 00 00 ff c9 12 00 e0 ff 
8e e9 0f 00 10 00 00 00 00 00 00 a2 c0 00 8f e9 0f 00 10 dc 05 a2 80 00 8e e9 0f 00 10 00 00 00 00 00 00 a2 80 00 8f e9 0f 00 10 dc 05 a2 c0 00 8e e9 0f 00 10 00 00 00 00 00 00 

ProtocolGame parse message exception (240 bytes, 42 unread, last opcode is 0x8e (142), prev opcode is 0x65 (101), proto: 860): InputMessage eof reached
f4 00 e7 73 7a fb e8 00 6d 7e 03 98 00 07 01 7e 03 97 00 07 
65 c9 12 00 00 ff cb 12 00 00 ff ce 12 00 00 ff c9 12 00 00 ff c9 12 00 00 ff ce 12 00 00 ff ce 12 00 00 ff c9 12 00 00 ff ca 12 00 00 ff cd 12 00 00 ff c9 12 00 00 ff cc 12 00 00 ff cb 12 00 00 ff ca 12 00 00 ff c9 12 00 00 ff cd 12 00 00 ff c9 12 00 00 ff c9 12 00 00 ff c9 12 00 00 ff ce 12 00 00 ff ce 12 00 00 ff cb 12 00 00 ff c9 12 00 00 ff ca 12 00 00 ff cb 12 00 00 ff c9 12 00 00 ff cc 12 00 00 ff ce 12 00 00 ff c9 12 00 00 ff cc 12 00 00 ff c9 12 00 00 ff ca 12 00 e0 ff 
8e e9 0f 00 10 00 00 00 00 00 00 a2 c0 00 8f e9 0f 00 10 dc 05 a2 80 00 8e e9 0f 00 10 00 00 00 00 00 00 a2 80 00 8f e9 0f 00 10 dc 05 a2 c0 00 8e e9 0f 00 10 00 00 00 00 00 00 

ProtocolGame parse message exception (240 bytes, 42 unread, last opcode is 0x8e (142), prev opcode is 0x65 (101), proto: 860): InputMessage eof reached
f4 00 5a 75 68 25 e8 00 6d 7e 03 97 00 07 01 7e 03 96 00 07 
65 ce 12 00 00 ff c9 12 00 00 ff c9 12 00 00 ff cb 12 00 00 ff ca 12 00 00 ff cb 12 00 00 ff cb 12 00 00 ff cb 12 00 00 ff cc 12 00 00 ff cb 12 00 00 ff cc 12 00 00 ff ca 12 00 00 ff c9 12 00 00 ff cc 12 00 00 ff c9 12 00 00 ff c9 12 00 00 ff cd 12 00 00 ff c9 12 00 00 ff ca 12 00 00 ff ce 12 00 00 ff c9 12 00 00 ff c9 12 00 00 ff cb 12 00 00 ff cb 12 00 00 ff c9 12 00 00 ff ce 12 00 00 ff cb 12 00 00 ff c9 12 00 00 ff c9 12 00 00 ff ca 12 00 00 ff ce 12 00 00 ff c9 12 00 e0 ff 
8e e9 0f 00 10 00 00 00 00 00 00 a2 c0 00 8f e9 0f 00 10 dc 05 a2 80 00 8e e9 0f 00 10 00 00 00 00 00 00 a2 80 00 8f e9 0f 00 10 dc 05 a2 c0 00 8e e9 0f 00 10 00 00 00 00 00 00 

ProtocolGame parse message exception (170 bytes, 42 unread, last opcode is 0x8e (142), prev opcode is 0x68 (104), proto: 860): InputMessage eof reached
ac 00 58 56 d6 09 a2 00 6d 7e 03 96 00 07 01 7d 03 96 00 07 
68 ce 12 00 00 ff c9 12 00 00 ff cb 12 00 00 ff c9 12 00 00 ff c9 12 00 00 ff cd 12 00 00 ff ca 12 00 00 ff cb 12 00 00 ff cb 12 00 00 ff ce 12 00 00 ff ce 12 00 00 ff c9 12 00 00 ff c9 12 00 00 ff c9 12 00 00 ff cb 12 00 00 ff c9 12 00 00 ff c9 12 00 00 ff cc 12 00 7e ff 
8e e9 0f 00 10 00 00 00 00 00 00 a2 c0 00 8f e9 0f 00 10 dc 05 a2 80 00 8e e9 0f 00 10 00 00 00 00 00 00 a2 80 00 8f e9 0f 00 10 dc 05 a2 c0 00 8e e9 0f 00 10 00 00 00 00 00 00 

ProtocolGame parse message exception (176 bytes, 42 unread, last opcode is 0x8e (142), prev opcode is 0x66 (102), proto: 860): InputMessage eof reached
b4 00 ed 5c 6a 71 a8 00 6d 7d 03 96 00 07 01 7e 03 96 00 07 
66 c9 12 00 00 ff ca 12 00 00 ff c9 12 00 00 ff c9 12 00 00 ff ca 12 00 00 ff ca 12 00 00 ff cb 12 00 00 ff cb 12 00 00 ff c9 12 00 00 ff cc 12 00 00 ff cb 12 00 00 ff cc 12 00 00 ff c9 12 00 00 ff c9 12 00 00 ff ce 12 00 00 ff ff 44 00 1d 12 00 00 ff ff 44 00 21 12 00 00 ff ff 44 00 7e ff 
8e e9 0f 00 10 00 00 00 00 00 00 a2 c0 00 8f e9 0f 00 10 dc 05 a2 80 00 8e e9 0f 00 10 00 00 00 00 00 00 a2 80 00 8f e9 0f 00 10 dc 05 a2 c0 00 8e e9 0f 00 10 00 00 00 00 00 00 

ProtocolGame parse message exception (392 bytes, 42 unread, last opcode is 0x8e (142), prev opcode is 0x66 (102), proto: 860): InputMessage eof reached
8c 01 92 c0 9a 49 80 01 6d 7e 03 96 00 07 01 7f 03 97 00 07 67 cb 12 00 00 ff cd 12 00 00 ff cd 12 00 00 ff c9 12 00 00 ff ce 12 00 00 ff cc 12 00 00 ff cb 12 00 00 ff cc 12 00 00 ff c9 12 00 00 ff c9 12 00 00 ff c9 12 00 00 ff c9 12 00 00 ff ca 12 00 00 ff c9 12 00 00 ff c9 12 00 00 ff cb 12 00 00 ff cd 12 00 00 ff ce 12 00 00 ff cc 12 00 00 ff c9 12 00 00 ff ce 12 00 00 ff c9 12 00 61 00 00 00 00 00 e8 0f 00 10 07 00 41 67 75 69 6e 68 61 62 02 40 05 00 00 00 00 00 00 00 00 00 00 00 00 00 00 00 de 01 00 00 02 00 00 00 00 ff c9 12 00 00 ff ff 44 00 1d 12 00 00 ff ff 44 00 21 12 00 00 ff ff 44 00 38 0e 00 00 ff ff 44 00 00 ff ff 44 00 4a 18 00 00 ff ff 44 00 00 ff ff 44 00 00 ff ff 44 00 00 ff ff 44 00 e0 ff 
66 c9 12 00 00 ff c9 12 00 00 ff c9 12 00 00 ff c9 12 00 00 ff c9 12 00 00 ff ca 12 00 00 ff ce 12 00 00 ff c9 12 00 00 ff c9 12 00 00 ff c9 12 00 00 ff c9 12 00 00 ff cb 12 00 00 ff c9 12 00 00 ff c9 12 00 00 ff ff 44 00 19 12 00 00 ff ff 44 00 00 ff ff 44 00 00 ff ff 44 00 7e ff 
8e e9 0f 00 10 00 00 00 00 00 00 a2 c0 00 8f e9 0f 00 10 dc 05 a2 80 00 8e e9 0f 00 10 00 00 00 00 00 00 a2 80 00 8f e9 0f 00 10 dc 05 a2 c0 00 8e e9 0f 00 10 00 00 00 00 00 00 

ProtocolGame parse message exception (255 bytes, 42 unread, last opcode is 0x8e (142), prev opcode is 0x67 (103), proto: 860): InputMessage eof reached
04 01 3d 80 1a 9f f7 00 6d 7f 03 97 00 07 01 7f 03 98 00 07 
67 c9 12 00 00 ff ce 12 00 00 ff c9 12 00 00 ff ce 12 00 00 ff cd 12 00 00 ff c9 12 00 00 ff c9 12 00 00 ff c9 12 00 00 ff c9 12 00 00 ff c9 12 00 00 ff c9 12 00 00 ff c9 12 00 00 ff c9 12 00 00 ff c9 12 00 00 ff cd 12 00 00 ff ca 12 00 00 ff c9 12 00 00 ff cc 12 00 00 ff c9 12 00 00 ff cc 12 00 00 ff c9 12 00 00 ff cd 12 00 00 ff ff 44 00 1c 12 00 00 ff ff 44 00 4a 18 00 00 ff ff 44 00 00 ff ff 44 00 4a 18 00 00 ff ff 44 00 00 ff ff 44 00 00 ff ff 44 00 00 ff 95 47 00 06 45 00 00 ff 95 47 00 07 45 00 00 ff ff 44 00 e0 ff 
8e e9 0f 00 10 00 00 00 00 00 00 a2 c0 00 8f e9 0f 00 10 dc 05 a2 80 00 8e e9 0f 00 10 00 00 00 00 00 00 a2 80 00 8f e9 0f 00 10 dc 05 a2 c0 00 8e e9 0f 00 10 00 00 00 00 00 00 

ProtocolGame parse message exception (273 bytes, 42 unread, last opcode is 0x8e (142), prev opcode is 0x67 (103), proto: 860): InputMessage eof reached
14 01 15 86 82 d9 09 01 6d 7f 03 98 00 07 01 7f 03 99 00 07 
67 c9 12 00 00 ff c9 12 00 00 ff cc 12 00 00 ff cc 12 00 00 ff c9 12 00 00 ff c9 12 00 00 ff ce 12 00 00 ff cb 12 00 00 ff cc 12 00 00 ff c9 12 00 00 ff c9 12 00 00 ff c9 12 00 00 ff cc 12 00 00 ff cd 12 00 00 ff c9 12 00 00 ff c9 12 00 00 ff c9 12 00 00 ff cb 12 00 00 ff ff 44 00 1d 12 00 00 ff ff 44 00 19 12 00 00 ff ff 44 00 19 12 00 00 ff ff 44 00 19 12 00 00 ff ff 44 00 21 12 00 00 ff 95 47 00 06 45 00 00 ff 95 47 00 07 45 00 00 ff ff 44 00 00 ff ff 44 00 00 ff ff 44 00 00 ff 95 47 00 06 45 00 00 ff 95 47 00 0b 45 00 00 ff 95 47 00 0a 45 00 00 ff 95 47 00 07 45 00 e0 ff 
8e e9 0f 00 10 00 00 00 00 00 00 a2 c0 00 8f e9 0f 00 10 dc 05 a2 80 00 8e e9 0f 00 10 00 00 00 00 00 00 a2 80 00 8f e9 0f 00 10 dc 05 a2 c0 00 8e e9 0f 00 10 00 00 00 00 00 00 

ProtocolGame parse message exception (328 bytes, 100 unread, last opcode is 0x8e (142), prev opcode is 0x67 (103), proto: 860): InputMessage eof reached
4c 01 33 ae c1 f4 40 01 6d 7f 03 99 00 07 01 7f 03 9a 00 07 
67 ce 12 00 00 ff ce 12 00 00 ff c9 12 00 00 ff c9 12 00 00 ff cc 12 00 00 ff cb 12 00 00 ff ca 12 00 00 ff cb 12 00 00 ff cb 12 00 00 ff ca 12 00 00 ff ca 12 00 00 ff cc 12 00 00 ff cb 12 00 00 ff cd 12 00 00 ff c9 12 00 00 ff ff 44 00 1d 12 00 00 ff ff 44 00 19 12 00 00 ff ff 44 00 19 12 00 00 ff ff 44 00 21 12 00 00 ff ff 44 00 00 ff ff 44 00 00 ff 95 47 00 06 45 00 00 ff 95 47 00 00 45 00 00 ff 95 47 00 0b 45 00 00 ff 95 47 00 02 45 00 00 ff ff 44 00 00 ff ff 44 00 00 ff ff 44 00 00 ff 95 47 00 03 45 00 00 ff 95 47 00 00 ff 95 47 00 00 ff 95 47 00 02 45 00 e0 ff 
8e e9 0f 00 10 00 00 00 00 00 00 a2 c0 00 8f e9 0f 00 10 dc 05 a2 80 00 8e e9 0f 00 10 00 00 00 00 00 00 a2 80 00 8f e9 0f 00 10 dc 05 a2 c0 00 8e e9 0f 00 10 00 00 00 00 00 00 6d 87 03 9f 00 07 02 86 03 9f 00 07 6c 86 03 9f 00 07 01 6a 87 03 9f 00 07 02 62 00 45 10 00 40 64 03 50 05 00 00 00 00 00 00 00 00 00 00 00 00 00 00 00 40 01 00 00 00 00 01 

ProtocolGame parse message exception (291 bytes, 42 unread, last opcode is 0x8e (142), prev opcode is 0x67 (103), proto: 860): InputMessage eof reached
24 01 30 97 f7 73 1b 01 6d 7f 03 9a 00 07 01 7f 03 9b 00 07 
67 ff 44 00 19 12 00 ac 06 00 00 ff ff 44 00 19 12 00 00 ff ff 44 00 1e 12 00 00 ff c9 12 00 00 ff cc 12 00 00 ff ff 44 00 1d 12 00 00 ff ff 44 00 19 12 00 00 ff ff 44 00 1e 12 00 00 ff cd 12 00 00 ff ce 12 00 00 ff c9 12 00 00 ff ca 12 00 00 ff cc 12 00 00 ff ff 44 00 1d 12 00 00 ff ff 44 00 19 12 00 38 0e 00 00 ff ff 44 00 21 12 00 00 ff ff 44 00 00 ff ff 44 00 00 ff ff 44 00 00 ff ff 44 00 00 ff ff 44 00 00 ff 95 47 00 03 45 00 00 ff 95 47 00 00 ff 95 47 00 08 45 00 00 ff 95 47 00 04 45 00 00 ff ff 44 00 00 ff ff 44 00 00 ff 95 47 00 06 45 00 00 ff 95 47 00 0b 45 00 00 ff 95 47 00 00 ff 95 47 00 00 ff 95 47 00 02 45 00 e0 ff 
8e e9 0f 00 10 00 00 00 00 00 00 a2 c0 00 8f e9 0f 00 10 dc 05 a2 80 00 8e e9 0f 00 10 00 00 00 00 00 00 a2 80 00 8f e9 0f 00 10 dc 05 a2 c0 00 8e e9 0f 00 10 00 00 00 00 00 00 

ProtocolGame parse message exception (321 bytes, 42 unread, last opcode is 0x8e (142), prev opcode is 0x67 (103), proto: 860): InputMessage eof reached
44 01 5d 93 62 4d 39 01 6d 7f 03 9b 00 07 01 7f 03 9c 00 07 
67 ff 44 00 a9 06 00 00 ff ff 44 00 38 0e 00 00 ff ff 44 00 22 12 00 00 ff ff 44 00 19 12 00 00 ff ff 44 00 19 12 00 00 ff ff 44 00 21 12 00 00 ff ff 44 00 37 0e 00 00 ff ff 44 00 22 12 00 00 ff ff 44 00 1e 12 00 00 ff c9 12 00 00 ff ff 44 00 1d 12 00 00 ff ff 44 00 1e 12 00 00 ff cc 12 00 00 ff ff 44 00 1c 12 00 8b 47 00 00 ff ff 44 00 84 47 00 4a 18 00 00 ff ff 44 00 84 47 00 00 ff ff 44 00 84 47 00 00 ff ff 44 00 84 47 00 00 ff ff 44 00 84 47 00 00 ff ff 44 00 84 47 00 00 ff ff 44 00 8a 47 00 00 ff 95 47 00 03 45 00 00 ff 95 47 00 08 45 00 00 ff 95 47 00 04 45 00 00 ff ff 44 00 00 ff ff 44 00 00 ff 95 47 00 06 45 00 00 ff 95 47 00 0b 45 00 00 ff 95 47 00 00 ff 95 47 00 00 ff 95 47 00 00 ff 95 47 00 0a 45 00 e0 ff 
8e e9 0f 00 10 00 00 00 00 00 00 a2 c0 00 8f e9 0f 00 10 dc 05 a2 80 00 8e e9 0f 00 10 00 00 00 00 00 00 a2 80 00 8f e9 0f 00 10 dc 05 a2 c0 00 8e e9 0f 00 10 00 00 00 00 00 00 

ProtocolGame parse message exception (306 bytes, 42 unread, last opcode is 0x8e (142), prev opcode is 0x67 (103), proto: 860): InputMessage eof reached
34 01 e2 a1 ef 7c 2a 01 6d 7f 03 9c 00 07 01 7f 03 9d 00 07 
67 ff 44 00 ad 06 00 00 ff ff 44 00 00 ff ff 44 00 00 ff ff 44 00 4a 18 00 00 ff ff 44 00 4a 18 00 00 ff ff 44 00 4a 18 00 00 ff ff 44 00 00 ff ff 44 00 00 ff ff 44 00 22 12 00 00 ff ff 44 00 19 12 00 00 ff ff 44 00 21 12 00 00 ff ff 44 00 22 12 00 00 ff ff 44 00 19 12 00 00 ff ff 44 00 21 12 00 83 47 00 00 ff 8c 47 00 00 ff 8c 47 00 00 ff 8c 47 00 00 ff 8c 47 00 00 ff 8c 47 00 00 ff 8c 47 00 00 ff ff 44 00 82 47 00 84 47 00 00 ff d6 03 00 63 11 00 60 11 00 05 45 00 84 47 00 00 ff d6 03 00 67 11 00 04 45 00 8a 47 00 00 ff ff 44 00 00 ff ff 44 00 00 ff ff 44 00 00 ff 95 47 00 05 45 00 00 ff 95 47 00 09 45 00 00 ff 95 47 00 00 ff 95 47 00 00 ff 95 47 00 00 ff 95 47 00 e0 ff 
8e e9 0f 00 10 00 00 00 00 00 00 a2 c0 00 8f e9 0f 00 10 dc 05 a2 80 00 8e e9 0f 00 10 00 00 00 00 00 00 a2 80 00 8f e9 0f 00 10 dc 05 a2 c0 00 8e e9 0f 00 10 00 00 00 00 00 00 

ProtocolGame parse message exception (286 bytes, 42 unread, last opcode is 0x8e (142), prev opcode is 0x67 (103), proto: 860): InputMessage eof reached
1c 01 99 93 c1 19 16 01 6d 7f 03 9d 00 07 01 7f 03 9e 00 07 
67 ff 44 00 00 ff ff 44 00 00 ff ff 44 00 00 ff ff 44 00 00 ff ff 44 00 00 ff ff 44 00 00 ff ff 44 00 00 ff ff 44 00 00 ff ff 44 00 00 ff ff 44 00 00 ff ff 44 00 00 ff ff 44 00 00 ff ff 44 00 00 ff ff 44 00 83 47 00 00 ff 8c 47 00 00 ff 8c 47 00 00 ff 8c 47 00 00 ff 8c 47 00 00 ff 8c 47 00 00 ff 8c 47 00 00 ff 8c 47 00 00 ff 8c 47 00 00 ff ff 44 00 82 47 00 84 47 00 00 ff ff 44 00 84 47 00 00 ff ff 44 00 8a 47 00 00 ff ff 44 00 00 ff ff 44 00 00 ff 95 47 00 05 45 00 00 ff 95 47 00 09 45 00 00 ff 95 47 00 00 ff 95 47 00 00 ff 95 47 00 0f ff 8b 47 00 00 ff 84 47 00 00 ff 84 47 00 00 ff 84 47 00 00 ff 8a 47 00 cc ff 
8e e9 0f 00 10 00 00 00 00 00 00 a2 c0 00 8f e9 0f 00 10 dc 05 a2 80 00 8e e9 0f 00 10 00 00 00 00 00 00 a2 80 00 8f e9 0f 00 10 dc 05 a2 c0 00 8e e9 0f 00 10 00 00 00 00 00 00 

ProtocolGame parse message exception (318 bytes, 42 unread, last opcode is 0x8e (142), prev opcode is 0x67 (103), proto: 860): InputMessage eof reached
3c 01 6d a1 a2 45 36 01 6d 7f 03 9e 00 07 01 7f 03 9f 00 07 
67 ff 44 00 00 ff ff 44 00 00 ff ff 44 00 00 ff ff 44 00 48 18 00 00 ff ff 44 00 49 18 00 00 ff ff 44 00 49 18 00 00 ff ff 44 00 37 0e 00 00 ff ff 44 00 00 ff ff 44 00 00 ff ff 44 00 00 ff ff 44 00 00 ff ff 44 00 00 ff ff 44 00 00 ff ff 44 00 83 47 00 00 ff 8c 47 00 00 ff 8c 47 00 00 ff 8c 47 00 00 ff 8c 47 00 00 ff 8c 47 00 00 ff 8c 47 00 00 ff 8c 47 00 00 ff 8c 47 00 00 ff 8c 47 00 00 ff 8c 47 00 00 ff d6 03 00 5d 11 00 06 45 00 82 47 00 84 47 00 00 ff 95 47 00 5d 11 00 00 45 00 8a 47 00 00 ff 95 47 00 07 45 00 00 ff ff 44 00 00 ff 95 47 00 03 45 00 00 ff 95 47 00 00 ff 95 47 00 00 ff 95 47 00 08 45 00 0f ff 83 47 00 00 ff 8c 47 00 00 ff 8c 47 00 00 ff 8c 47 00 00 ff 82 47 00 84 47 00 00 ff 8a 47 00 cb ff 
8e e9 0f 00 10 00 00 00 00 00 00 a2 c0 00 8f e9 0f 00 10 dc 05 a2 80 00 8e e9 0f 00 10 00 00 00 00 00 00 a2 80 00 8f e9 0f 00 10 dc 05 a2 c0 00 8e e9 0f 00 10 00 00 00 00 00 00 

ProtocolGame parse message exception (344 bytes, 42 unread, last opcode is 0x8e (142), prev opcode is 0x67 (103), proto: 860): InputMessage eof reached
5c 01 b5 af 2d 3b 50 01 6d 7f 03 9f 00 07 01 7f 03 a0 00 07 
67 ff 44 00 ac 06 00 00 ff ff 44 00 00 ff ff 44 00 00 ff ff 44 00 00 ff ff 44 00 4a 18 00 00 ff ff 44 00 00 ff ff 44 00 00 ff ff 44 00 49 18 00 00 ff ff 44 00 00 ff ff 44 00 3d 0e 00 00 ff ff 44 00 00 ff ff 44 00 00 ff ff 44 00 00 ff ff 44 00 83 47 00 00 ff 8c 47 00 00 ff 8c 47 00 00 ff 8c 47 00 00 ff 8c 47 00 00 ff 8c 47 00 00 ff 8c 47 00 00 ff 8c 47 00 00 ff 8c 47 00 00 ff 8c 47 00 00 ff 8c 47 00 00 ff 8c 47 00 03 45 00 00 ff 95 47 00 82 47 00 84 47 00 00 ff 95 47 00 5e 11 00 02 45 00 8a 47 00 00 ff ff 44 00 00 ff 95 47 00 05 45 00 00 ff 95 47 00 09 45 00 00 ff 95 47 00 08 45 00 00 ff 95 47 00 04 45 00 0f ff 85 47 00 00 ff 81 47 00 00 ff 81 47 00 83 47 00 00 ff 8c 47 00 00 ff 8c 47 00 00 ff 82 47 00 84 47 00 00 ff 8b 47 00 8a 47 00 00 ff 84 47 00 00 ff 84 47 00 00 ff 8a 47 00 c7 ff 
8e e9 0f 00 10 00 00 00 00 00 00 a2 c0 00 8f e9 0f 00 10 dc 05 a2 80 00 8e e9 0f 00 10 00 00 00 00 00 00 a2 80 00 8f e9 0f 00 10 dc 05 a2 c0 00 8e e9 0f 00 10 00 00 00 00 00 00 

ProtocolGame parse message exception (191 bytes, 42 unread, last opcode is 0x8e (142), prev opcode is 0x68 (104), proto: 860): InputMessage eof reached
c4 00 ee 60 c1 47 b7 00 6d 7f 03 a0 00 07 01 7e 03 a0 00 07 
68 cd 12 00 00 ff cc 12 00 00 ff c9 12 00 00 ff c9 12 00 00 ff c9 12 00 00 ff cb 12 00 00 ff c9 12 00 00 ff c9 12 00 00 ff cb 12 00 00 ff c9 12 00 00 ff ca 12 00 00 ff ff 44 00 1e 12 00 00 ff ff 44 00 22 12 00 af 06 00 00 ff ff 44 00 b0 06 00 00 ff ff 44 00 aa 06 00 41 07 00 00 ff ff 44 00 00 ff ff 44 00 00 ff ff 44 00 a8 06 00 7e ff 
8e e9 0f 00 10 00 00 00 00 00 00 a2 c0 00 8f e9 0f 00 10 dc 05 a2 80 00 8e e9 0f 00 10 00 00 00 00 00 00 a2 80 00 8f e9 0f 00 10 dc 05 a2 c0 00 8e e9 0f 00 10 00 00 00 00 00 00 

ProtocolGame parse message exception (185 bytes, 42 unread, last opcode is 0x8e (142), prev opcode is 0x68 (104), proto: 860): InputMessage eof reached
bc 00 36 62 35 6a b1 00 6d 7e 03 a0 00 07 01 7d 03 a0 00 07 
68 ce 12 00 00 ff c9 12 00 00 ff c9 12 00 00 ff c9 12 00 00 ff cb 12 00 00 ff c9 12 00 00 ff c9 12 00 00 ff cc 12 00 00 ff c9 12 00 00 ff ca 12 00 00 ff ce 12 00 00 ff ff 44 00 1d 12 00 00 ff ff 44 00 21 12 00 00 ff ff 44 00 af 06 00 00 ff ff 44 00 ae 06 00 00 ff ff 44 00 00 ff ff 44 00 00 ff ff 44 00 af 06 00 7e ff 
8e e9 0f 00 10 00 00 00 00 00 00 a2 c0 00 8f e9 0f 00 10 dc 05 a2 80 00 8e e9 0f 00 10 00 00 00 00 00 00 a2 80 00 8f e9 0f 00 10 dc 05 a2 c0 00 8e e9 0f 00 10 00 00 00 00 00 00 

ProtocolGame parse message exception (248 bytes, 117 unread, last opcode is 0x8e (142), prev opcode is 0x68 (104), proto: 860): InputMessage eof reached
fc 00 d3 7c 96 44 f0 00 6d 7d 03 a0 00 07 01 7c 03 a0 00 07 
68 ca 12 00 00 ff cc 12 00 00 ff ca 12 00 00 ff ca 12 00 00 ff ce 12 00 00 ff c9 12 00 00 ff cc 12 00 00 ff c9 12 00 00 ff cb 12 00 00 ff c9 12 00 00 ff cd 12 00 00 ff c9 12 00 00 ff ff 44 00 19 12 00 00 ff ff 44 00 00 ff ff 44 00 00 ff ff 44 00 00 ff ff 44 00 00 ff ff 44 00 7e ff 
8e e9 0f 00 10 00 00 00 00 00 00 a2 c0 00 8f e9 0f 00 10 dc 05 a2 80 00 8e e9 0f 00 10 00 00 00 00 00 00 a2 80 00 8f e9 0f 00 10 dc 05 a2 c0 00 8e e9 0f 00 10 00 00 00 00 00 00 a0 92 40 92 40 40 42 0f 00 7a 74 82 6a dd 01 06 b0 09 d0 11 19 00 64 d8 09 a0 92 40 92 40 40 42 0f 00 7a 74 82 6a dd 01 06 b0 09 d0 11 19 00 64 d8 09 a0 92 40 92 40 40 42 0f 00 7a 74 82 6a dd 01 06 b0 09 d0 11 19 00 64 d8 09 

ProtocolGame parse message exception (176 bytes, 42 unread, last opcode is 0x8e (142), prev opcode is 0x68 (104), proto: 860): InputMessage eof reached
b4 00 6a 58 c0 76 a8 00 6d 7c 03 a0 00 07 01 7b 03 a0 00 07 
68 ce 12 00 00 ff ce 12 00 00 ff cc 12 00 00 ff cd 12 00 00 ff ce 12 00 00 ff cc 12 00 00 ff c9 12 00 00 ff ca 12 00 00 ff c9 12 00 00 ff cd 12 00 00 ff c9 12 00 00 ff ce 12 00 00 ff ff 44 00 19 12 00 00 ff ff 44 00 00 ff ff 44 00 00 ff ff 44 00 00 ff ff 44 00 00 ff 95 47 00 07 45 00 7e ff 
8e e9 0f 00 10 00 00 00 00 00 00 a2 c0 00 8f e9 0f 00 10 dc 05 a2 80 00 8e e9 0f 00 10 00 00 00 00 00 00 a2 80 00 8f e9 0f 00 10 dc 05 a2 c0 00 8e e9 0f 00 10 00 00 00 00 00 00 

ProtocolGame parse message exception (191 bytes, 42 unread, last opcode is 0x8e (142), prev opcode is 0x66 (102), proto: 860): InputMessage eof reached
c4 00 43 5a 81 0d b7 00 6d 7b 03 a0 00 07 01 7c 03 a0 00 07 
66 c9 12 00 00 ff c9 12 00 00 ff c9 12 00 00 ff c9 12 00 00 ff c9 12 00 00 ff c9 12 00 00 ff ce 12 00 00 ff ff 44 00 19 12 00 00 ff ff 44 00 00 ff ff 44 00 00 ff 95 47 00 06 45 00 00 ff 95 47 00 03 45 00 00 ff 95 47 00 0b 45 00 00 ff 95 47 00 00 ff 95 47 00 00 ff 95 47 00 09 45 00 00 ff 95 47 00 03 45 00 00 ff 95 47 00 05 45 00 7e ff 
8e e9 0f 00 10 00 00 00 00 00 00 a2 c0 00 8f e9 0f 00 10 dc 05 a2 80 00 8e e9 0f 00 10 00 00 00 00 00 00 a2 80 00 8f e9 0f 00 10 dc 05 a2 c0 00 8e e9 0f 00 10 00 00 00 00 00 00 

ProtocolGame parse message exception (185 bytes, 42 unread, last opcode is 0x8e (142), prev opcode is 0x66 (102), proto: 860): InputMessage eof reached
bc 00 2e 5c db d4 b1 00 6d 7c 03 a0 00 07 01 7d 03 a0 00 07 
66 cb 12 00 00 ff c9 12 00 00 ff ce 12 00 00 ff cd 12 00 00 ff cc 12 00 00 ff cc 12 00 00 ff ff 44 00 1d 12 00 00 ff ff 44 00 21 12 00 00 ff ff 44 00 00 ff 95 47 00 06 45 00 00 ff 95 47 00 0b 45 00 00 ff 95 47 00 00 ff 95 47 00 00 ff 95 47 00 00 ff 95 47 00 00 ff 95 47 00 00 ff 95 47 00 00 ff 95 47 00 09 45 00 7e ff 
8e e9 0f 00 10 00 00 00 00 00 00 a2 c0 00 8f e9 0f 00 10 dc 05 a2 80 00 8e e9 0f 00 10 00 00 00 00 00 00 a2 80 00 8f e9 0f 00 10 dc 05 a2 c0 00 8e e9 0f 00 10 00 00 00 00 00 00 

ProtocolGame parse message exception (185 bytes, 42 unread, last opcode is 0x8e (142), prev opcode is 0x66 (102), proto: 860): InputMessage eof reached
bc 00 3e 5c 92 a0 b1 00 6d 7d 03 a0 00 07 01 7e 03 a0 00 07 
66 cb 12 00 00 ff cc 12 00 00 ff c9 12 00 00 ff c9 12 00 00 ff ce 12 00 00 ff ff 44 00 1d 12 00 00 ff ff 44 00 21 12 00 00 ff ff 44 00 00 ff ff 44 00 00 ff 95 47 00 07 45 00 00 ff 95 47 00 0a 45 00 00 ff 95 47 00 00 ff 95 47 00 00 ff 95 47 00 00 ff 95 47 00 00 ff 95 47 00 00 ff 95 47 00 00 ff 95 47 00 08 45 00 7e ff 
8e e9 0f 00 10 00 00 00 00 00 00 a2 c0 00 8f e9 0f 00 10 dc 05 a2 80 00 8e e9 0f 00 10 00 00 00 00 00 00 a2 80 00 8f e9 0f 00 10 dc 05 a2 c0 00 8e e9 0f 00 10 00 00 00 00 00 00 

ProtocolGame parse message exception (191 bytes, 42 unread, last opcode is 0x8e (142), prev opcode is 0x66 (102), proto: 860): InputMessage eof reached
c4 00 8d 5a 25 f3 b7 00 6d 7e 03 a0 00 07 01 7f 03 a0 00 07 
66 c9 12 00 00 ff c9 12 00 00 ff cb 12 00 00 ff c9 12 00 00 ff c9 12 00 00 ff ff 44 00 19 12 00 00 ff ff 44 00 00 ff ff 44 00 00 ff ff 44 00 00 ff ff 44 00 00 ff 95 47 00 07 45 00 00 ff 95 47 00 02 45 00 00 ff 95 47 00 02 45 00 00 ff 95 47 00 0a 45 00 00 ff 95 47 00 00 ff 95 47 00 00 ff 95 47 00 08 45 00 00 ff 95 47 00 04 45 00 7e ff 
8e e9 0f 00 10 00 00 00 00 00 00 a2 c0 00 8f e9 0f 00 10 dc 05 a2 80 00 8e e9 0f 00 10 00 00 00 00 00 00 a2 80 00 8f e9 0f 00 10 dc 05 a2 c0 00 8e e9 0f 00 10 00 00 00 00 00 00 

ProtocolGame parse message exception (365 bytes, 42 unread, last opcode is 0x8e (142), prev opcode is 0x67 (103), proto: 860): InputMessage eof reached
6c 01 d7 b3 e3 d1 65 01 6d 7f 03 a0 00 07 01 7f 03 a1 00 07 
67 ff 44 00 b1 06 00 00 ff ff 44 00 ac 06 00 00 ff ff 44 00 00 ff ff 44 00 49 18 00 00 ff ff 44 00 38 0e 00 00 ff ff 44 00 00 ff ff 44 00 49 18 00 00 ff ff 44 00 00 ff ff 44 00 00 ff ff 44 00 4a 18 00 00 ff ff 44 00 4a 18 00 00 ff ff 44 00 00 ff ff 44 00 00 ff ff 44 00 83 47 00 00 ff 8c 47 00 00 ff 8c 47 00 00 ff 8c 47 00 00 ff 8c 47 00 00 ff 8c 47 00 00 ff 8c 47 00 00 ff 8c 47 00 00 ff 8c 47 00 06 45 00 00 ff 8c 47 00 00 45 00 00 ff 8c 47 00 00 45 00 00 ff 8c 47 00 0b 45 00 00 ff 8c 47 00 08 45 00 00 ff d6 03 00 5e 11 00 04 45 00 82 47 00 84 47 00 00 ff ff 44 00 84 47 00 00 ff ff 44 00 8a 47 00 00 ff 95 47 00 05 45 00 00 ff 95 47 00 04 45 00 00 ff ff 44 00 11 ff 85 47 00 00 ff 81 47 00 83 47 00 00 ff 8c 47 00 00 ff 8c 47 00 00 ff 82 47 00 83 47 00 84 47 00 00 ff 8c 47 00 00 ff 8c 47 00 00 ff 82 47 00 84 47 00 00 ff 84 47 00 00 ff 8a 47 00 c5 ff 
8e e9 0f 00 10 00 00 00 00 00 00 a2 c0 00 8f e9 0f 00 10 dc 05 a2 80 00 8e e9 0f 00 10 00 00 00 00 00 00 a2 80 00 8f e9 0f 00 10 dc 05 a2 c0 00 8e e9 0f 00 10 00 00 00 00 00 00 

ProtocolGame parse message exception (197 bytes, 42 unread, last opcode is 0x8e (142), prev opcode is 0x68 (104), proto: 860): InputMessage eof reached
c4 00 31 65 fa 07 bd 00 6d 7f 03 a1 00 07 01 7e 03 a1 00 07 
68 cc 12 00 00 ff c9 12 00 00 ff c9 12 00 00 ff c9 12 00 00 ff cb 12 00 00 ff c9 12 00 00 ff c9 12 00 00 ff cb 12 00 00 ff c9 12 00 00 ff ca 12 00 00 ff ff 44 00 1e 12 00 00 ff ff 44 00 22 12 00 af 06 00 00 ff ff 44 00 b0 06 00 00 ff ff 44 00 aa 06 00 41 07 00 00 ff ff 44 00 00 ff ff 44 00 00 ff ff 44 00 a8 06 00 00 ff ff 44 00 a7 06 00 41 07 00 7e ff 
8e e9 0f 00 10 00 00 00 00 00 00 a2 c0 00 8f e9 0f 00 10 dc 05 a2 80 00 8e e9 0f 00 10 00 00 00 00 00 00 a2 80 00 8f e9 0f 00 10 dc 05 a2 c0 00 8e e9 0f 00 10 00 00 00 00 00 00 

ProtocolGame parse message exception (346 bytes, 42 unread, last opcode is 0x8e (142), prev opcode is 0x68 (104), proto: 860): InputMessage eof reached
5c 01 a0 b1 8a b1 52 01 6d 7e 03 a1 00 07 01 7d 03 a0 00 07 65 cd 12 00 00 ff cb 12 00 00 ff c9 12 00 00 ff c9 12 00 00 ff ca 12 00 00 ff c9 12 00 00 ff ce 12 00 00 ff ca 12 00 00 ff ce 12 00 00 ff cc 12 00 00 ff cb 12 00 00 ff c9 12 00 00 ff ca 12 00 00 ff cd 12 00 00 ff c9 12 00 00 ff c9 12 00 00 ff ce 12 00 00 ff ce 12 00 00 ff c9 12 00 00 ff c9 12 00 00 ff c9 12 00 00 ff c9 12 00 00 ff cc 12 00 00 ff cb 12 00 00 ff cd 12 00 00 ff cb 12 00 00 ff ca 12 00 00 ff c9 12 00 00 ff c9 12 00 00 ff c9 12 00 00 ff cb 12 00 00 ff cb 12 00 e0 ff 
68 ce 12 00 00 ff c9 12 00 00 ff c9 12 00 00 ff c9 12 00 00 ff cb 12 00 00 ff c9 12 00 00 ff c9 12 00 00 ff cc 12 00 00 ff c9 12 00 00 ff ca 12 00 00 ff ce 12 00 00 ff ff 44 00 1d 12 00 00 ff ff 44 00 21 12 00 00 ff ff 44 00 af 06 00 00 ff ff 44 00 ae 06 00 00 ff ff 44 00 00 ff ff 44 00 00 ff ff 44 00 af 06 00 7e ff 
8e e9 0f 00 10 00 00 00 00 00 00 a2 c0 00 8f e9 0f 00 10 dc 05 a2 80 00 8e e9 0f 00 10 00 00 00 00 00 00 a2 80 00 8f e9 0f 00 10 dc 05 a2 c0 00 8e e9 0f 00 10 00 00 00 00 00 00 

ProtocolGame parse message exception (240 bytes, 42 unread, last opcode is 0x8e (142), prev opcode is 0x65 (101), proto: 860): InputMessage eof reached
f4 00 ff 76 9a b3 e8 00 6d 7d 03 a0 00 07 01 7d 03 9f 00 07 
65 ce 12 00 00 ff cc 12 00 00 ff c9 12 00 00 ff ca 12 00 00 ff cb 12 00 00 ff c9 12 00 00 ff c9 12 00 00 ff cb 12 00 00 ff c9 12 00 00 ff c9 12 00 00 ff ce 12 00 00 ff ca 12 00 00 ff cd 12 00 00 ff c9 12 00 00 ff c9 12 00 00 ff c9 12 00 00 ff c9 12 00 00 ff cd 12 00 00 ff cb 12 00 00 ff ce 12 00 00 ff c9 12 00 00 ff c9 12 00 00 ff cd 12 00 00 ff ce 12 00 00 ff ca 12 00 00 ff cb 12 00 00 ff ce 12 00 00 ff cc 12 00 00 ff cc 12 00 00 ff cc 12 00 00 ff ce 12 00 00 ff c9 12 00 e0 ff 
8e e9 0f 00 10 00 00 00 00 00 00 a2 c0 00 8f e9 0f 00 10 dc 05 a2 80 00 8e e9 0f 00 10 00 00 00 00 00 00 a2 80 00 8f e9 0f 00 10 dc 05 a2 c0 00 8e e9 0f 00 10 00 00 00 00 00 00 

ProtocolGame parse message exception (240 bytes, 42 unread, last opcode is 0x8e (142), prev opcode is 0x65 (101), proto: 860): InputMessage eof reached
f4 00 70 81 96 89 e8 00 6d 7d 03 9f 00 07 01 7d 03 9e 00 07 
65 cb 12 00 00 ff cc 12 00 00 ff cb 12 00 00 ff c9 12 00 00 ff cd 12 00 00 ff ca 12 00 00 ff cd 12 00 00 ff c9 12 00 00 ff ce 12 00 00 ff cd 12 00 00 ff cb 12 00 00 ff ca 12 00 00 ff cc 12 00 00 ff cd 12 00 00 ff c9 12 00 00 ff c9 12 00 00 ff cc 12 00 00 ff ce 12 00 00 ff ca 12 00 00 ff c9 12 00 00 ff cd 12 00 00 ff cb 12 00 00 ff c9 12 00 00 ff cd 12 00 00 ff cb 12 00 00 ff ca 12 00 00 ff c9 12 00 00 ff cb 12 00 00 ff cd 12 00 00 ff cd 12 00 00 ff cb 12 00 00 ff c9 12 00 e0 ff 
8e e9 0f 00 10 00 00 00 00 00 00 a2 c0 00 8f e9 0f 00 10 dc 05 a2 80 00 8e e9 0f 00 10 00 00 00 00 00 00 a2 80 00 8f e9 0f 00 10 dc 05 a2 c0 00 8e e9 0f 00 10 00 00 00 00 00 00 

ProtocolGame parse message exception (240 bytes, 42 unread, last opcode is 0x8e (142), prev opcode is 0x65 (101), proto: 860): InputMessage eof reached
f4 00 e8 7b ee 25 e8 00 6d 7d 03 9e 00 07 01 7d 03 9d 00 07 
65 cb 12 00 00 ff c9 12 00 00 ff c9 12 00 00 ff cc 12 00 00 ff c9 12 00 00 ff cd 12 00 00 ff c9 12 00 00 ff ca 12 00 00 ff c9 12 00 00 ff c9 12 00 00 ff ce 12 00 00 ff ca 12 00 00 ff c9 12 00 00 ff c9 12 00 00 ff c9 12 00 00 ff c9 12 00 00 ff cb 12 00 00 ff c9 12 00 00 ff c9 12 00 00 ff c9 12 00 00 ff cb 12 00 00 ff cd 12 00 00 ff c9 12 00 00 ff c9 12 00 00 ff ca 12 00 00 ff c9 12 00 00 ff cb 12 00 00 ff cb 12 00 00 ff cd 12 00 00 ff ca 12 00 00 ff ce 12 00 00 ff cb 12 00 e0 ff 
8e e9 0f 00 10 00 00 00 00 00 00 a2 c0 00 8f e9 0f 00 10 dc 05 a2 80 00 8e e9 0f 00 10 00 00 00 00 00 00 a2 80 00 8f e9 0f 00 10 dc 05 a2 c0 00 8e e9 0f 00 10 00 00 00 00 00 00 

ProtocolGame parse message exception (240 bytes, 42 unread, last opcode is 0x8e (142), prev opcode is 0x65 (101), proto: 860): InputMessage eof reached
f4 00 90 76 23 fa e8 00 6d 7d 03 9d 00 07 01 7d 03 9c 00 07 
65 ca 12 00 00 ff ce 12 00 00 ff c9 12 00 00 ff cb 12 00 00 ff cc 12 00 00 ff ca 12 00 00 ff cd 12 00 00 ff c9 12 00 00 ff cd 12 00 00 ff c9 12 00 00 ff ce 12 00 00 ff cd 12 00 00 ff cd 12 00 00 ff c9 12 00 00 ff c9 12 00 00 ff cd 12 00 00 ff c9 12 00 00 ff cb 12 00 00 ff c9 12 00 00 ff ca 12 00 00 ff ce 12 00 00 ff cb 12 00 00 ff cb 12 00 00 ff c9 12 00 00 ff c9 12 00 00 ff ce 12 00 00 ff ca 12 00 00 ff c9 12 00 00 ff cc 12 00 00 ff c9 12 00 00 ff cd 12 00 00 ff c9 12 00 e0 ff 
8e e9 0f 00 10 00 00 00 00 00 00 a2 c0 00 8f e9 0f 00 10 dc 05 a2 80 00 8e e9 0f 00 10 00 00 00 00 00 00 a2 80 00 8f e9 0f 00 10 dc 05 a2 c0 00 8e e9 0f 00 10 00 00 00 00 00 00 

ProtocolGame parse message exception (298 bytes, 42 unread, last opcode is 0x8e (142), prev opcode is 0x65 (101), proto: 860): InputMessage eof reached
2c 01 ac 97 10 a0 22 01 6d 87 03 9f 00 07 02 86 03 9f 00 07 6c 86 03 9f 00 07 01 6a 87 03 9f 00 07 02 62 00 45 10 00 40 64 03 50 05 00 00 00 00 00 00 00 00 00 00 00 00 00 00 00 40 01 00 00 00 00 01 6d 7d 03 9c 00 07 01 7d 03 9b 00 07 
65 cd 12 00 00 ff cd 12 00 00 ff cd 12 00 00 ff ca 12 00 00 ff cb 12 00 00 ff cd 12 00 00 ff cd 12 00 00 ff cb 12 00 00 ff c9 12 00 00 ff c9 12 00 00 ff cb 12 00 00 ff ca 12 00 00 ff cb 12 00 00 ff cc 12 00 00 ff cd 12 00 00 ff cb 12 00 00 ff c9 12 00 00 ff c9 12 00 00 ff ce 12 00 00 ff c9 12 00 00 ff c9 12 00 00 ff c9 12 00 00 ff ca 12 00 00 ff c9 12 00 00 ff ca 12 00 00 ff c9 12 00 00 ff c9 12 00 00 ff c9 12 00 00 ff cd 12 00 00 ff c9 12 00 00 ff cb 12 00 00 ff ca 12 00 e0 ff 
8e e9 0f 00 10 00 00 00 00 00 00 a2 c0 00 8f e9 0f 00 10 dc 05 a2 80 00 8e e9 0f 00 10 00 00 00 00 00 00 a2 80 00 8f e9 0f 00 10 dc 05 a2 c0 00 8e e9 0f 00 10 00 00 00 00 00 00 

ProtocolGame parse message exception (240 bytes, 42 unread, last opcode is 0x8e (142), prev opcode is 0x65 (101), proto: 860): InputMessage eof reached
f4 00 d5 7a 19 ca e8 00 6d 7d 03 9b 00 07 01 7d 03 9a 00 07 
65 c9 12 00 00 ff ca 12 00 00 ff c9 12 00 00 ff cb 12 00 00 ff cb 12 00 00 ff ce 12 00 00 ff ca 12 00 00 ff c9 12 00 00 ff ce 12 00 00 ff ce 12 00 00 ff c9 12 00 00 ff c9 12 00 00 ff c9 12 00 00 ff cc 12 00 00 ff cb 12 00 00 ff c9 12 00 00 ff c9 12 00 00 ff ca 12 00 00 ff ce 12 00 00 ff cc 12 00 00 ff cb 12 00 00 ff cd 12 00 00 ff c9 12 00 00 ff c9 12 00 00 ff c9 12 00 00 ff cc 12 00 00 ff ce 12 00 00 ff ce 12 00 00 ff cb 12 00 00 ff c9 12 00 00 ff ca 12 00 00 ff c9 12 00 e0 ff 
8e e9 0f 00 10 00 00 00 00 00 00 a2 c0 00 8f e9 0f 00 10 dc 05 a2 80 00 8e e9 0f 00 10 00 00 00 00 00 00 a2 80 00 8f e9 0f 00 10 dc 05 a2 c0 00 8e e9 0f 00 10 00 00 00 00 00 00 

ProtocolGame parse message exception (240 bytes, 42 unread, last opcode is 0x8e (142), prev opcode is 0x65 (101), proto: 860): InputMessage eof reached
f4 00 58 7a b7 d0 e8 00 6d 7d 03 9a 00 07 01 7d 03 99 00 07 
65 c9 12 00 00 ff c9 12 00 00 ff ca 12 00 00 ff c9 12 00 00 ff ce 12 00 00 ff cd 12 00 00 ff cd 12 00 00 ff c9 12 00 00 ff cd 12 00 00 ff cc 12 00 00 ff cc 12 00 00 ff ca 12 00 00 ff c9 12 00 00 ff c9 12 00 00 ff ce 12 00 00 ff ca 12 00 00 ff cd 12 00 00 ff c9 12 00 00 ff cc 12 00 00 ff c9 12 00 00 ff c9 12 00 00 ff cd 12 00 00 ff c9 12 00 00 ff ca 12 00 00 ff cd 12 00 00 ff cb 12 00 00 ff c9 12 00 00 ff cc 12 00 00 ff ce 12 00 00 ff cb 12 00 00 ff ce 12 00 00 ff c9 12 00 e0 ff 
8e e9 0f 00 10 00 00 00 00 00 00 a2 c0 00 8f e9 0f 00 10 dc 05 a2 80 00 8e e9 0f 00 10 00 00 00 00 00 00 a2 80 00 8f e9 0f 00 10 dc 05 a2 c0 00 8e e9 0f 00 10 00 00 00 00 00 00 

ProtocolGame parse message exception (246 bytes, 42 unread, last opcode is 0x8e (142), prev opcode is 0x65 (101), proto: 860): InputMessage eof reached
f4 00 28 7d 36 7a ee 00 8c e8 0f 00 10 62 6d 7d 03 99 00 07 01 7d 03 98 00 07 
65 cb 12 00 00 ff cc 12 00 00 ff ca 12 00 00 ff cb 12 00 00 ff cd 12 00 00 ff cc 12 00 00 ff ca 12 00 00 ff ce 12 00 00 ff c9 12 00 00 ff c9 12 00 00 ff cb 12 00 00 ff c9 12 00 00 ff ca 12 00 00 ff ca 12 00 00 ff cd 12 00 00 ff c9 12 00 00 ff c9 12 00 00 ff c9 12 00 00 ff c9 12 00 00 ff ca 12 00 00 ff ca 12 00 00 ff c9 12 00 00 ff ce 12 00 00 ff c9 12 00 00 ff ce 12 00 00 ff c9 12 00 00 ff c9 12 00 00 ff c9 12 00 00 ff ca 12 00 00 ff cb 12 00 00 ff cd 12 00 00 ff ca 12 00 e0 ff 
8e e9 0f 00 10 00 00 00 00 00 00 a2 c0 00 8f e9 0f 00 10 dc 05 a2 80 00 8e e9 0f 00 10 00 00 00 00 00 00 a2 80 00 8f e9 0f 00 10 dc 05 a2 c0 00 8e e9 0f 00 10 00 00 00 00 00 00 

ProtocolGame parse message exception (240 bytes, 42 unread, last opcode is 0x8e (142), prev opcode is 0x65 (101), proto: 860): InputMessage eof reached
f4 00 ef 75 1e 1d e8 00 6d 7d 03 98 00 07 01 7d 03 97 00 07 
65 c9 12 00 00 ff c9 12 00 00 ff cb 12 00 00 ff ce 12 00 00 ff c9 12 00 00 ff c9 12 00 00 ff ce 12 00 00 ff ce 12 00 00 ff c9 12 00 00 ff ca 12 00 00 ff cd 12 00 00 ff c9 12 00 00 ff cc 12 00 00 ff cb 12 00 00 ff ca 12 00 00 ff c9 12 00 00 ff cd 12 00 00 ff c9 12 00 00 ff c9 12 00 00 ff c9 12 00 00 ff ce 12 00 00 ff ce 12 00 00 ff cb 12 00 00 ff c9 12 00 00 ff ca 12 00 00 ff cb 12 00 00 ff c9 12 00 00 ff cc 12 00 00 ff ce 12 00 00 ff c9 12 00 00 ff cc 12 00 00 ff c9 12 00 e0 ff 
8e e9 0f 00 10 00 00 00 00 00 00 a2 c0 00 8f e9 0f 00 10 dc 05 a2 80 00 8e e9 0f 00 10 00 00 00 00 00 00 a2 80 00 8f e9 0f 00 10 dc 05 a2 c0 00 8e e9 0f 00 10 00 00 00 00 00 00 

ProtocolGame parse message exception (240 bytes, 42 unread, last opcode is 0x8e (142), prev opcode is 0x65 (101), proto: 860): InputMessage eof reached
f4 00 47 78 77 95 e8 00 6d 7d 03 97 00 07 01 7d 03 96 00 07 
65 ce 12 00 00 ff ce 12 00 00 ff c9 12 00 00 ff c9 12 00 00 ff cb 12 00 00 ff ca 12 00 00 ff cb 12 00 00 ff cb 12 00 00 ff cb 12 00 00 ff cc 12 00 00 ff cb 12 00 00 ff cc 12 00 00 ff ca 12 00 00 ff c9 12 00 00 ff cc 12 00 00 ff c9 12 00 00 ff c9 12 00 00 ff cd 12 00 00 ff c9 12 00 00 ff ca 12 00 00 ff ce 12 00 00 ff c9 12 00 00 ff c9 12 00 00 ff cb 12 00 00 ff cb 12 00 00 ff c9 12 00 00 ff ce 12 00 00 ff cb 12 00 00 ff c9 12 00 00 ff c9 12 00 00 ff ca 12 00 00 ff ce 12 00 e0 ff 
8e e9 0f 00 10 00 00 00 00 00 00 a2 c0 00 8f e9 0f 00 10 dc 05 a2 80 00 8e e9 0f 00 10 00 00 00 00 00 00 a2 80 00 8f e9 0f 00 10 dc 05 a2 c0 00 8e e9 0f 00 10 00 00 00 00 00 00 

ProtocolGame parse message exception (240 bytes, 42 unread, last opcode is 0x8e (142), prev opcode is 0x65 (101), proto: 860): InputMessage eof reached
f4 00 21 78 21 7b e8 00 6d 7d 03 96 00 07 01 7d 03 95 00 07 
65 cd 12 00 00 ff c9 12 00 00 ff c9 12 00 00 ff c9 12 00 00 ff ce 12 00 00 ff c9 12 00 00 ff cd 12 00 00 ff c9 12 00 00 ff c9 12 00 00 ff ca 12 00 00 ff cd 12 00 00 ff ca 12 00 00 ff ca 12 00 00 ff ca 12 00 00 ff c9 12 00 00 ff c9 12 00 00 ff cc 12 00 00 ff cb 12 00 00 ff c9 12 00 00 ff c9 12 00 00 ff ca 12 00 00 ff c9 12 00 00 ff c9 12 00 00 ff cd 12 00 00 ff cc 12 00 00 ff ce 12 00 00 ff ce 12 00 00 ff ca 12 00 00 ff ce 12 00 00 ff c9 12 00 00 ff cb 12 00 00 ff cd 12 00 e0 ff 
8e e9 0f 00 10 00 00 00 00 00 00 a2 c0 00 8f e9 0f 00 10 dc 05 a2 80 00 8e e9 0f 00 10 00 00 00 00 00 00 a2 80 00 8f e9 0f 00 10 dc 05 a2 c0 00 8e e9 0f 00 10 00 00 00 00 00 00 

ProtocolGame parse message exception (240 bytes, 42 unread, last opcode is 0x8e (142), prev opcode is 0x65 (101), proto: 860): InputMessage eof reached
f4 00 6b 79 2f 2d e8 00 6d 7d 03 95 00 07 01 7d 03 94 00 07 
65 ce 12 00 00 ff cb 12 00 00 ff cc 12 00 00 ff c9 12 00 00 ff c9 12 00 00 ff cc 12 00 00 ff ca 12 00 00 ff ca 12 00 00 ff ce 12 00 00 ff c9 12 00 00 ff cb 12 00 00 ff ca 12 00 00 ff cb 12 00 00 ff c9 12 00 00 ff cb 12 00 00 ff cd 12 00 00 ff cb 12 00 00 ff cc 12 00 00 ff c9 12 00 00 ff cd 12 00 00 ff cd 12 00 00 ff cb 12 00 00 ff c9 12 00 00 ff ce 12 00 00 ff cd 12 00 00 ff ca 12 00 00 ff cb 12 00 00 ff cb 12 00 00 ff c9 12 00 00 ff c9 12 00 00 ff cd 12 00 00 ff cd 12 00 e0 ff 
8e e9 0f 00 10 00 00 00 00 00 00 a2 c0 00 8f e9 0f 00 10 dc 05 a2 80 00 8e e9 0f 00 10 00 00 00 00 00 00 a2 80 00 8f e9 0f 00 10 dc 05 a2 c0 00 8e e9 0f 00 10 00 00 00 00 00 00 

ProtocolGame parse message exception (240 bytes, 42 unread, last opcode is 0x8e (142), prev opcode is 0x65 (101), proto: 860): InputMessage eof reached
f4 00 4c 77 31 8f e8 00 6d 7d 03 94 00 07 01 7d 03 93 00 07 
65 c9 12 00 00 ff cd 12 00 00 ff cc 12 00 00 ff ce 12 00 00 ff c9 12 00 00 ff ca 12 00 00 ff cb 12 00 00 ff ca 12 00 00 ff cb 12 00 00 ff cd 12 00 00 ff ce 12 00 00 ff c9 12 00 00 ff cb 12 00 00 ff c9 12 00 00 ff c9 12 00 00 ff c9 12 00 00 ff cc 12 00 00 ff c9 12 00 00 ff ce 12 00 00 ff c9 12 00 00 ff ca 12 00 00 ff ce 12 00 00 ff c9 12 00 00 ff ca 12 00 00 ff c9 12 00 00 ff cb 12 00 00 ff cb 12 00 00 ff ce 12 00 00 ff ce 12 00 00 ff c9 12 00 00 ff ca 12 00 00 ff ca 12 00 e0 ff 
8e e9 0f 00 10 00 00 00 00 00 00 a2 c0 00 8f e9 0f 00 10 dc 05 a2 80 00 8e e9 0f 00 10 00 00 00 00 00 00 a2 80 00 8f e9 0f 00 10 dc 05 a2 c0 00 8e e9 0f 00 10 00 00 00 00 00 00 

ProtocolGame parse message exception (170 bytes, 42 unread, last opcode is 0x8e (142), prev opcode is 0x68 (104), proto: 860): InputMessage eof reached
ac 00 8a 55 64 41 a2 00 6d 7d 03 93 00 07 01 7c 03 93 00 07 
68 cc 12 00 00 ff c9 12 00 00 ff c9 12 00 00 ff c9 12 00 00 ff ca 12 00 00 ff c9 12 00 00 ff c9 12 00 00 ff cd 12 00 00 ff cc 12 00 00 ff ce 12 00 00 ff ce 12 00 00 ff cb 12 00 00 ff c9 12 00 00 ff ca 12 00 00 ff cc 12 00 00 ff ca 12 00 00 ff ca 12 00 00 ff ce 12 00 7e ff 
8e e9 0f 00 10 00 00 00 00 00 00 a2 c0 00 8f e9 0f 00 10 dc 05 a2 80 00 8e e9 0f 00 10 00 00 00 00 00 00 a2 80 00 8f e9 0f 00 10 dc 05 a2 c0 00 8e e9 0f 00 10 00 00 00 00 00 00 

ProtocolGame parse message exception (170 bytes, 42 unread, last opcode is 0x8e (142), prev opcode is 0x68 (104), proto: 860): InputMessage eof reached
ac 00 e0 51 6c c7 a2 00 6d 7c 03 93 00 07 01 7b 03 93 00 07 
68 c9 12 00 00 ff c9 12 00 00 ff c9 12 00 00 ff ce 12 00 00 ff c9 12 00 00 ff ca 12 00 00 ff c9 12 00 00 ff cc 12 00 00 ff cd 12 00 00 ff ce 12 00 00 ff c9 12 00 00 ff ca 12 00 00 ff c9 12 00 00 ff ce 12 00 00 ff ce 12 00 00 ff cc 12 00 00 ff cd 12 00 00 ff ce 12 00 7e ff 
8e e9 0f 00 10 00 00 00 00 00 00 a2 c0 00 8f e9 0f 00 10 dc 05 a2 80 00 8e e9 0f 00 10 00 00 00 00 00 00 a2 80 00 8f e9 0f 00 10 dc 05 a2 c0 00 8e e9 0f 00 10 00 00 00 00 00 00 

ProtocolGame parse message exception (170 bytes, 42 unread, last opcode is 0x8e (142), prev opcode is 0x68 (104), proto: 860): InputMessage eof reached
ac 00 39 59 94 61 a2 00 6d 7b 03 93 00 07 01 7a 03 93 00 07 
68 c9 12 00 00 ff ca 12 00 00 ff c9 12 00 00 ff c9 12 00 00 ff c9 12 00 00 ff cb 12 00 00 ff cb 12 00 00 ff ca 12 00 00 ff c9 12 00 00 ff ce 12 00 00 ff ca 12 00 00 ff ca 12 00 00 ff ce 12 00 00 ff cc 12 00 00 ff cd 12 00 00 ff cc 12 00 00 ff c9 12 00 00 ff cb 12 00 7e ff 
8e e9 0f 00 10 00 00 00 00 00 00 a2 c0 00 8f e9 0f 00 10 dc 05 a2 80 00 8e e9 0f 00 10 00 00 00 00 00 00 a2 80 00 8f e9 0f 00 10 dc 05 a2 c0 00 8e e9 0f 00 10 00 00 00 00 00 00 

ProtocolGame parse message exception (170 bytes, 42 unread, last opcode is 0x8e (142), prev opcode is 0x66 (102), proto: 860): InputMessage eof reached
ac 00 28 59 5c ef a2 00 6d 7a 03 93 00 07 01 7b 03 93 00 07 
66 c9 12 00 00 ff c9 12 00 00 ff c9 12 00 00 ff c9 12 00 00 ff c9 12 00 00 ff cb 12 00 00 ff cb 12 00 00 ff c9 12 00 00 ff c9 12 00 00 ff c9 12 00 00 ff ca 12 00 00 ff cd 12 00 00 ff cc 12 00 00 ff c9 12 00 00 ff cd 12 00 00 ff cb 12 00 00 ff cb 12 00 00 ff c9 12 00 7e ff 
8e e9 0f 00 10 00 00 00 00 00 00 a2 c0 00 8f e9 0f 00 10 dc 05 a2 80 00 8e e9 0f 00 10 00 00 00 00 00 00 a2 80 00 8f e9 0f 00 10 dc 05 a2 c0 00 8e e9 0f 00 10 00 00 00 00 00 00 

ProtocolGame parse message exception (378 bytes, 42 unread, last opcode is 0x8e (142), prev opcode is 0x66 (102), proto: 860): InputMessage eof reached
7c 01 81 c2 da 42 72 01 6d 7b 03 93 00 07 01 7c 03 94 00 07 67 cc 12 00 00 ff c9 12 00 00 ff c9 12 00 00 ff cb 12 00 00 ff c9 12 00 00 ff c9 12 00 00 ff ca 12 00 00 ff cb 12 00 00 ff cc 12 00 00 ff c9 12 00 00 ff cd 12 00 00 ff ca 12 00 00 ff c9 12 00 00 ff c9 12 00 00 ff c9 12 00 00 ff ca 12 00 00 ff c9 12 00 00 ff cc 12 00 00 ff c9 12 00 00 ff c9 12 00 00 ff c9 12 00 00 ff c9 12 00 00 ff cc 12 00 00 ff ca 12 00 00 ff ce 12 00 00 ff cd 12 00 00 ff cc 12 00 00 ff c9 12 00 61 00 00 00 00 00 e7 0f 00 10 08 00 54 65 72 72 69 6e 68 61 61 02 42 05 00 00 00 00 00 00 00 00 00 00 00 00 00 00 00 7a 02 00 00 04 00 00 00 00 ff ce 12 00 00 ff cd 12 00 00 ff ca 12 00 00 ff cb 12 00 e0 ff 
66 cd 12 00 00 ff cb 12 00 00 ff ca 12 00 00 ff cc 12 00 00 ff cd 12 00 00 ff ce 12 00 00 ff ca 12 00 00 ff cb 12 00 00 ff cd 12 00 00 ff ce 12 00 00 ff cb 12 00 00 ff ce 12 00 00 ff c9 12 00 00 ff c9 12 00 00 ff c9 12 00 00 ff c9 12 00 00 ff c9 12 00 00 ff c9 12 00 7e ff 
8e e9 0f 00 10 00 00 00 00 00 00 a2 c0 00 8f e9 0f 00 10 dc 05 a2 80 00 8e e9 0f 00 10 00 00 00 00 00 00 a2 80 00 8f e9 0f 00 10 dc 05 a2 c0 00 8e e9 0f 00 10 00 00 00 00 00 00 

ProtocolGame parse message exception (340 bytes, 42 unread, last opcode is 0x8e (142), prev opcode is 0x66 (102), proto: 860): InputMessage eof reached
54 01 65 a8 ce 7f 4c 01 6d 7c 03 94 00 07 01 7d 03 95 00 07 67 cc 12 00 00 ff c9 12 00 00 ff c9 12 00 00 ff cc 12 00 00 ff c9 12 00 00 ff cd 12 00 00 ff ca 12 00 00 ff cd 12 00 00 ff c9 12 00 00 ff cb 12 00 00 ff ce 12 00 00 ff c9 12 00 00 ff cc 12 00 00 ff ce 12 00 00 ff cc 12 00 00 ff c9 12 00 00 ff c9 12 00 00 ff c9 12 00 00 ff cb 12 00 00 ff cc 12 00 00 ff ca 12 00 00 ff cd 12 00 00 ff cc 12 00 00 ff cd 12 00 00 ff cb 12 00 00 ff c9 12 00 00 ff ca 12 00 00 ff ce 12 00 00 ff ff 44 00 1d 12 00 00 ff ff 44 00 1e 12 00 00 ff c9 12 00 00 ff ce 12 00 e0 ff 
66 cd 12 00 00 ff ce 12 00 00 ff c9 12 00 00 ff ca 12 00 00 ff c9 12 00 00 ff c9 12 00 00 ff ca 12 00 00 ff c9 12 00 00 ff cb 12 00 00 ff c9 12 00 00 ff c9 12 00 00 ff cb 12 00 00 ff c9 12 00 00 ff ce 12 00 00 ff cd 12 00 00 ff cc 12 00 00 ff cc 12 00 00 ff ff 44 00 1d 12 00 7e ff 
8e e9 0f 00 10 00 00 00 00 00 00 a2 c0 00 8f e9 0f 00 10 dc 05 a2 80 00 8e e9 0f 00 10 00 00 00 00 00 00 a2 80 00 8f e9 0f 00 10 dc 05 a2 c0 00 8e e9 0f 00 10 00 00 00 00 00 00 

ProtocolGame parse message exception (267 bytes, 48 unread, last opcode is 0x8e (142), prev opcode is 0x67 (103), proto: 860): InputMessage eof reached
0c 01 18 80 69 b5 03 01 6d 7d 03 95 00 07 01 7d 03 96 00 07 
67 cc 12 00 00 ff c9 12 00 00 ff c9 12 00 00 ff c9 12 00 00 ff cd 12 00 00 ff c9 12 00 00 ff c9 12 00 00 ff ce 12 00 00 ff c9 12 00 00 ff c9 12 00 00 ff ce 12 00 00 ff ca 12 00 00 ff cb 12 00 00 ff ca 12 00 00 ff ce 12 00 00 ff c9 12 00 00 ff cb 12 00 00 ff cd 12 00 00 ff c9 12 00 00 ff ce 12 00 00 ff c9 12 00 00 ff cc 12 00 00 ff c9 12 00 00 ff cd 12 00 00 ff c9 12 00 00 ff ff 44 00 1d 12 00 00 ff ff 44 00 19 12 00 00 ff ff 44 00 21 12 00 00 ff ff 44 00 22 12 00 00 ff ff 44 00 19 12 00 00 ff ff 44 00 19 12 00 00 ff ff 44 00 21 12 00 e0 ff 
8e e9 0f 00 10 00 00 00 00 00 00 a2 c0 00 8f e9 0f 00 10 dc 05 a2 80 00 8e e9 0f 00 10 00 00 00 00 00 00 a2 80 00 8f e9 0f 00 10 dc 05 a2 c0 00 8e e9 0f 00 10 00 00 00 00 00 00 8c e7 0f 00 10 61 

ProtocolGame parse message exception (298 bytes, 42 unread, last opcode is 0x8e (142), prev opcode is 0x67 (103), proto: 860): InputMessage eof reached
2c 01 24 94 ac 9f 22 01 6d 7d 03 96 00 07 01 7d 03 97 00 07 
67 c9 12 00 00 ff cb 12 00 00 ff cd 12 00 00 ff cd 12 00 00 ff c9 12 00 00 ff ce 12 00 00 ff cc 12 00 00 ff cb 12 00 00 ff cc 12 00 00 ff c9 12 00 00 ff c9 12 00 00 ff c9 12 00 00 ff c9 12 00 00 ff ca 12 00 00 ff c9 12 00 00 ff c9 12 00 00 ff cb 12 00 00 ff cd 12 00 00 ff ce 12 00 00 ff cc 12 00 00 ff c9 12 00 00 ff ce 12 00 00 ff c9 12 00 61 00 00 00 00 00 e8 0f 00 10 07 00 41 67 75 69 6e 68 61 64 02 40 05 00 00 00 00 00 00 00 00 00 00 00 00 00 00 00 de 01 00 00 02 00 00 00 00 ff c9 12 00 00 ff ff 44 00 1d 12 00 00 ff ff 44 00 21 12 00 00 ff ff 44 00 38 0e 00 00 ff ff 44 00 00 ff ff 44 00 4a 18 00 00 ff ff 44 00 00 ff ff 44 00 00 ff ff 44 00 e0 ff 
8e e9 0f 00 10 00 00 00 00 00 00 a2 c0 00 8f e9 0f 00 10 dc 05 a2 80 00 8e e9 0f 00 10 00 00 00 00 00 00 a2 80 00 8f e9 0f 00 10 dc 05 a2 c0 00 8e e9 0f 00 10 00 00 00 00 00 00 

ProtocolGame parse message exception (252 bytes, 42 unread, last opcode is 0x8e (142), prev opcode is 0x67 (103), proto: 860): InputMessage eof reached
fc 00 07 7f c6 33 f4 00 6d 7d 03 97 00 07 01 7d 03 98 00 07 
67 ca 12 00 00 ff c9 12 00 00 ff c9 12 00 00 ff ce 12 00 00 ff c9 12 00 00 ff ce 12 00 00 ff cd 12 00 00 ff c9 12 00 00 ff c9 12 00 00 ff c9 12 00 00 ff c9 12 00 00 ff c9 12 00 00 ff c9 12 00 00 ff c9 12 00 00 ff c9 12 00 00 ff c9 12 00 00 ff cd 12 00 00 ff ca 12 00 00 ff c9 12 00 00 ff cc 12 00 00 ff c9 12 00 00 ff cc 12 00 00 ff c9 12 00 00 ff cd 12 00 00 ff ff 44 00 1c 12 00 00 ff ff 44 00 4a 18 00 00 ff ff 44 00 00 ff ff 44 00 4a 18 00 00 ff ff 44 00 00 ff ff 44 00 00 ff ff 44 00 00 ff 95 47 00 06 45 00 e0 ff 
8e e9 0f 00 10 00 00 00 00 00 00 a2 c0 00 8f e9 0f 00 10 dc 05 a2 80 00 8e e9 0f 00 10 00 00 00 00 00 00 a2 80 00 8f e9 0f 00 10 dc 05 a2 c0 00 8e e9 0f 00 10 00 00 00 00 00 00 

ProtocolGame parse message exception (267 bytes, 42 unread, last opcode is 0x8e (142), prev opcode is 0x67 (103), proto: 860): InputMessage eof reached
0c 01 b9 85 f6 45 03 01 6d 7d 03 98 00 07 01 7d 03 99 00 07 
67 ce 12 00 00 ff ca 12 00 00 ff c9 12 00 00 ff c9 12 00 00 ff cc 12 00 00 ff cc 12 00 00 ff c9 12 00 00 ff c9 12 00 00 ff ce 12 00 00 ff cb 12 00 00 ff cc 12 00 00 ff c9 12 00 00 ff c9 12 00 00 ff c9 12 00 00 ff cc 12 00 00 ff cd 12 00 00 ff c9 12 00 00 ff c9 12 00 00 ff c9 12 00 00 ff cb 12 00 00 ff ff 44 00 1d 12 00 00 ff ff 44 00 19 12 00 00 ff ff 44 00 19 12 00 00 ff ff 44 00 19 12 00 00 ff ff 44 00 21 12 00 00 ff 95 47 00 06 45 00 00 ff 95 47 00 07 45 00 00 ff ff 44 00 00 ff ff 44 00 00 ff ff 44 00 00 ff 95 47 00 06 45 00 00 ff 95 47 00 0b 45 00 e0 ff 
8e e9 0f 00 10 00 00 00 00 00 00 a2 c0 00 8f e9 0f 00 10 dc 05 a2 80 00 8e e9 0f 00 10 00 00 00 00 00 00 a2 80 00 8f e9 0f 00 10 dc 05 a2 c0 00 8e e9 0f 00 10 00 00 00 00 00 00 

ProtocolGame parse message exception (273 bytes, 42 unread, last opcode is 0x8e (142), prev opcode is 0x67 (103), proto: 860): InputMessage eof reached
14 01 21 8b 4d f6 09 01 6d 7d 03 99 00 07 01 7d 03 9a 00 07 
67 ff 44 00 1d 12 00 00 ff ff 44 00 1e 12 00 00 ff ce 12 00 00 ff ce 12 00 00 ff c9 12 00 00 ff c9 12 00 00 ff cc 12 00 00 ff cb 12 00 00 ff ca 12 00 00 ff cb 12 00 00 ff cb 12 00 00 ff ca 12 00 00 ff ca 12 00 00 ff cc 12 00 00 ff cb 12 00 00 ff cd 12 00 00 ff c9 12 00 00 ff ff 44 00 1d 12 00 00 ff ff 44 00 19 12 00 00 ff ff 44 00 19 12 00 00 ff ff 44 00 21 12 00 00 ff ff 44 00 00 ff ff 44 00 00 ff 95 47 00 06 45 00 00 ff 95 47 00 00 45 00 00 ff 95 47 00 0b 45 00 00 ff 95 47 00 02 45 00 00 ff ff 44 00 00 ff ff 44 00 00 ff ff 44 00 00 ff 95 47 00 03 45 00 00 ff 95 47 00 e0 ff 
8e e9 0f 00 10 00 00 00 00 00 00 a2 c0 00 8f e9 0f 00 10 dc 05 a2 80 00 8e e9 0f 00 10 00 00 00 00 00 00 a2 80 00 8f e9 0f 00 10 dc 05 a2 c0 00 8e e9 0f 00 10 00 00 00 00 00 00 

ProtocolGame parse message exception (297 bytes, 42 unread, last opcode is 0x8e (142), prev opcode is 0x67 (103), proto: 860): InputMessage eof reached
2c 01 87 91 aa 4d 21 01 6d 7d 03 9a 00 07 01 7d 03 9b 00 07 
67 ff 44 00 21 12 00 00 ff ff 44 00 22 12 00 af 06 00 00 ff ff 44 00 19 12 00 ac 06 00 00 ff ff 44 00 19 12 00 00 ff ff 44 00 1e 12 00 00 ff c9 12 00 00 ff cc 12 00 00 ff ff 44 00 1d 12 00 00 ff ff 44 00 19 12 00 00 ff ff 44 00 1e 12 00 00 ff cd 12 00 00 ff ce 12 00 00 ff c9 12 00 00 ff ca 12 00 00 ff cc 12 00 00 ff ff 44 00 1d 12 00 00 ff ff 44 00 19 12 00 38 0e 00 00 ff ff 44 00 21 12 00 00 ff ff 44 00 00 ff ff 44 00 00 ff ff 44 00 00 ff ff 44 00 00 ff ff 44 00 00 ff 95 47 00 03 45 00 00 ff 95 47 00 00 ff 95 47 00 08 45 00 00 ff 95 47 00 04 45 00 00 ff ff 44 00 00 ff ff 44 00 00 ff 95 47 00 06 45 00 00 ff 95 47 00 0b 45 00 00 ff 95 47 00 e0 ff 
8e e9 0f 00 10 00 00 00 00 00 00 a2 c0 00 8f e9 0f 00 10 dc 05 a2 80 00 8e e9 0f 00 10 00 00 00 00 00 00 a2 80 00 8f e9 0f 00 10 dc 05 a2 c0 00 8e e9 0f 00 10 00 00 00 00 00 00 

ProtocolGame parse message exception (324 bytes, 42 unread, last opcode is 0x8e (142), prev opcode is 0x67 (103), proto: 860): InputMessage eof reached
44 01 01 92 69 2d 3c 01 6d 7d 03 9b 00 07 01 7d 03 9c 00 07 
67 ff 44 00 af 06 00 00 ff ff 44 00 b0 06 00 00 ff ff 44 00 a9 06 00 00 ff ff 44 00 38 0e 00 00 ff ff 44 00 22 12 00 00 ff ff 44 00 19 12 00 00 ff ff 44 00 19 12 00 00 ff ff 44 00 21 12 00 00 ff ff 44 00 37 0e 00 00 ff ff 44 00 22 12 00 00 ff ff 44 00 1e 12 00 00 ff c9 12 00 00 ff ff 44 00 1d 12 00 00 ff ff 44 00 1e 12 00 00 ff cc 12 00 00 ff ff 44 00 1c 12 00 8b 47 00 00 ff ff 44 00 84 47 00 4a 18 00 00 ff ff 44 00 84 47 00 00 ff ff 44 00 84 47 00 00 ff ff 44 00 84 47 00 00 ff ff 44 00 84 47 00 00 ff ff 44 00 84 47 00 00 ff ff 44 00 8a 47 00 00 ff 95 47 00 03 45 00 00 ff 95 47 00 08 45 00 00 ff 95 47 00 04 45 00 00 ff ff 44 00 00 ff ff 44 00 00 ff 95 47 00 06 45 00 00 ff 95 47 00 0b 45 00 00 ff 95 47 00 00 ff 95 47 00 e0 ff 
8e e9 0f 00 10 00 00 00 00 00 00 a2 c0 00 8f e9 0f 00 10 dc 05 a2 80 00 8e e9 0f 00 10 00 00 00 00 00 00 a2 80 00 8f e9 0f 00 10 dc 05 a2 c0 00 8e e9 0f 00 10 00 00 00 00 00 00 

ProtocolGame parse message exception (315 bytes, 42 unread, last opcode is 0x8e (142), prev opcode is 0x67 (103), proto: 860): InputMessage eof reached
3c 01 97 9d dd de 33 01 6d 7d 03 9c 00 07 01 7d 03 9d 00 07 
67 ff 44 00 ae 06 00 00 ff ff 44 00 aa 06 00 41 07 00 00 ff ff 44 00 ad 06 00 00 ff ff 44 00 00 ff ff 44 00 00 ff ff 44 00 4a 18 00 00 ff ff 44 00 4a 18 00 00 ff ff 44 00 4a 18 00 00 ff ff 44 00 00 ff ff 44 00 00 ff ff 44 00 22 12 00 00 ff ff 44 00 19 12 00 00 ff ff 44 00 21 12 00 00 ff ff 44 00 22 12 00 00 ff ff 44 00 19 12 00 00 ff ff 44 00 21 12 00 83 47 00 00 ff 8c 47 00 00 ff 8c 47 00 00 ff 8c 47 00 00 ff 8c 47 00 00 ff 8c 47 00 00 ff 8c 47 00 00 ff ff 44 00 82 47 00 84 47 00 00 ff d6 03 00 63 11 00 60 11 00 05 45 00 84 47 00 00 ff d6 03 00 67 11 00 04 45 00 8a 47 00 00 ff ff 44 00 00 ff ff 44 00 00 ff ff 44 00 00 ff 95 47 00 05 45 00 00 ff 95 47 00 09 45 00 00 ff 95 47 00 00 ff 95 47 00 e0 ff 
8e e9 0f 00 10 00 00 00 00 00 00 a2 c0 00 8f e9 0f 00 10 dc 05 a2 80 00 8e e9 0f 00 10 00 00 00 00 00 00 a2 80 00 8f e9 0f 00 10 dc 05 a2 c0 00 8e e9 0f 00 10 00 00 00 00 00 00 

ProtocolGame parse message exception (286 bytes, 42 unread, last opcode is 0x8e (142), prev opcode is 0x67 (103), proto: 860): InputMessage eof reached
1c 01 c7 96 76 a2 16 01 6d 7d 03 9d 00 07 01 7d 03 9e 00 07 
67 ff 44 00 00 ff ff 44 00 00 ff ff 44 00 00 ff ff 44 00 00 ff ff 44 00 00 ff ff 44 00 00 ff ff 44 00 00 ff ff 44 00 00 ff ff 44 00 00 ff ff 44 00 00 ff ff 44 00 00 ff ff 44 00 00 ff ff 44 00 00 ff ff 44 00 00 ff ff 44 00 00 ff ff 44 00 83 47 00 00 ff 8c 47 00 00 ff 8c 47 00 00 ff 8c 47 00 00 ff 8c 47 00 00 ff 8c 47 00 00 ff 8c 47 00 00 ff 8c 47 00 00 ff 8c 47 00 00 ff ff 44 00 82 47 00 84 47 00 00 ff ff 44 00 84 47 00 00 ff ff 44 00 8a 47 00 00 ff ff 44 00 00 ff ff 44 00 00 ff 95 47 00 05 45 00 00 ff 95 47 00 09 45 00 00 ff 95 47 00 11 ff 8b 47 00 00 ff 84 47 00 00 ff 84 47 00 00 ff 84 47 00 00 ff 8a 47 00 ca ff 
8e e9 0f 00 10 00 00 00 00 00 00 a2 c0 00 8f e9 0f 00 10 dc 05 a2 80 00 8e e9 0f 00 10 00 00 00 00 00 00 a2 80 00 8f e9 0f 00 10 dc 05 a2 c0 00 8e e9 0f 00 10 00 00 00 00 00 00 

ProtocolGame parse message exception (315 bytes, 42 unread, last opcode is 0x8e (142), prev opcode is 0x67 (103), proto: 860): InputMessage eof reached
3c 01 2b a1 b3 9f 33 01 6d 7d 03 9e 00 07 01 7d 03 9f 00 07 
67 ff 44 00 00 ff ff 44 00 00 ff ff 44 00 00 ff ff 44 00 00 ff ff 44 00 00 ff ff 44 00 48 18 00 00 ff ff 44 00 49 18 00 00 ff ff 44 00 49 18 00 00 ff ff 44 00 37 0e 00 00 ff ff 44 00 00 ff ff 44 00 00 ff ff 44 00 00 ff ff 44 00 00 ff ff 44 00 00 ff ff 44 00 00 ff ff 44 00 83 47 00 00 ff 8c 47 00 00 ff 8c 47 00 00 ff 8c 47 00 00 ff 8c 47 00 00 ff 8c 47 00 00 ff 8c 47 00 00 ff 8c 47 00 00 ff 8c 47 00 00 ff 8c 47 00 00 ff 8c 47 00 00 ff d6 03 00 5d 11 00 06 45 00 82 47 00 84 47 00 00 ff 95 47 00 5d 11 00 00 45 00 8a 47 00 00 ff 95 47 00 07 45 00 00 ff ff 44 00 00 ff 95 47 00 03 45 00 00 ff 95 47 00 11 ff 83 47 00 00 ff 8c 47 00 00 ff 8c 47 00 00 ff 8c 47 00 00 ff 82 47 00 84 47 00 00 ff 8a 47 00 c9 ff 
8e e9 0f 00 10 00 00 00 00 00 00 a2 c0 00 8f e9 0f 00 10 dc 05 a2 80 00 8e e9 0f 00 10 00 00 00 00 00 00 a2 80 00 8f e9 0f 00 10 dc 05 a2 c0 00 8e e9 0f 00 10 00 00 00 00 00 00 

ProtocolGame parse message exception (450 bytes, 42 unread, last opcode is 0x8e (142), prev opcode is 0x66 (102), proto: 860): InputMessage eof reached
c4 01 19 ed 07 87 ba 01 6d 7d 03 9f 00 07 01 7e 03 a0 00 07 67 ff 44 00 af 06 00 00 ff ff 44 00 a8 06 00 00 ff ff 44 00 ac 06 00 00 ff ff 44 00 00 ff ff 44 00 00 ff ff 44 00 00 ff ff 44 00 4a 18 00 00 ff ff 44 00 00 ff ff 44 00 00 ff ff 44 00 49 18 00 00 ff ff 44 00 00 ff ff 44 00 3d 0e 00 00 ff ff 44 00 00 ff ff 44 00 00 ff ff 44 00 00 ff ff 44 00 83 47 00 00 ff 8c 47 00 00 ff 8c 47 00 00 ff 8c 47 00 00 ff 8c 47 00 00 ff 8c 47 00 00 ff 8c 47 00 00 ff 8c 47 00 00 ff 8c 47 00 00 ff 8c 47 00 00 ff 8c 47 00 00 ff 8c 47 00 03 45 00 00 ff 95 47 00 82 47 00 84 47 00 00 ff 95 47 00 5e 11 00 02 45 00 8a 47 00 00 ff ff 44 00 00 ff 95 47 00 05 45 00 00 ff 95 47 00 09 45 00 11 ff 85 47 00 00 ff 81 47 00 00 ff 81 47 00 83 47 00 00 ff 8c 47 00 00 ff 8c 47 00 00 ff 82 47 00 84 47 00 00 ff 8b 47 00 8a 47 00 00 ff 84 47 00 00 ff 84 47 00 00 ff 8a 47 00 c5 ff 
66 cb 12 00 00 ff cc 12 00 00 ff c9 12 00 00 ff c9 12 00 00 ff ce 12 00 00 ff ff 44 00 1d 12 00 00 ff ff 44 00 21 12 00 00 ff ff 44 00 00 ff ff 44 00 00 ff 95 47 00 07 45 00 00 ff 95 47 00 0a 45 00 00 ff 95 47 00 00 ff 95 47 00 00 ff 95 47 00 00 ff 95 47 00 00 ff 95 47 00 00 ff 95 47 00 00 ff 95 47 00 08 45 00 7e ff 
8e e9 0f 00 10 00 00 00 00 00 00 a2 c0 00 8f e9 0f 00 10 dc 05 a2 80 00 8e e9 0f 00 10 00 00 00 00 00 00 a2 80 00 8f e9 0f 00 10 dc 05 a2 c0 00 8e e9 0f 00 10 00 00 00 00 00 00 

ProtocolGame parse message exception (483 bytes, 42 unread, last opcode is 0x8e (142), prev opcode is 0x66 (102), proto: 860): InputMessage eof reached
e4 01 a6 f1 82 81 db 01 6d 7e 03 a0 00 07 01 7f 03 a1 00 07 67 ff 44 00 a7 06 00 41 07 00 00 ff ff 44 00 b1 06 00 00 ff ff 44 00 ac 06 00 00 ff ff 44 00 00 ff ff 44 00 49 18 00 00 ff ff 44 00 38 0e 00 00 ff ff 44 00 00 ff ff 44 00 49 18 00 00 ff ff 44 00 00 ff ff 44 00 00 ff ff 44 00 4a 18 00 00 ff ff 44 00 4a 18 00 00 ff ff 44 00 00 ff ff 44 00 00 ff ff 44 00 83 47 00 00 ff 8c 47 00 00 ff 8c 47 00 00 ff 8c 47 00 00 ff 8c 47 00 00 ff 8c 47 00 00 ff 8c 47 00 00 ff 8c 47 00 00 ff 8c 47 00 06 45 00 00 ff 8c 47 00 00 45 00 00 ff 8c 47 00 00 45 00 00 ff 8c 47 00 0b 45 00 00 ff 8c 47 00 08 45 00 00 ff d6 03 00 5e 11 00 04 45 00 82 47 00 84 47 00 00 ff ff 44 00 84 47 00 00 ff ff 44 00 8a 47 00 00 ff 95 47 00 05 45 00 00 ff 95 47 00 04 45 00 12 ff 85 47 00 00 ff 81 47 00 83 47 00 00 ff 8c 47 00 00 ff 8c 47 00 00 ff 82 47 00 83 47 00 84 47 00 00 ff 8c 47 00 00 ff 8c 47 00 00 ff 82 47 00 84 47 00 00 ff 84 47 00 00 ff 8a 47 00 c4 ff 
66 c9 12 00 00 ff cb 12 00 00 ff c9 12 00 00 ff c9 12 00 00 ff ff 44 00 19 12 00 00 ff ff 44 00 00 ff ff 44 00 00 ff ff 44 00 00 ff ff 44 00 00 ff 95 47 00 07 45 00 00 ff 95 47 00 02 45 00 00 ff 95 47 00 02 45 00 00 ff 95 47 00 0a 45 00 00 ff 95 47 00 00 ff 95 47 00 00 ff 95 47 00 08 45 00 00 ff 95 47 00 04 45 00 00 ff ff 44 00 7e ff 
8e e9 0f 00 10 00 00 00 00 00 00 a2 c0 00 8f e9 0f 00 10 dc 05 a2 80 00 8e e9 0f 00 10 00 00 00 00 00 00 a2 80 00 8f e9 0f 00 10 dc 05 a2 c0 00 8e e9 0f 00 10 00 00 00 00 00 00 

ProtocolGame parse message exception (239 bytes, 42 unread, last opcode is 0x8e (142), prev opcode is 0x66 (102), proto: 860): InputMessage eof reached
f4 00 2e 78 5d 71 e7 00 6d 7f 03 a1 00 07 01 80 03 a1 00 07 
66 cd 12 00 00 ff ca 12 00 00 ff cd 12 00 00 ff ff 44 00 1d 12 00 61 00 00 00 00 00 45 10 00 40 0c 00 57 68 69 74 65 20 53 63 61 72 61 62 64 03 50 05 00 00 00 00 00 00 00 00 00 00 00 00 00 00 00 40 01 00 00 00 00 00 01 00 ff ff 44 00 21 12 00 00 ff ff 44 00 00 ff ff 44 00 00 ff ff 44 00 00 ff ff 44 00 00 ff ff 44 00 00 ff ff 44 00 00 ff ff 44 00 00 ff 95 47 00 07 45 00 00 ff 95 47 00 0a 45 00 00 ff 95 47 00 08 45 00 00 ff 95 47 00 04 45 00 00 ff ff 44 00 00 ff ff 44 00 7e ff 
8e e9 0f 00 10 00 00 00 00 00 00 a2 c0 00 8f e9 0f 00 10 dc 05 a2 80 00 8e e9 0f 00 10 00 00 00 00 00 00 a2 80 00 8f e9 0f 00 10 dc 05 a2 c0 00 8e e9 0f 00 10 00 00 00 00 00 00 

ProtocolGame parse message exception (182 bytes, 42 unread, last opcode is 0x8e (142), prev opcode is 0x66 (102), proto: 860): InputMessage eof reached
b4 00 22 59 18 2b ae 00 6d 80 03 a1 00 07 01 81 03 a1 00 07 
66 c9 12 00 00 ff cc 12 00 00 ff ce 12 00 00 ff ff 44 00 19 12 00 00 ff ff 44 00 00 ff ff 44 00 00 ff ff 44 00 00 ff ff 44 00 00 ff ff 44 00 3b 0e 00 00 ff ff 44 00 00 ff ff 44 00 00 ff ff 44 00 00 ff ff 44 00 00 ff 95 47 00 07 45 00 00 ff 95 47 00 04 45 00 00 ff ff 44 00 00 ff ff 44 00 00 ff ff 44 00 7e ff 
8e e9 0f 00 10 00 00 00 00 00 00 a2 c0 00 8f e9 0f 00 10 dc 05 a2 80 00 8e e9 0f 00 10 00 00 00 00 00 00 a2 80 00 8f e9 0f 00 10 dc 05 a2 c0 00 8e e9 0f 00 10 00 00 00 00 00 00 

ProtocolGame parse message exception (185 bytes, 42 unread, last opcode is 0x8e (142), prev opcode is 0x66 (102), proto: 860): InputMessage eof reached
bc 00 dd 62 cc 03 b1 00 6d 81 03 a1 00 07 01 82 03 a1 00 07 
66 cd 12 00 00 ff ce 12 00 00 ff c9 12 00 00 ff ff 44 00 19 12 00 00 ff ff 44 00 00 ff ff 44 00 00 ff ff 44 00 00 ff ff 44 00 00 ff ff 44 00 00 ff ff 44 00 af 06 00 00 ff ff 44 00 ab 06 00 00 ff ff 44 00 ae 06 00 38 0e 00 00 ff ff 44 00 00 ff ff 44 00 00 ff ff 44 00 00 ff ff 44 00 00 ff ff 44 00 00 ff ff 44 00 7e ff 
8e e9 0f 00 10 00 00 00 00 00 00 a2 c0 00 8f e9 0f 00 10 dc 05 a2 80 00 8e e9 0f 00 10 00 00 00 00 00 00 a2 80 00 8f e9 0f 00 10 dc 05 a2 c0 00 8e e9 0f 00 10 00 00 00 00 00 00 

ProtocolGame parse message exception (272 bytes, 117 unread, last opcode is 0x8e (142), prev opcode is 0x66 (102), proto: 860): InputMessage eof reached
14 01 0d 87 a4 d4 08 01 6d 82 03 a1 00 07 01 83 03 a1 00 07 
66 c9 12 00 00 ff c9 12 00 00 ff ce 12 00 00 ff ff 44 00 1e 12 00 00 ff ff 44 00 22 12 00 00 ff ff 44 00 00 ff ff 44 00 00 ff ff 44 00 00 ff ff 44 00 00 ff ff 44 00 a8 06 00 00 ff ff 44 00 a7 06 00 41 07 00 00 ff ff 44 00 b3 06 00 00 ff ff 44 00 ab 06 00 00 ff ff 44 00 ae 06 00 00 ff ff 44 00 00 ff ff 44 00 00 ff ff 44 00 00 ff 95 47 00 06 45 00 7e ff 
8e e9 0f 00 10 00 00 00 00 00 00 a2 c0 00 8f e9 0f 00 10 dc 05 a2 80 00 8e e9 0f 00 10 00 00 00 00 00 00 a2 80 00 8f e9 0f 00 10 dc 05 a2 c0 00 8e e9 0f 00 10 00 00 00 00 00 00 a0 92 40 92 40 40 42 0f 00 7a 74 82 6a dd 01 06 b0 09 d0 11 19 00 64 d8 09 a0 92 40 92 40 40 42 0f 00 7a 74 82 6a dd 01 06 b0 09 d0 11 19 00 64 d8 09 a0 92 40 92 40 40 42 0f 00 7a 74 82 6a dd 01 06 b0 09 d0 11 19 00 64 d8 09 

ProtocolGame parse message exception (194 bytes, 42 unread, last opcode is 0x8e (142), prev opcode is 0x66 (102), proto: 860): InputMessage eof reached
c4 00 57 60 f3 7e ba 00 6d 83 03 a1 00 07 01 84 03 a1 00 07 
66 c9 12 00 00 ff ca 12 00 00 ff cd 12 00 00 ff ce 12 00 00 ff ff 44 00 1e 12 00 00 ff ff 44 00 22 12 00 00 ff ff 44 00 00 ff ff 44 00 00 ff ff 44 00 00 ff ff 44 00 ac 06 00 00 ff ff 44 00 b1 06 00 00 ff ff 44 00 a7 06 00 00 ff ff 44 00 a7 06 00 00 ff ff 44 00 aa 06 00 00 ff ff 44 00 00 ff ff 44 00 00 ff ff 44 00 00 ff 95 47 00 00 45 00 7e ff 
8e e9 0f 00 10 00 00 00 00 00 00 a2 c0 00 8f e9 0f 00 10 dc 05 a2 80 00 8e e9 0f 00 10 00 00 00 00 00 00 a2 80 00 8f e9 0f 00 10 dc 05 a2 c0 00 8e e9 0f 00 10 00 00 00 00 00 00 

ProtocolGame parse message exception (251 bytes, 42 unread, last opcode is 0x8e (142), prev opcode is 0x66 (102), proto: 860): InputMessage eof reached
fc 00 fc 7d 02 88 f3 00 6d 84 03 a1 00 07 01 85 03 a1 00 07 
66 cb 12 00 00 ff ff 44 00 1d 12 00 00 ff ff 44 00 1f 12 00 00 ff c9 12 00 00 ff ce 12 00 00 ff ff 44 00 19 12 00 00 ff ff 44 00 00 ff ff 44 00 00 ff ff 44 00 00 ff ff 44 00 00 ff ff 44 00 ac 06 00 37 0e 00 00 ff ff 44 00 b1 06 00 00 ff ff 44 00 b2 06 00 00 ff ff 44 00 ad 06 00 61 00 00 00 00 00 4d 10 00 40 0c 00 57 68 69 74 65 20 53 63 61 72 61 62 64 02 50 05 00 00 00 00 00 00 00 00 00 00 00 00 00 00 00 40 01 00 00 00 00 00 01 00 ff ff 44 00 00 ff ff 44 00 00 ff ff 44 00 00 ff 95 47 00 07 45 00 4a 18 00 7e ff 
8e e9 0f 00 10 00 00 00 00 00 00 a2 c0 00 8f e9 0f 00 10 dc 05 a2 80 00 8e e9 0f 00 10 00 00 00 00 00 00 a2 80 00 8f e9 0f 00 10 dc 05 a2 c0 00 8e e9 0f 00 10 00 00 00 00 00 00 

ProtocolGame parse message exception (467 bytes, 7 unread, last opcode is 0x8e (142), prev opcode is 0x66 (102), proto: 860): InputMessage eof reached
d4 01 f3 e8 15 82 cb 01 6d 85 03 a1 00 07 01 86 03 a2 00 07 67 ff 44 00 00 ff ff 44 00 00 ff ff 44 00 00 ff ff 44 00 00 ff ff 44 00 00 ff ff 44 00 4a 18 00 00 ff ff 44 00 00 ff ff 44 00 85 47 00 00 ff ff 44 00 81 47 00 83 47 00 00 ff 8c 47 00 00 ff 8c 47 00 00 ff 8c 47 00 00 ff 8c 47 00 00 ff 8c 47 00 00 ff 8c 47 00 00 ff 8c 47 00 05 45 00 00 ff 8c 47 00 09 45 00 00 ff 8c 47 00 00 ff 8c 47 00 00 ff 8c 47 00 02 45 00 af 06 00 00 ff 8c 47 00 ac 06 00 00 ff 8c 47 00 00 ff ff 44 00 82 47 00 84 47 00 00 ff ff 44 00 84 47 00 00 ff ff 44 00 8a 47 00 00 ff ff 44 00 00 ff ff 44 00 00 ff ff 44 00 00 ff 95 47 00 06 45 00 00 ff 95 47 00 0b 45 00 00 ff 95 47 00 00 ff 95 47 00 0a 45 00 0c ff 85 47 00 00 ff 81 47 00 83 47 00 00 ff 8c 47 00 00 ff 8c 47 00 00 ff 8c 47 00 00 ff 8c 47 00 00 ff 8c 47 00 00 ff 8c 47 00 00 ff 82 47 00 cb ff 
66 ff 44 00 21 12 00 00 ff ff 44 00 23 12 00 00 ff ff 44 00 1f 12 00 00 ff cd 12 00 00 ff ff 44 00 1e 12 00 00 ff ff 44 00 22 12 00 00 ff ff 44 00 00 ff ff 44 00 00 ff ff 44 00 00 ff ff 44 00 00 ff ff 44 00 ac 06 00 00 ff ff 44 00 ad 06 00 00 ff ff 44 00 00 ff ff 44 00 00 ff ff 44 00 00 ff ff 44 00 61 00 00 00 00 00 3d 10 00 40 0c 00 57 68 69 74 65 20 53 63 61 72 61 62 64 02 50 05 00 00 00 00 00 00 00 00 00 00 00 00 00 00 00 40 01 00 00 00 00 00 01 00 ff ff 44 00 00 ff 95 47 00 07 45 00 7e ff 
8e e9 0f 00 10 00 00 00 00 00 00 a2 c0 00 8f e9 0f 00 10 dc 05 a2 80 00 

ProtocolGame parse message exception (216 bytes, 18 unread, last opcode is 0x8e (142), prev opcode is 0x65 (101), proto: 860): InputMessage eof reached
dc 00 14 6e d2 43 d0 00 6d 8e 03 9d 00 07 02 8e 03 9c 00 07 
65 cb 12 00 00 ff c9 12 00 00 ff ca 12 00 00 ff ce 12 00 00 ff cb 12 00 00 ff cb 12 00 00 ff c9 12 00 00 ff c9 12 00 00 ff ce 12 00 00 ff ca 12 00 00 ff c9 12 00 00 ff cc 12 00 00 ff c9 12 00 00 ff cd 12 00 00 ff c9 12 00 00 ff cb 12 00 00 ff ca 12 00 00 ff c9 12 00 00 ff cd 12 00 00 ff c9 12 00 00 ff cd 12 00 00 ff c9 12 00 00 ff cc 12 00 00 ff c9 12 00 00 ff c9 12 00 00 ff cb 12 00 00 ff cb 12 00 00 ff c9 12 00 00 ff c9 12 00 00 ff cb 12 00 00 ff cd 12 00 00 ff ce 12 00 e0 ff 
8e e9 0f 00 10 00 00 00 00 00 00 a2 80 00 8f e9 0f 00 10 dc 05 a2 c0 00 8e e9 0f 00 10 00 00 00 00 00 00 

ProtocolGame parse message exception (337 bytes, 42 unread, last opcode is 0x8e (142), prev opcode is 0x68 (104), proto: 860): InputMessage eof reached
54 01 69 aa 83 63 49 01 6d 8e 03 9c 00 07 01 8d 03 9b 00 07 65 c9 12 00 00 ff ce 12 00 00 ff c9 12 00 00 ff c9 12 00 00 ff c9 12 00 00 ff ca 12 00 00 ff c9 12 00 00 ff ca 12 00 00 ff c9 12 00 00 ff c9 12 00 00 ff c9 12 00 00 ff cd 12 00 00 ff c9 12 00 00 ff cb 12 00 00 ff ca 12 00 00 ff ca 12 00 00 ff c9 12 00 00 ff cd 12 00 00 ff ce 12 00 00 ff c9 12 00 00 ff cc 12 00 00 ff cd 12 00 00 ff ce 12 00 00 ff ca 12 00 00 ff cb 12 00 00 ff cb 12 00 00 ff ce 12 00 00 ff ca 12 00 00 ff c9 12 00 00 ff ce 12 00 00 ff cd 12 00 00 ff c9 12 00 e0 ff 
68 c9 12 00 00 ff c9 12 00 00 ff cb 12 00 00 ff cc 12 00 00 ff c9 12 00 00 ff c9 12 00 00 ff cb 12 00 00 ff c9 12 00 00 ff ca 12 00 00 ff cb 12 00 00 ff c9 12 00 00 ff c9 12 00 00 ff cb 12 00 00 ff cb 12 00 00 ff cd 12 00 00 ff c9 12 00 00 ff c9 12 00 00 ff ff 44 00 19 12 00 38 0e 00 7e ff 
8e e9 0f 00 10 00 00 00 00 00 00 a2 c0 00 8f e9 0f 00 10 dc 05 a2 80 00 8e e9 0f 00 10 00 00 00 00 00 00 a2 80 00 8f e9 0f 00 10 dc 05 a2 c0 00 8e e9 0f 00 10 00 00 00 00 00 00 

ProtocolGame parse message exception (173 bytes, 42 unread, last opcode is 0x8e (142), prev opcode is 0x68 (104), proto: 860): InputMessage eof reached
ac 00 a6 54 85 a5 a5 00 6d 8d 03 9b 00 07 01 8c 03 9b 00 07 
68 cb 12 00 00 ff cd 12 00 00 ff c9 12 00 00 ff c9 12 00 00 ff c9 12 00 00 ff c9 12 00 00 ff c9 12 00 00 ff cd 12 00 00 ff cb 12 00 00 ff cc 12 00 00 ff cc 12 00 00 ff c9 12 00 00 ff c9 12 00 00 ff c9 12 00 00 ff c9 12 00 00 ff cd 12 00 00 ff cd 12 00 00 ff ff 44 00 1d 12 00 7e ff 
8e e9 0f 00 10 00 00 00 00 00 00 a2 c0 00 8f e9 0f 00 10 dc 05 a2 80 00 8e e9 0f 00 10 00 00 00 00 00 00 a2 80 00 8f e9 0f 00 10 dc 05 a2 c0 00 8e e9 0f 00 10 00 00 00 00 00 00 

ProtocolGame parse message exception (170 bytes, 42 unread, last opcode is 0x8e (142), prev opcode is 0x68 (104), proto: 860): InputMessage eof reached
ac 00 12 58 1c 69 a2 00 6d 8c 03 9b 00 07 01 8b 03 9b 00 07 
68 cd 12 00 00 ff c9 12 00 00 ff c9 12 00 00 ff c9 12 00 00 ff c9 12 00 00 ff cd 12 00 00 ff c9 12 00 00 ff cb 12 00 00 ff ca 12 00 00 ff c9 12 00 00 ff c9 12 00 00 ff c9 12 00 00 ff ce 12 00 00 ff c9 12 00 00 ff c9 12 00 00 ff cc 12 00 00 ff cb 12 00 00 ff cc 12 00 7e ff 
8e e9 0f 00 10 00 00 00 00 00 00 a2 c0 00 8f e9 0f 00 10 dc 05 a2 80 00 8e e9 0f 00 10 00 00 00 00 00 00 a2 80 00 8f e9 0f 00 10 dc 05 a2 c0 00 8e e9 0f 00 10 00 00 00 00 00 00 

ProtocolGame parse message exception (185 bytes, 42 unread, last opcode is 0x8e (142), prev opcode is 0x66 (102), proto: 860): InputMessage eof reached
bc 00 c7 62 f0 d4 b1 00 6d 8b 03 9b 00 07 01 8c 03 9b 00 07 
66 ce 12 00 00 ff cb 12 00 00 ff ce 12 00 00 ff c9 12 00 00 ff c9 12 00 00 ff ca 12 00 00 ff cc 12 00 00 ff ce 12 00 00 ff ff 44 00 19 12 00 00 ff ff 44 00 00 ff ff 44 00 00 ff ff 44 00 00 ff ff 44 00 00 ff ff 44 00 23 12 00 00 ff ff 44 00 1c 12 00 00 ff ff 44 00 21 12 00 00 ff ff 44 00 00 ff ff 44 00 a9 06 00 7e ff 
8e e9 0f 00 10 00 00 00 00 00 00 a2 c0 00 8f e9 0f 00 10 dc 05 a2 80 00 8e e9 0f 00 10 00 00 00 00 00 00 a2 80 00 8f e9 0f 00 10 dc 05 a2 c0 00 8e e9 0f 00 10 00 00 00 00 00 00 

ProtocolGame parse message exception (427 bytes, 42 unread, last opcode is 0x8e (142), prev opcode is 0x67 (103), proto: 860): InputMessage eof reached
ac 01 4c c5 04 0f a3 01 6d 90 03 9c 00 07 02 8f 03 9c 00 07 6c 8f 03 9c 00 07 01 6a 90 03 9c 00 07 02 62 00 45 10 00 40 64 03 50 05 00 00 00 00 00 00 00 00 00 00 00 00 00 00 00 40 01 00 00 00 00 01 6d 8c 03 9b 00 07 01 8c 03 9c 00 07 
67 ff 44 00 1c 12 00 8b 47 00 00 ff ff 44 00 84 47 00 4a 18 00 00 ff ff 44 00 84 47 00 00 ff ff 44 00 84 47 00 00 ff ff 44 00 84 47 00 00 ff ff 44 00 84 47 00 00 ff ff 44 00 84 47 00 00 ff ff 44 00 8a 47 00 00 ff 95 47 00 03 45 00 00 ff 95 47 00 08 45 00 00 ff 95 47 00 04 45 00 00 ff ff 44 00 00 ff ff 44 00 00 ff 95 47 00 06 45 00 00 ff 95 47 00 0b 45 00 00 ff 95 47 00 00 ff 95 47 00 00 ff 95 47 00 00 ff 95 47 00 0a 45 00 00 ff 95 47 00 07 45 00 00 ff ff 44 00 00 ff ff 44 00 00 ff ff 44 00 ab 06 00 00 ff ff 44 00 a7 06 00 00 ff ff 44 00 b2 06 00 00 ff ff 44 00 ad 06 00 00 ff ff 44 00 61 00 00 00 00 00 4b 10 00 40 0c 00 57 68 69 74 65 20 53 63 61 72 61 62 64 02 50 05 00 00 00 00 00 00 00 00 00 00 00 00 00 00 00 40 01 00 00 00 00 00 01 00 ff ff 44 00 00 ff ff 44 00 ab 06 00 42 07 00 00 ff ff 44 00 b2 06 00 00 ff ff 44 00 aa 06 00 00 ff ff 44 00 ad 06 00 e0 ff 
8e e9 0f 00 10 00 00 00 00 00 00 a2 c0 00 8f e9 0f 00 10 dc 05 a2 80 00 8e e9 0f 00 10 00 00 00 00 00 00 a2 80 00 8f e9 0f 00 10 dc 05 a2 c0 00 8e e9 0f 00 10 00 00 00 00 00 00 

ProtocolGame parse message exception (351 bytes, 42 unread, last opcode is 0x8e (142), prev opcode is 0x67 (103), proto: 860): InputMessage eof reached
64 01 12 b6 51 51 57 01 6d 8c 03 9c 00 07 01 8c 03 9d 00 07 
67 ff 44 00 21 12 00 83 47 00 00 ff 8c 47 00 00 ff 8c 47 00 00 ff 8c 47 00 00 ff 8c 47 00 00 ff 8c 47 00 00 ff 8c 47 00 00 ff ff 44 00 82 47 00 84 47 00 00 ff d6 03 00 63 11 00 60 11 00 05 45 00 84 47 00 00 ff d6 03 00 67 11 00 04 45 00 8a 47 00 00 ff ff 44 00 00 ff ff 44 00 00 ff ff 44 00 00 ff 95 47 00 05 45 00 00 ff 95 47 00 09 45 00 00 ff 95 47 00 00 ff 95 47 00 00 ff 95 47 00 00 ff 95 47 00 00 ff 95 47 00 0a 45 00 00 ff 95 47 00 07 45 00 00 ff ff 44 00 00 ff ff 44 00 ae 06 00 00 ff ff 44 00 aa 06 00 00 ff ff 44 00 ad 06 00 61 00 00 00 00 00 4d 10 00 40 0c 00 57 68 69 74 65 20 53 63 61 72 61 62 64 02 50 05 00 00 00 00 00 00 00 00 00 00 00 00 00 00 00 40 01 00 00 00 00 00 01 00 ff ff 44 00 00 ff ff 44 00 00 ff ff 44 00 00 ff ff 44 00 ae 06 00 00 ff ff 44 00 ad 06 00 00 ff ff 44 00 00 ff ff 44 00 e0 ff 
8e e9 0f 00 10 00 00 00 00 00 00 a2 c0 00 8f e9 0f 00 10 dc 05 a2 80 00 8e e9 0f 00 10 00 00 00 00 00 00 a2 80 00 8f e9 0f 00 10 dc 05 a2 c0 00 8e e9 0f 00 10 00 00 00 00 00 00 

ProtocolGame parse message exception (292 bytes, 42 unread, last opcode is 0x8e (142), prev opcode is 0x67 (103), proto: 860): InputMessage eof reached
24 01 75 93 10 95 1c 01 6d 8c 03 9d 00 07 01 8c 03 9e 00 07 
67 ff 44 00 83 47 00 00 ff 8c 47 00 00 ff 8c 47 00 00 ff 8c 47 00 00 ff 8c 47 00 00 ff 8c 47 00 00 ff 8c 47 00 00 ff 8c 47 00 00 ff 8c 47 00 00 ff ff 44 00 82 47 00 84 47 00 00 ff ff 44 00 84 47 00 00 ff ff 44 00 8a 47 00 00 ff ff 44 00 00 ff ff 44 00 00 ff 95 47 00 05 45 00 00 ff 95 47 00 09 45 00 00 ff 95 47 00 00 ff 95 47 00 00 ff 95 47 00 00 ff 95 47 00 08 45 00 00 ff 95 47 00 04 45 00 00 ff ff 44 00 00 ff ff 44 00 00 ff ff 44 00 00 ff ff 44 00 00 ff ff 44 00 00 ff ff 44 00 00 ff ff 44 00 00 ff ff 44 00 00 ff ff 44 00 00 ff ff 44 00 00 ff ff 44 00 02 ff 8b 47 00 00 ff 84 47 00 00 ff 84 47 00 00 ff 84 47 00 00 ff 8a 47 00 d9 ff 
8e e9 0f 00 10 00 00 00 00 00 00 a2 c0 00 8f e9 0f 00 10 dc 05 a2 80 00 8e e9 0f 00 10 00 00 00 00 00 00 a2 80 00 8f e9 0f 00 10 dc 05 a2 c0 00 8e e9 0f 00 10 00 00 00 00 00 00 

ProtocolGame parse message exception (331 bytes, 7 unread, last opcode is 0x8e (142), prev opcode is 0x67 (103), proto: 860): InputMessage eof reached
4c 01 11 a7 85 df 43 01 6d 8c 03 9e 00 07 01 8c 03 9f 00 07 
67 ff 44 00 83 47 00 00 ff 8c 47 00 00 ff 8c 47 00 00 ff 8c 47 00 00 ff 8c 47 00 00 ff 8c 47 00 00 ff 8c 47 00 00 ff 8c 47 00 00 ff 8c 47 00 00 ff 8c 47 00 00 ff 8c 47 00 00 ff d6 03 00 5d 11 00 06 45 00 82 47 00 84 47 00 00 ff 95 47 00 5d 11 00 00 45 00 8a 47 00 00 ff 95 47 00 07 45 00 00 ff ff 44 00 00 ff 95 47 00 03 45 00 00 ff 95 47 00 00 ff 95 47 00 00 ff 95 47 00 08 45 00 00 ff 95 47 00 04 45 00 00 ff ff 44 00 00 ff ff 44 00 00 ff ff 44 00 00 ff ff 44 00 00 ff ff 44 00 00 ff ff 44 00 00 ff ff 44 00 00 ff ff 44 00 61 00 00 00 00 00 3f 10 00 40 0c 00 57 68 69 74 65 20 53 63 61 72 61 62 64 02 50 05 00 00 00 00 00 00 00 00 00 00 00 00 00 00 00 40 01 00 00 00 00 00 01 00 ff ff 44 00 00 ff ff 44 00 00 ff ff 44 00 af 06 00 00 ff ff 44 00 ac 06 00 02 ff 83 47 00 00 ff 8c 47 00 00 ff 8c 47 00 00 ff 8c 47 00 00 ff 82 47 00 84 47 00 00 ff 8a 47 00 d8 ff 
8e e9 0f 00 10 00 00 00 00 00 00 a2 c0 00 8f e9 0f 00 10 dc 05 a2 80 00 

ProtocolGame parse message exception (216 bytes, 18 unread, last opcode is 0x8e (142), prev opcode is 0x65 (101), proto: 860): InputMessage eof reached
dc 00 e1 6a e7 3e d0 00 6d 81 03 a3 00 07 02 81 03 a2 00 07 
65 c9 12 00 00 ff c9 12 00 00 ff ca 12 00 00 ff c9 12 00 00 ff c9 12 00 00 ff cc 12 00 00 ff cc 12 00 00 ff c9 12 00 00 ff c9 12 00 00 ff c9 12 00 00 ff cb 12 00 00 ff cd 12 00 00 ff c9 12 00 00 ff ca 12 00 00 ff c9 12 00 00 ff c9 12 00 00 ff cd 12 00 00 ff ce 12 00 00 ff cd 12 00 00 ff c9 12 00 00 ff ca 12 00 00 ff cd 12 00 00 ff c9 12 00 00 ff cd 12 00 00 ff cc 12 00 00 ff cb 12 00 00 ff c9 12 00 00 ff ce 12 00 00 ff c9 12 00 00 ff cb 12 00 00 ff ca 12 00 00 ff cc 12 00 e0 ff 
8e e9 0f 00 10 00 00 00 00 00 00 a2 80 00 8f e9 0f 00 10 dc 05 a2 c0 00 8e e9 0f 00 10 00 00 00 00 00 00 

ProtocolGame parse message exception (240 bytes, 42 unread, last opcode is 0x8e (142), prev opcode is 0x65 (101), proto: 860): InputMessage eof reached
f4 00 21 79 a5 8f e8 00 6d 81 03 a2 00 07 01 81 03 a1 00 07 
65 cb 12 00 00 ff cb 12 00 00 ff cb 12 00 00 ff ce 12 00 00 ff cb 12 00 00 ff ce 12 00 00 ff c9 12 00 00 ff c9 12 00 00 ff cb 12 00 00 ff ca 12 00 00 ff c9 12 00 00 ff c9 12 00 00 ff cb 12 00 00 ff ca 12 00 00 ff ce 12 00 00 ff cc 12 00 00 ff ce 12 00 00 ff ce 12 00 00 ff c9 12 00 00 ff cc 12 00 00 ff c9 12 00 00 ff c9 12 00 00 ff c9 12 00 00 ff cd 12 00 00 ff cd 12 00 00 ff cd 12 00 00 ff c9 12 00 00 ff c9 12 00 00 ff cc 12 00 00 ff c9 12 00 00 ff cd 12 00 00 ff c9 12 00 e0 ff 
8e e9 0f 00 10 00 00 00 00 00 00 a2 c0 00 8f e9 0f 00 10 dc 05 a2 80 00 8e e9 0f 00 10 00 00 00 00 00 00 a2 80 00 8f e9 0f 00 10 dc 05 a2 c0 00 8e e9 0f 00 10 00 00 00 00 00 00 

ProtocolGame parse message exception (240 bytes, 42 unread, last opcode is 0x8e (142), prev opcode is 0x65 (101), proto: 860): InputMessage eof reached
f4 00 cb 7c 60 81 e8 00 6d 81 03 a1 00 07 01 81 03 a0 00 07 
65 c9 12 00 00 ff ca 12 00 00 ff c9 12 00 00 ff ce 12 00 00 ff ca 12 00 00 ff ce 12 00 00 ff cc 12 00 00 ff cb 12 00 00 ff c9 12 00 00 ff ca 12 00 00 ff cd 12 00 00 ff c9 12 00 00 ff c9 12 00 00 ff ce 12 00 00 ff ce 12 00 00 ff c9 12 00 00 ff c9 12 00 00 ff c9 12 00 00 ff c9 12 00 00 ff cc 12 00 00 ff cb 12 00 00 ff cd 12 00 00 ff cb 12 00 00 ff ca 12 00 00 ff c9 12 00 00 ff c9 12 00 00 ff c9 12 00 00 ff cb 12 00 00 ff cb 12 00 00 ff c9 12 00 00 ff ca 12 00 00 ff ca 12 00 e0 ff 
8e e9 0f 00 10 00 00 00 00 00 00 a2 c0 00 8f e9 0f 00 10 dc 05 a2 80 00 8e e9 0f 00 10 00 00 00 00 00 00 a2 80 00 8f e9 0f 00 10 dc 05 a2 c0 00 8e e9 0f 00 10 00 00 00 00 00 00 

ProtocolGame parse message exception (240 bytes, 42 unread, last opcode is 0x8e (142), prev opcode is 0x65 (101), proto: 860): InputMessage eof reached
f4 00 ad 7b db f0 e8 00 6d 81 03 a0 00 07 01 81 03 9f 00 07 
65 cb 12 00 00 ff c9 12 00 00 ff c9 12 00 00 ff cb 12 00 00 ff c9 12 00 00 ff c9 12 00 00 ff ce 12 00 00 ff ca 12 00 00 ff cd 12 00 00 ff c9 12 00 00 ff c9 12 00 00 ff c9 12 00 00 ff c9 12 00 00 ff cd 12 00 00 ff cb 12 00 00 ff ce 12 00 00 ff c9 12 00 00 ff c9 12 00 00 ff cd 12 00 00 ff ce 12 00 00 ff ca 12 00 00 ff cb 12 00 00 ff ce 12 00 00 ff cc 12 00 00 ff cc 12 00 00 ff cc 12 00 00 ff ce 12 00 00 ff c9 12 00 00 ff cc 12 00 00 ff c9 12 00 00 ff ca 12 00 00 ff cb 12 00 e0 ff 
8e e9 0f 00 10 00 00 00 00 00 00 a2 c0 00 8f e9 0f 00 10 dc 05 a2 80 00 8e e9 0f 00 10 00 00 00 00 00 00 a2 80 00 8f e9 0f 00 10 dc 05 a2 c0 00 8e e9 0f 00 10 00 00 00 00 00 00 

ProtocolGame parse message exception (240 bytes, 42 unread, last opcode is 0x8e (142), prev opcode is 0x65 (101), proto: 860): InputMessage eof reached
f4 00 79 72 6c 6f e8 00 6d 81 03 9f 00 07 01 81 03 9e 00 07 
65 cd 12 00 00 ff ca 12 00 00 ff cd 12 00 00 ff c9 12 00 00 ff ce 12 00 00 ff cd 12 00 00 ff cb 12 00 00 ff ca 12 00 00 ff cc 12 00 00 ff cd 12 00 00 ff c9 12 00 00 ff c9 12 00 00 ff cc 12 00 00 ff ce 12 00 00 ff ca 12 00 00 ff c9 12 00 00 ff cd 12 00 00 ff cb 12 00 00 ff c9 12 00 00 ff cd 12 00 00 ff cb 12 00 00 ff ca 12 00 00 ff c9 12 00 00 ff cb 12 00 00 ff cd 12 00 00 ff cd 12 00 00 ff cb 12 00 00 ff c9 12 00 00 ff c9 12 00 00 ff c9 12 00 00 ff cb 12 00 00 ff c9 12 00 e0 ff 
8e e9 0f 00 10 00 00 00 00 00 00 a2 c0 00 8f e9 0f 00 10 dc 05 a2 80 00 8e e9 0f 00 10 00 00 00 00 00 00 a2 80 00 8f e9 0f 00 10 dc 05 a2 c0 00 8e e9 0f 00 10 00 00 00 00 00 00 

ProtocolGame parse message exception (240 bytes, 42 unread, last opcode is 0x8e (142), prev opcode is 0x65 (101), proto: 860): InputMessage eof reached
f4 00 95 7b c4 f5 e8 00 6d 81 03 9e 00 07 01 81 03 9d 00 07 
65 c9 12 00 00 ff cd 12 00 00 ff c9 12 00 00 ff ca 12 00 00 ff c9 12 00 00 ff c9 12 00 00 ff ce 12 00 00 ff ca 12 00 00 ff c9 12 00 00 ff c9 12 00 00 ff c9 12 00 00 ff c9 12 00 00 ff cb 12 00 00 ff c9 12 00 00 ff c9 12 00 00 ff c9 12 00 00 ff cb 12 00 00 ff cd 12 00 00 ff c9 12 00 00 ff c9 12 00 00 ff ca 12 00 00 ff c9 12 00 00 ff cb 12 00 00 ff cb 12 00 00 ff cd 12 00 00 ff ca 12 00 00 ff ce 12 00 00 ff cb 12 00 00 ff cb 12 00 00 ff ce 12 00 00 ff cd 12 00 00 ff ca 12 00 e0 ff 
8e e9 0f 00 10 00 00 00 00 00 00 a2 c0 00 8f e9 0f 00 10 dc 05 a2 80 00 8e e9 0f 00 10 00 00 00 00 00 00 a2 80 00 8f e9 0f 00 10 dc 05 a2 c0 00 8e e9 0f 00 10 00 00 00 00 00 00 

ProtocolGame parse message exception (337 bytes, 42 unread, last opcode is 0x8e (142), prev opcode is 0x68 (104), proto: 860): InputMessage eof reached
54 01 c7 a5 b3 ea 49 01 6d 81 03 9d 00 07 01 80 03 9c 00 07 65 cc 12 00 00 ff ca 12 00 00 ff cd 12 00 00 ff c9 12 00 00 ff cd 12 00 00 ff c9 12 00 00 ff ce 12 00 00 ff cd 12 00 00 ff cd 12 00 00 ff c9 12 00 00 ff c9 12 00 00 ff cd 12 00 00 ff c9 12 00 00 ff cb 12 00 00 ff c9 12 00 00 ff ca 12 00 00 ff ce 12 00 00 ff cb 12 00 00 ff cb 12 00 00 ff c9 12 00 00 ff c9 12 00 00 ff ce 12 00 00 ff ca 12 00 00 ff c9 12 00 00 ff cc 12 00 00 ff c9 12 00 00 ff cd 12 00 00 ff c9 12 00 00 ff cb 12 00 00 ff ca 12 00 00 ff c9 12 00 00 ff cd 12 00 e0 ff 
68 cb 12 00 00 ff cc 12 00 00 ff c9 12 00 00 ff ca 12 00 00 ff c9 12 00 00 ff cd 12 00 00 ff c9 12 00 00 ff ca 12 00 00 ff c9 12 00 00 ff c9 12 00 00 ff c9 12 00 00 ff c9 12 00 00 ff cd 12 00 00 ff ce 12 00 00 ff c9 12 00 00 ff ce 12 00 00 ff ff 44 00 19 12 00 00 ff ff 44 00 38 0e 00 7e ff 
8e e9 0f 00 10 00 00 00 00 00 00 a2 c0 00 8f e9 0f 00 10 dc 05 a2 80 00 8e e9 0f 00 10 00 00 00 00 00 00 a2 80 00 8f e9 0f 00 10 dc 05 a2 c0 00 8e e9 0f 00 10 00 00 00 00 00 00 

ProtocolGame parse message exception (179 bytes, 42 unread, last opcode is 0x8e (142), prev opcode is 0x68 (104), proto: 860): InputMessage eof reached
b4 00 fa 5b 9d a0 ab 00 6d 80 03 9c 00 07 01 7f 03 9c 00 07 
68 c9 12 00 00 ff c9 12 00 00 ff cb 12 00 00 ff c9 12 00 00 ff cb 12 00 00 ff cc 12 00 00 ff c9 12 00 00 ff cd 12 00 00 ff cd 12 00 00 ff c9 12 00 00 ff cc 12 00 00 ff c9 12 00 00 ff cd 12 00 00 ff c9 12 00 00 ff c9 12 00 00 ff ce 12 00 00 ff ff 44 00 19 12 00 ac 06 00 00 ff ff 44 00 a9 06 00 7e ff 
8e e9 0f 00 10 00 00 00 00 00 00 a2 c0 00 8f e9 0f 00 10 dc 05 a2 80 00 8e e9 0f 00 10 00 00 00 00 00 00 a2 80 00 8f e9 0f 00 10 dc 05 a2 c0 00 8e e9 0f 00 10 00 00 00 00 00 00 

ProtocolGame parse message exception (182 bytes, 42 unread, last opcode is 0x8e (142), prev opcode is 0x68 (104), proto: 860): InputMessage eof reached
b4 00 f1 5c 81 3a ae 00 6d 7f 03 9c 00 07 01 7e 03 9c 00 07 
68 ce 12 00 00 ff c9 12 00 00 ff cc 12 00 00 ff cc 12 00 00 ff cd 12 00 00 ff cc 12 00 00 ff c9 12 00 00 ff c9 12 00 00 ff c9 12 00 00 ff cb 12 00 00 ff c9 12 00 00 ff c9 12 00 00 ff cb 12 00 00 ff c9 12 00 00 ff ca 12 00 00 ff ff 44 00 1e 12 00 00 ff ff 44 00 22 12 00 af 06 00 00 ff ff 44 00 b0 06 00 7e ff 
8e e9 0f 00 10 00 00 00 00 00 00 a2 c0 00 8f e9 0f 00 10 dc 05 a2 80 00 8e e9 0f 00 10 00 00 00 00 00 00 a2 80 00 8f e9 0f 00 10 dc 05 a2 c0 00 8e e9 0f 00 10 00 00 00 00 00 00 

ProtocolGame parse message exception (179 bytes, 42 unread, last opcode is 0x8e (142), prev opcode is 0x68 (104), proto: 860): InputMessage eof reached
b4 00 4b 59 81 f0 ab 00 6d 7e 03 9c 00 07 01 7d 03 9c 00 07 
68 ca 12 00 00 ff cb 12 00 00 ff cb 12 00 00 ff ce 12 00 00 ff ce 12 00 00 ff c9 12 00 00 ff c9 12 00 00 ff c9 12 00 00 ff cb 12 00 00 ff c9 12 00 00 ff c9 12 00 00 ff cc 12 00 00 ff c9 12 00 00 ff ca 12 00 00 ff ce 12 00 00 ff ff 44 00 1d 12 00 00 ff ff 44 00 21 12 00 00 ff ff 44 00 af 06 00 7e ff 
8e e9 0f 00 10 00 00 00 00 00 00 a2 c0 00 8f e9 0f 00 10 dc 05 a2 80 00 8e e9 0f 00 10 00 00 00 00 00 00 a2 80 00 8f e9 0f 00 10 dc 05 a2 c0 00 8e e9 0f 00 10 00 00 00 00 00 00 

ProtocolGame parse message exception (173 bytes, 42 unread, last opcode is 0x8e (142), prev opcode is 0x68 (104), proto: 860): InputMessage eof reached
ac 00 45 52 2b 56 a5 00 6d 7d 03 9c 00 07 01 7c 03 9c 00 07 
68 ce 12 00 00 ff ce 12 00 00 ff cb 12 00 00 ff c9 12 00 00 ff ca 12 00 00 ff cc 12 00 00 ff ca 12 00 00 ff ca 12 00 00 ff ce 12 00 00 ff c9 12 00 00 ff cc 12 00 00 ff c9 12 00 00 ff cb 12 00 00 ff c9 12 00 00 ff cd 12 00 00 ff c9 12 00 00 ff ff 44 00 19 12 00 00 ff ff 44 00 7e ff 
8e e9 0f 00 10 00 00 00 00 00 00 a2 c0 00 8f e9 0f 00 10 dc 05 a2 80 00 8e e9 0f 00 10 00 00 00 00 00 00 a2 80 00 8f e9 0f 00 10 dc 05 a2 c0 00 8e e9 0f 00 10 00 00 00 00 00 00 

ProtocolGame parse message exception (173 bytes, 42 unread, last opcode is 0x8e (142), prev opcode is 0x68 (104), proto: 860): InputMessage eof reached
ac 00 83 58 36 64 a5 00 6d 7c 03 9c 00 07 01 7b 03 9c 00 07 
68 ce 12 00 00 ff c9 12 00 00 ff ca 12 00 00 ff c9 12 00 00 ff ce 12 00 00 ff ce 12 00 00 ff cc 12 00 00 ff cd 12 00 00 ff ce 12 00 00 ff cc 12 00 00 ff c9 12 00 00 ff ca 12 00 00 ff c9 12 00 00 ff cd 12 00 00 ff c9 12 00 00 ff ce 12 00 00 ff ff 44 00 19 12 00 00 ff ff 44 00 7e ff 
8e e9 0f 00 10 00 00 00 00 00 00 a2 c0 00 8f e9 0f 00 10 dc 05 a2 80 00 8e e9 0f 00 10 00 00 00 00 00 00 a2 80 00 8f e9 0f 00 10 dc 05 a2 c0 00 8e e9 0f 00 10 00 00 00 00 00 00 

ProtocolGame parse message exception (176 bytes, 42 unread, last opcode is 0x8e (142), prev opcode is 0x68 (104), proto: 860): InputMessage eof reached
b4 00 d1 58 9d 5d a8 00 6d 7b 03 9c 00 07 01 7a 03 9c 00 07 
68 ce 12 00 00 ff ca 12 00 00 ff ca 12 00 00 ff ce 12 00 00 ff cc 12 00 00 ff cd 12 00 00 ff cc 12 00 00 ff c9 12 00 00 ff cb 12 00 00 ff ce 12 00 00 ff ca 12 00 00 ff c9 12 00 00 ff cb 12 00 00 ff cc 12 00 00 ff cb 12 00 00 ff c9 12 00 00 ff ff 44 00 1d 12 00 00 ff ff 44 00 21 12 00 7e ff 
8e e9 0f 00 10 00 00 00 00 00 00 a2 c0 00 8f e9 0f 00 10 dc 05 a2 80 00 8e e9 0f 00 10 00 00 00 00 00 00 a2 80 00 8f e9 0f 00 10 dc 05 a2 c0 00 8e e9 0f 00 10 00 00 00 00 00 00 

ProtocolGame parse message exception (412 bytes, 48 unread, last opcode is 0x8e (142), prev opcode is 0x68 (104), proto: 860): InputMessage eof reached
9c 01 b1 d1 88 c4 94 01 6d 7a 03 9c 00 07 01 79 03 9d 00 07 67 ff 44 00 00 ff ff 44 00 00 ff ff 44 00 00 ff ff 44 00 ae 06 00 00 ff ff 44 00 aa 06 00 41 07 00 00 ff ff 44 00 ad 06 00 00 ff ff 44 00 00 ff ff 44 00 00 ff ff 44 00 4a 18 00 00 ff ff 44 00 4a 18 00 00 ff ff 44 00 4a 18 00 00 ff ff 44 00 00 ff ff 44 00 00 ff ff 44 00 22 12 00 00 ff ff 44 00 19 12 00 00 ff ff 44 00 21 12 00 00 ff ff 44 00 22 12 00 00 ff ff 44 00 19 12 00 00 ff ff 44 00 21 12 00 83 47 00 00 ff 8c 47 00 00 ff 8c 47 00 00 ff 8c 47 00 00 ff 8c 47 00 00 ff 8c 47 00 00 ff 8c 47 00 00 ff ff 44 00 82 47 00 84 47 00 00 ff d6 03 00 63 11 00 60 11 00 05 45 00 84 47 00 00 ff d6 03 00 67 11 00 04 45 00 8a 47 00 00 ff ff 44 00 00 ff ff 44 00 00 ff ff 44 00 00 ff 95 47 00 05 45 00 e0 ff 
68 ca 12 00 00 ff c9 12 00 00 ff ce 12 00 00 ff c9 12 00 00 ff c9 12 00 00 ff ca 12 00 00 ff c9 12 00 00 ff cd 12 00 00 ff ca 12 00 00 ff c9 12 00 00 ff c9 12 00 00 ff c9 12 00 00 ff cd 12 00 00 ff ca 12 00 00 ff cd 12 00 00 ff ca 12 00 00 ff ff 44 00 19 12 00 00 ff ff 44 00 7e ff 
8e e9 0f 00 10 00 00 00 00 00 00 a2 c0 00 8f e9 0f 00 10 dc 05 a2 80 00 8e e9 0f 00 10 00 00 00 00 00 00 a2 80 00 8f e9 0f 00 10 dc 05 a2 c0 00 8e e9 0f 00 10 00 00 00 00 00 00 8c e7 0f 00 10 61 

ProtocolGame parse message exception (374 bytes, 42 unread, last opcode is 0x8e (142), prev opcode is 0x68 (104), proto: 860): InputMessage eof reached
74 01 8e b6 e4 72 6e 01 6d 79 03 9d 00 07 01 78 03 9e 00 07 67 ff 44 00 00 ff ff 44 00 00 ff ff 44 00 00 ff ff 44 00 00 ff ff 44 00 00 ff ff 44 00 00 ff ff 44 00 00 ff ff 44 00 00 ff ff 44 00 00 ff ff 44 00 00 ff ff 44 00 00 ff ff 44 00 00 ff ff 44 00 00 ff ff 44 00 00 ff ff 44 00 00 ff ff 44 00 00 ff ff 44 00 00 ff ff 44 00 00 ff ff 44 00 00 ff ff 44 00 83 47 00 00 ff 8c 47 00 00 ff 8c 47 00 00 ff 8c 47 00 00 ff 8c 47 00 00 ff 8c 47 00 00 ff 8c 47 00 00 ff 8c 47 00 00 ff 8c 47 00 00 ff ff 44 00 82 47 00 84 47 00 00 ff ff 44 00 84 47 00 00 ff ff 44 00 8a 47 00 00 ff ff 44 00 15 ff 8b 47 00 00 ff 84 47 00 00 ff 84 47 00 00 ff 84 47 00 00 ff 8a 47 00 c6 ff 
68 c9 12 00 00 ff c9 12 00 00 ff ce 12 00 00 ff c9 12 00 00 ff c9 12 00 00 ff cc 12 00 00 ff cc 12 00 00 ff c9 12 00 00 ff c9 12 00 00 ff c9 12 00 00 ff cd 12 00 00 ff c9 12 00 00 ff c9 12 00 00 ff ce 12 00 00 ff cb 12 00 00 ff ff 44 00 19 12 00 00 ff ff 44 00 00 ff ff 44 00 7e ff 
8e e9 0f 00 10 00 00 00 00 00 00 a2 c0 00 8f e9 0f 00 10 dc 05 a2 80 00 8e e9 0f 00 10 00 00 00 00 00 00 a2 80 00 8f e9 0f 00 10 dc 05 a2 c0 00 8e e9 0f 00 10 00 00 00 00 00 00 

ProtocolGame parse message exception (306 bytes, 42 unread, last opcode is 0x8e (142), prev opcode is 0x67 (103), proto: 860): InputMessage eof reached
34 01 0e a0 bb f3 2a 01 6d 78 03 9e 00 07 01 78 03 9f 00 07 
67 ff 44 00 00 ff 95 47 00 06 45 00 00 ff 95 47 00 07 45 00 00 ff ff 44 00 00 ff ff 44 00 00 ff ff 44 00 00 ff ff 44 00 00 ff ff 44 00 00 ff ff 44 00 00 ff ff 44 00 00 ff ff 44 00 48 18 00 00 ff ff 44 00 49 18 00 00 ff ff 44 00 49 18 00 00 ff ff 44 00 37 0e 00 00 ff ff 44 00 00 ff ff 44 00 00 ff ff 44 00 00 ff ff 44 00 00 ff ff 44 00 00 ff ff 44 00 00 ff ff 44 00 83 47 00 00 ff 8c 47 00 00 ff 8c 47 00 00 ff 8c 47 00 00 ff 8c 47 00 00 ff 8c 47 00 00 ff 8c 47 00 00 ff 8c 47 00 00 ff 8c 47 00 00 ff 8c 47 00 00 ff 8c 47 00 00 ff d6 03 00 5d 11 00 06 45 00 82 47 00 84 47 00 16 ff 83 47 00 00 ff 8c 47 00 00 ff 8c 47 00 00 ff 8c 47 00 00 ff 82 47 00 84 47 00 00 ff 8a 47 00 c4 ff 
8e e9 0f 00 10 00 00 00 00 00 00 a2 c0 00 8f e9 0f 00 10 dc 05 a2 80 00 8e e9 0f 00 10 00 00 00 00 00 00 a2 80 00 8f e9 0f 00 10 dc 05 a2 c0 00 8e e9 0f 00 10 00 00 00 00 00 00 

ProtocolGame parse message exception (335 bytes, 42 unread, last opcode is 0x8e (142), prev opcode is 0x67 (103), proto: 860): InputMessage eof reached
54 01 e0 a8 0e f2 47 01 6d 78 03 9f 00 07 01 78 03 a0 00 07 
67 95 47 00 06 45 00 00 ff 95 47 00 0b 45 00 00 ff 95 47 00 0a 45 00 00 ff 95 47 00 07 45 00 00 ff ff 44 00 00 ff ff 44 00 af 06 00 00 ff ff 44 00 a8 06 00 00 ff ff 44 00 ac 06 00 00 ff ff 44 00 00 ff ff 44 00 00 ff ff 44 00 00 ff ff 44 00 4a 18 00 00 ff ff 44 00 00 ff ff 44 00 00 ff ff 44 00 49 18 00 00 ff ff 44 00 00 ff ff 44 00 3d 0e 00 00 ff ff 44 00 00 ff ff 44 00 00 ff ff 44 00 00 ff ff 44 00 83 47 00 00 ff 8c 47 00 00 ff 8c 47 00 00 ff 8c 47 00 00 ff 8c 47 00 00 ff 8c 47 00 00 ff 8c 47 00 00 ff 8c 47 00 00 ff 8c 47 00 00 ff 8c 47 00 00 ff 8c 47 00 00 ff 8c 47 00 03 45 00 16 ff 85 47 00 00 ff 81 47 00 00 ff 81 47 00 83 47 00 00 ff 8c 47 00 00 ff 8c 47 00 00 ff 82 47 00 84 47 00 00 ff 8b 47 00 8a 47 00 00 ff 84 47 00 00 ff 84 47 00 00 ff 8a 47 00 c0 ff 
8e e9 0f 00 10 00 00 00 00 00 00 a2 c0 00 8f e9 0f 00 10 dc 05 a2 80 00 8e e9 0f 00 10 00 00 00 00 00 00 a2 80 00 8f e9 0f 00 10 dc 05 a2 c0 00 8e e9 0f 00 10 00 00 00 00 00 00 

ProtocolGame parse message exception (343 bytes, 42 unread, last opcode is 0x8e (142), prev opcode is 0x67 (103), proto: 860): InputMessage eof reached
5c 01 50 a7 ec c0 4f 01 6d 78 03 a0 00 07 01 78 03 a1 00 07 
67 95 47 00 0b 45 00 00 ff 95 47 00 00 ff 95 47 00 00 ff 95 47 00 02 45 00 00 ff ff 44 00 00 ff ff 44 00 ab 06 00 00 ff ff 44 00 a7 06 00 41 07 00 00 ff ff 44 00 b1 06 00 00 ff ff 44 00 ac 06 00 00 ff ff 44 00 00 ff ff 44 00 49 18 00 00 ff ff 44 00 38 0e 00 00 ff ff 44 00 00 ff ff 44 00 49 18 00 00 ff ff 44 00 00 ff ff 44 00 00 ff ff 44 00 4a 18 00 00 ff ff 44 00 4a 18 00 00 ff ff 44 00 00 ff ff 44 00 00 ff ff 44 00 83 47 00 00 ff 8c 47 00 00 ff 8c 47 00 00 ff 8c 47 00 00 ff 8c 47 00 00 ff 8c 47 00 00 ff 8c 47 00 00 ff 8c 47 00 00 ff 8c 47 00 06 45 00 00 ff 8c 47 00 00 45 00 00 ff 8c 47 00 00 45 00 00 ff 8c 47 00 0b 45 00 18 ff 85 47 00 00 ff 81 47 00 83 47 00 00 ff 8c 47 00 00 ff 8c 47 00 00 ff 82 47 00 83 47 00 84 47 00 00 ff 8c 47 00 00 ff 8c 47 00 00 ff 82 47 00 84 47 00 c0 ff 
8e e9 0f 00 10 00 00 00 00 00 00 a2 c0 00 8f e9 0f 00 10 dc 05 a2 80 00 8e e9 0f 00 10 00 00 00 00 00 00 a2 80 00 8f e9 0f 00 10 dc 05 a2 c0 00 8e e9 0f 00 10 00 00 00 00 00 00 

ProtocolGame parse message exception (326 bytes, 42 unread, last opcode is 0x8e (142), prev opcode is 0x67 (103), proto: 860): InputMessage eof reached
44 01 3f 9f d9 8d 3e 01 6d 78 03 a1 00 07 01 78 03 a2 00 07 
67 95 47 00 09 45 00 00 ff 95 47 00 00 ff 95 47 00 00 ff 95 47 00 0a 45 00 00 ff 95 47 00 07 45 00 00 ff ff 44 00 ae 06 00 00 ff ff 44 00 b3 06 00 00 ff ff 44 00 b2 06 00 00 ff ff 44 00 ad 06 00 00 ff ff 44 00 00 ff ff 44 00 4a 18 00 00 ff ff 44 00 48 18 00 00 ff ff 44 00 4a 18 00 00 ff ff 44 00 00 ff ff 44 00 00 ff ff 44 00 00 ff ff 44 00 00 ff ff 44 00 00 ff ff 44 00 4a 18 00 00 ff ff 44 00 00 ff ff 44 00 85 47 00 00 ff ff 44 00 81 47 00 83 47 00 00 ff 8c 47 00 00 ff 8c 47 00 00 ff 8c 47 00 00 ff 8c 47 00 00 ff 8c 47 00 00 ff 8c 47 00 00 ff 8c 47 00 05 45 00 00 ff 8c 47 00 09 45 00 00 ff 8c 47 00 00 ff 8c 47 00 19 ff 85 47 00 00 ff 81 47 00 83 47 00 00 ff 8c 47 00 00 ff 8c 47 00 00 ff 8c 47 00 00 ff 8c 47 00 00 ff 8c 47 00 c0 ff 
8e e9 0f 00 10 00 00 00 00 00 00 a2 c0 00 8f e9 0f 00 10 dc 05 a2 80 00 8e e9 0f 00 10 00 00 00 00 00 00 a2 80 00 8f e9 0f 00 10 dc 05 a2 c0 00 8e e9 0f 00 10 00 00 00 00 00 00 

ProtocolGame parse message exception (327 bytes, 42 unread, last opcode is 0x8e (142), prev opcode is 0x67 (103), proto: 860): InputMessage eof reached
4c 01 30 a3 9b c1 3f 01 6d 78 03 a2 00 07 01 78 03 a3 00 07 
67 95 47 00 05 45 00 00 ff 95 47 00 01 45 00 00 ff 95 47 00 09 45 00 00 ff 95 47 00 08 45 00 00 ff 95 47 00 04 45 00 00 ff ff 44 00 00 ff ff 44 00 ae 06 00 00 ff ff 44 00 ad 06 00 00 ff ff 44 00 00 ff ff 44 00 00 ff ff 44 00 48 18 00 00 ff ff 44 00 4a 18 00 00 ff ff 44 00 00 ff ff 44 00 49 18 00 00 ff ff 44 00 49 18 00 00 ff ff 44 00 00 ff ff 44 00 00 ff ff 44 00 00 ff ff 44 00 00 ff ff 44 00 00 ff ff 44 00 00 ff ff 44 00 85 47 00 00 ff ff 44 00 81 47 00 00 ff ff 44 00 81 47 00 83 47 00 00 ff 8c 47 00 00 ff 8c 47 00 00 ff 8c 47 00 00 ff 8c 47 00 00 ff 8c 47 00 00 ff 8c 47 00 03 45 00 00 ff 8c 47 00 00 ff 8c 47 00 08 45 00 af 06 00 1a ff 85 47 00 00 ff 81 47 00 83 47 00 00 ff 8c 47 00 00 ff 8c 47 00 00 ff 8c 47 00 00 ff 8c 47 00 c0 ff 
8e e9 0f 00 10 00 00 00 00 00 00 a2 c0 00 8f e9 0f 00 10 dc 05 a2 80 00 8e e9 0f 00 10 00 00 00 00 00 00 a2 80 00 8f e9 0f 00 10 dc 05 a2 c0 00 8e e9 0f 00 10 00 00 00 00 00 00 

ProtocolGame parse message exception (307 bytes, 42 unread, last opcode is 0x8e (142), prev opcode is 0x67 (103), proto: 860): InputMessage eof reached
34 01 5f 98 d0 77 2b 01 6d 78 03 a3 00 07 01 78 03 a4 00 07 
67 ff 44 00 00 ff ff 44 00 00 ff 95 47 00 05 45 00 00 ff 95 47 00 04 45 00 00 ff ff 44 00 00 ff ff 44 00 00 ff ff 44 00 00 ff ff 44 00 00 ff ff 44 00 00 ff ff 44 00 00 ff ff 44 00 00 ff ff 44 00 47 18 00 00 ff ff 44 00 3c 0e 00 00 ff ff 44 00 6d 0e 00 00 ff ff 44 00 00 ff ff 44 00 00 ff ff 44 00 00 ff ff 44 00 71 0e 00 00 ff ff 44 00 00 ff ff 44 00 00 ff ff 44 00 00 ff ff 44 00 00 ff ff 44 00 00 ff ff 44 00 85 47 00 00 ff ff 44 00 81 47 00 83 47 00 00 ff 8c 47 00 00 ff 8c 47 00 00 ff 8c 47 00 00 ff 8c 47 00 06 45 00 00 ff 8c 47 00 0b 45 00 00 ff 8c 47 00 08 45 00 00 ff 8c 47 00 04 45 00 ae 06 00 1b ff 83 47 00 00 ff 8c 47 00 00 ff 8c 47 00 00 ff 8c 47 00 00 ff 8c 47 00 c0 ff 
8e e9 0f 00 10 00 00 00 00 00 00 a2 c0 00 8f e9 0f 00 10 dc 05 a2 80 00 8e e9 0f 00 10 00 00 00 00 00 00 a2 80 00 8f e9 0f 00 10 dc 05 a2 c0 00 8e e9 0f 00 10 00 00 00 00 00 00 

ProtocolGame parse message exception (251 bytes, 7 unread, last opcode is 0x8e (142), prev opcode is 0x67 (103), proto: 860): InputMessage eof reached
fc 00 3b 83 36 c6 f3 00 6d 78 03 a4 00 07 01 78 03 a5 00 07 
67 ff 44 00 00 ff ff 44 00 00 ff ff 44 00 00 ff ff 44 00 00 ff ff 44 00 00 ff ff 44 00 00 ff ff 44 00 00 ff ff 44 00 00 ff ff 44 00 00 ff ff 44 00 00 ff ff 44 00 00 ff ff 44 00 00 ff ff 44 00 00 ff ff 44 00 00 ff ff 44 00 4a 18 00 00 ff ff 44 00 00 ff ff 44 00 49 18 00 00 ff ff 44 00 00 ff ff 44 00 00 ff ff 44 00 00 ff ff 44 00 00 ff ff 44 00 00 ff ff 44 00 00 ff ff 44 00 00 ff ff 44 00 83 47 00 00 ff 8c 47 00 00 ff 8c 47 00 00 ff 8c 47 00 06 45 00 00 ff 8c 47 00 0b 45 00 00 ff 8c 47 00 00 ff 8c 47 00 02 45 00 00 ff 8c 47 00 1b ff 85 47 00 00 ff 81 47 00 83 47 00 00 ff 8c 47 00 00 ff 8c 47 00 00 ff 8c 47 00 c0 ff 
8e e9 0f 00 10 00 00 00 00 00 00 a2 c0 00 8f e9 0f 00 10 dc 05 a2 80 00 

ProtocolGame parse message exception (292 bytes, 94 unread, last opcode is 0x8e (142), prev opcode is 0x65 (101), proto: 860): InputMessage eof reached
24 01 78 93 2d bd 1c 01 6d 78 03 a5 00 07 02 78 03 a4 00 07 
65 cc 12 00 00 ff cd 12 00 00 ff cb 12 00 00 ff ce 12 00 00 ff ce 12 00 00 ff cb 12 00 00 ff c9 12 00 00 ff cd 12 00 00 ff c9 12 00 00 ff ce 12 00 00 ff cc 12 00 00 ff c9 12 00 00 ff cb 12 00 00 ff c9 12 00 00 ff cc 12 00 00 ff ca 12 00 00 ff cd 12 00 00 ff cd 12 00 00 ff c9 12 00 00 ff c9 12 00 00 ff cc 12 00 00 ff cb 12 00 00 ff c9 12 00 00 ff c9 12 00 00 ff c9 12 00 00 ff ce 12 00 00 ff cc 12 00 00 ff c9 12 00 00 ff c9 12 00 00 ff c9 12 00 00 ff cc 12 00 00 ff cb 12 00 e0 ff 
8e e9 0f 00 10 00 00 00 00 00 00 a2 80 00 8f e9 0f 00 10 dc 05 a2 c0 00 8e e9 0f 00 10 00 00 00 00 00 00 a0 92 40 92 40 40 42 0f 00 7a 74 82 6a dd 01 06 b0 09 d0 11 19 00 64 d8 09 a0 92 40 92 40 40 42 0f 00 7a 74 82 6a dd 01 06 b0 09 d0 11 19 00 64 d8 09 a0 92 40 92 40 40 42 0f 00 7a 74 82 6a dd 01 06 b0 09 d0 11 19 00 64 d8 09 1d 

ProtocolGame parse message exception (240 bytes, 42 unread, last opcode is 0x8e (142), prev opcode is 0x65 (101), proto: 860): InputMessage eof reached
f4 00 9d 75 64 bf e8 00 6d 78 03 a4 00 07 01 78 03 a3 00 07 
65 cc 12 00 00 ff c9 12 00 00 ff c9 12 00 00 ff cd 12 00 00 ff ca 12 00 00 ff c9 12 00 00 ff c9 12 00 00 ff cd 12 00 00 ff ca 12 00 00 ff cb 12 00 00 ff cb 12 00 00 ff c9 12 00 00 ff cb 12 00 00 ff ca 12 00 00 ff cc 12 00 00 ff c9 12 00 00 ff ca 12 00 00 ff cd 12 00 00 ff ce 12 00 00 ff ca 12 00 00 ff cb 12 00 00 ff ca 12 00 00 ff c9 12 00 00 ff ce 12 00 00 ff cb 12 00 00 ff ca 12 00 00 ff ce 12 00 00 ff c9 12 00 00 ff ca 12 00 00 ff ca 12 00 00 ff c9 12 00 00 ff cc 12 00 e0 ff 
8e e9 0f 00 10 00 00 00 00 00 00 a2 c0 00 8f e9 0f 00 10 dc 05 a2 80 00 8e e9 0f 00 10 00 00 00 00 00 00 a2 80 00 8f e9 0f 00 10 dc 05 a2 c0 00 8e e9 0f 00 10 00 00 00 00 00 00 

ProtocolGame parse message exception (374 bytes, 42 unread, last opcode is 0x8e (142), prev opcode is 0x66 (102), proto: 860): InputMessage eof reached
74 01 e6 b7 99 a0 6e 01 6d 78 03 a3 00 07 01 79 03 a2 00 07 65 c9 12 00 00 ff ca 12 00 00 ff cc 12 00 00 ff cc 12 00 00 ff ca 12 00 00 ff c9 12 00 00 ff c9 12 00 00 ff c9 12 00 00 ff c9 12 00 00 ff c9 12 00 00 ff c9 12 00 00 ff ca 12 00 00 ff c9 12 00 00 ff c9 12 00 00 ff cc 12 00 00 ff cc 12 00 00 ff c9 12 00 00 ff c9 12 00 00 ff c9 12 00 00 ff cb 12 00 00 ff cd 12 00 00 ff c9 12 00 00 ff ca 12 00 00 ff c9 12 00 00 ff c9 12 00 00 ff cd 12 00 00 ff ce 12 00 00 ff cd 12 00 00 ff c9 12 00 00 ff ca 12 00 00 ff cd 12 00 00 ff c9 12 00 e0 ff 
66 cd 12 00 00 ff cb 12 00 00 ff ca 12 00 00 ff cd 12 00 00 ff ff 44 00 1d 12 00 00 ff ff 44 00 21 12 00 00 ff ff 44 00 00 ff ff 44 00 4a 18 00 00 ff ff 44 00 00 ff ff 44 00 00 ff ff 44 00 00 ff ff 44 00 00 ff ff 44 00 00 ff ff 44 00 00 ff 95 47 00 5d 11 00 00 45 00 8a 47 00 00 ff 95 47 00 82 47 00 84 47 00 00 ff 8c 47 00 08 45 00 00 ff 8c 47 00 02 45 00 af 06 00 10 ff 84 47 00 00 ff 8c 47 00 6c ff 
8e e9 0f 00 10 00 00 00 00 00 00 a2 c0 00 8f e9 0f 00 10 dc 05 a2 80 00 8e e9 0f 00 10 00 00 00 00 00 00 a2 80 00 8f e9 0f 00 10 dc 05 a2 c0 00 8e e9 0f 00 10 00 00 00 00 00 00 

ProtocolGame parse message exception (375 bytes, 42 unread, last opcode is 0x8e (142), prev opcode is 0x66 (102), proto: 860): InputMessage eof reached
7c 01 07 bc a4 f0 6f 01 6d 79 03 a2 00 07 01 7a 03 a1 00 07 65 c9 12 00 00 ff cd 12 00 00 ff ce 12 00 00 ff cc 12 00 00 ff c9 12 00 00 ff cc 12 00 00 ff cc 12 00 00 ff cd 12 00 00 ff cb 12 00 00 ff cb 12 00 00 ff cb 12 00 00 ff ce 12 00 00 ff cb 12 00 00 ff ce 12 00 00 ff c9 12 00 00 ff c9 12 00 00 ff cb 12 00 00 ff ca 12 00 00 ff c9 12 00 00 ff c9 12 00 00 ff cb 12 00 00 ff ca 12 00 00 ff ce 12 00 00 ff cc 12 00 00 ff ce 12 00 00 ff ce 12 00 00 ff c9 12 00 00 ff cc 12 00 00 ff c9 12 00 00 ff c9 12 00 00 ff c9 12 00 00 ff cd 12 00 e0 ff 
66 cd 12 00 00 ff cc 12 00 00 ff cb 12 00 00 ff ca 12 00 00 ff ca 12 00 00 ff ff 44 00 1e 12 00 00 ff ff 44 00 22 12 00 00 ff ff 44 00 4a 18 00 00 ff ff 44 00 00 ff ff 44 00 00 ff ff 44 00 00 ff ff 44 00 00 ff 95 47 00 06 45 00 00 ff 95 47 00 05 45 00 00 ff ff 44 00 00 ff 95 47 00 07 45 00 00 ff 95 47 00 5e 11 00 02 45 00 8a 47 00 00 ff d6 03 00 5e 11 00 04 45 00 82 47 00 84 47 00 11 ff 8a 47 00 6c ff 
8e e9 0f 00 10 00 00 00 00 00 00 a2 c0 00 8f e9 0f 00 10 dc 05 a2 80 00 8e e9 0f 00 10 00 00 00 00 00 00 a2 80 00 8f e9 0f 00 10 dc 05 a2 c0 00 8e e9 0f 00 10 00 00 00 00 00 00 

ProtocolGame parse message exception (188 bytes, 42 unread, last opcode is 0x8e (142), prev opcode is 0x66 (102), proto: 860): InputMessage eof reached
bc 00 c6 5b c0 cc b4 00 6d 7a 03 a1 00 07 01 7b 03 a1 00 07 
66 cd 12 00 00 ff cb 12 00 00 ff cb 12 00 00 ff c9 12 00 00 ff cb 12 00 00 ff c9 12 00 00 ff ff 44 00 19 12 00 00 ff ff 44 00 00 ff ff 44 00 00 ff ff 44 00 00 ff ff 44 00 00 ff 95 47 00 06 45 00 00 ff 95 47 00 0b 45 00 00 ff 95 47 00 09 45 00 00 ff 95 47 00 05 45 00 00 ff ff 44 00 00 ff ff 44 00 00 ff ff 44 00 84 47 00 7e ff 
8e e9 0f 00 10 00 00 00 00 00 00 a2 c0 00 8f e9 0f 00 10 dc 05 a2 80 00 8e e9 0f 00 10 00 00 00 00 00 00 a2 80 00 8f e9 0f 00 10 dc 05 a2 c0 00 8e e9 0f 00 10 00 00 00 00 00 00 

ProtocolGame parse message exception (55 bytes, 20 unread, last opcode is 0x8e (142), prev opcode is 0xb4 (180), proto: 860): InputMessage eof reached
3c 00 6d 1c e6 55 2f 00 
b4 13 06 00 2f 67 68 6f 73 74 
8e e9 0f 00 10 00 00 00 00 00 00 b4 19 16 00 59 6f 75 20 61 72 65 20 6e 6f 77 20 69 6e 76 69 73 69 62 6c 65 2e 

ProtocolGame parse message exception (8821 bytes, 4656 unread, last opcode is 0x64 (100), prev opcode is 0x0a (10), proto: 860): invalid thing id (0)
74 22 1e e9 8a 77 6d 22 
0a a2 10 00 10 32 00 00 
64 f6 01 5a 01 07 b6 36 00 f7 45 00 00 ff b6 36 00 f7 45 00 00 ff b6 36 00 f7 45 00 00 ff b6 36 00 f7 45 00 00 ff b6 36 00 f7 45 00 00 ff b6 36 00 f7 45 00 00 ff b6 36 00 f7 45 00 00 ff b6 36 00 f7 45 00 00 ff b6 36 00 f7 45 00 00 ff b6 36 00 ad 0a 00 f7 45 00 00 ff b6 36 00 aa 0a 00 f7 45 00 00 ff b6 36 00 aa 0a 00 f7 45 00 00 ff b6 36 00 ac 0a 00 f5 45 00 00 ff ce 35 00 63 34 00 00 ff ce 35 00 63 34 00 00 ff ce 35 00 63 34 00 63 34 00 00 ff ce 35 00 63 34 00 3f 07 00 00 ff ce 35 00 63 34 00 00 ff ae 44 00 2f 25 00 00 ff ae 44 00 5f 45 00 2f 25 00 00 ff ae 44 00 2f 25 00 00 ff ae 44 00 2f 25 00 49 18 00 00 ff ae 44 00 2f 25 00 00 ff ae 44 00 e2 11 00 2f 25 00 00 ff ae 44 00 2f 25 00 49 18 00 00 ff ae 44 00 2f 25 00 00 ff ae 44 00 2f 25 00 49 18 00 00 ff ae 44 00 2f 25 00 41 07 00 00 ff ae 44 00 e3 11 00 2f 25 00 00 ff ae 44 00 e4 11 00 2f 25 00 00 ff ae 44 00 62 45 00 2f 25 00 00 ff ae 44 00 00 ff ae 44 00 49 0e 00 00 ff ae 44 00 00 ff ae 44 00 00 ff ae 44 00 00 ff ae 44 00 f7 45 00 00 ff ae 44 00 e3 11 00 0b 46 00 49 18 00 49 18 00 00 ff ae 44 00 af 0a 00 f3 45 00 00 ff ae 44 00 aa 0a 00 01 46 00 00 ff ae 44 00 8f 3f 00 ac 0a 00 f7 45 00 00 ff ae 44 00 8f 3f 00 5c 0b 00 f7 45 00 00 ff ae 44 00 8f 3f 00 f7 45 00 00 ff ae 44 00 91 3f 00 90 3f 00 8f 3f 00 f7 45 00 00 ff ae 44 00 f7 45 00 00 ff ae 44 00 5c 0b 00 ad 0a 00 f7 45 00 00 ff ae 44 00 aa 0a 00 f7 45 00 00 ff ae 44 00 ac 0a 00 f7 45 00 00 ff ae 44 00 40 07 00 00 ff ae 44 00 00 ff ae 44 00 00 ff ae 44 00 00 ff ae 44 00 4a 18 00 00 ff ae 44 00 00 ff f6 2a 00 f4 45 00 00 ff ae 44 00 26 0e 00 00 ff ae 44 00 a6 0a 00 f4 45 00 00 ff 2e 2e 00 95 3f 00 00 ff 2e 2e 00 00 ff 2e 2e 00 00 ff 2e 2e 00 00 ff 2e 2e 00 00 ff 07 36 00 69 34 00 00 ff 07 36 00 61 34 00 00 ff 07 36 00 61 34 00 ac 35 00 00 ff a1 01 00 61 34 00 f4 45 00 00 ff ae 44 00 62 0e 00 00 ff ae 44 00 00 ff ae 44 00 40 07 00 00 ff ae 44 00 3f 07 00 00 ff f1 45 00 b8 44 00 00 ff f1 45 00 b2 44 00 00 ff f6 2a 00 00 46 00 00 ff ae 44 00 49 0e 00 00 ff ae 44 00 92 3f 00 a6 0a 00 f4 45 00 00 ff 2e 2e 00 00 ff 2e 2e 00 65 34 00 00 ff 2e 2e 00 63 34 00 00 ff 2e 2e 00 66 34 00 00 ff 2e 2e 00 00 ff 07 36 00 60 34 00 00 ff 07 36 00 00 ff 07 36 00 00 ff a1 01 00 00 46 00 00 ff ae 44 00 dc 35 00 00 ff ae 44 00 00 ff ae 44 00 00 ff f1 45 00 b8 44 00 00 ff f1 45 00 b3 44 00 00 ff f1 45 00 00 ff f6 2a 00 f4 45 00 00 ff ae 44 00 4a 18 00 00 ff ae 44 00 92 3f 00 a8 0a 00 f4 45 00 00 ff 2e 2e 00 00 ff 2e 2e 00 62 34 00 00 ff 2e 2e 00 b8 43 00 00 ff 2e 2e 00 60 34 00 00 ff 2e 2e 00 00 ff 07 36 00 60 34 00 00 ff 07 36 00 00 ff 07 36 00 00 ff 07 36 00 62 34 00 f3 45 00 f4 45 00 00 ff ae 44 00 4a 18 00 00 ff f1 45 00 b8 44 00 00 ff f1 45 00 b2 44 00 00 ff f1 45 00 b3 44 00 00 ff f1 45 00 41 07 00 00 ff f1 45 00 b6 44 00 00 ff f6 2a 00 f5 45 00 00 ff ae 44 00 00 ff ae 44 00 92 3f 00 59 3f 00 8c 0a 00 f4 45 00 00 ff 2e 2e 00 00 ff 2e 2e 00 67 34 00 00 ff 2e 2e 00 61 34 00 00 ff 2e 2e 00 64 34 00 00 ff 2e 2e 00 00 ff 07 36 00 60 34 00 00 ff 07 36 00 00 ff 07 36 00 00 ff 07 36 00 62 34 00 00 ff ae 44 00 48 18 00 00 ff f1 45 00 af 44 00 00 ff f1 45 00 00 ff f1 45 00 00 ff f1 45 00 b6 44 00 00 ff f1 45 00 b7 44 00 00 ff f6 2a 00 f4 45 00 00 ff ae 44 00 41 07 00 00 ff 7a 20 00 94 3f 00 93 3f 00 94 3f 00 93 3f 00 92 3f 00 f4 45 00 00 ff 2e 2e 00 00 ff 2e 2e 00 00 ff 2e 2e 00 00 ff 2e 2e 00 00 ff 2e 2e 00 00 ff 07 36 00 60 34 00 00 ff 07 36 00 00 ff 07 36 00 00 ff 07 36 00 62 34 00 00 ff f1 45 00 b2 44 00 b8 44 00 00 ff f1 45 00 b3 44 00 00 ff f1 45 00 00 ff f1 45 00 00 ff f1 45 00 b1 44 00 00 ff ae 44 00 00 ff f6 2a 00 f4 45 00 00 ff ae 44 00 49 18 00 00 ff 20 2e 00 a9 0a 00 f4 45 00 00 ff 07 36 00 69 34 00 00 ff 07 36 00 61 34 00 00 ff 07 36 00 61 34 00 00 ff 07 36 00 61 34 00 00 ff 07 36 00 61 34 00 00 ff 07 36 00 64 34 00 00 ff 07 36 00 00 ff 07 36 00 00 ff 07 36 00 32 12 00 62 34 00 00 ff f1 45 00 af 44 00 49 07 00 00 ff f1 45 00 00 ff f1 45 00 4a 18 00 00 ff f1 45 00 00 ff f1 45 00 b5 44 00 00 ff f1 45 00 ba 44 00 00 ff f6 2a 00 a9 0a 00 f4 45 00 00 ff ae 44 00 00 ff 21 2e 00 a6 0a 00 f4 45 00 00 ff 07 36 00 60 34 00 00 ff 07 36 00 00 ff 07 36 00 61 00 00 00 00 00 21 04 00 80 04 00 4b 6f 69 6e 64 01 92 04 72 00 64 72 00 00 00 00 00 00 00 00 00 00 00 96 00 00 00 00 00 00 01 00 00 ff 07 36 00 00 ff 07 36 00 00 ff 07 36 00 00 ff 07 36 00 00 ff 07 36 00 00 ff 07 36 00 30 12 00 b6 44 00 f4 45 00 00 ff f1 45 00 b9 44 00 00 ff f1 45 00 b4 44 00 00 ff f1 45 00 00 ff f1 45 00 00 ff f1 45 00 49 18 00 00 ff f1 45 00 b5 44 00 00 ff f6 2a 00 a8 0a 00 f4 45 00 00 ff ae 44 00 4b 07 00 00 ff 21 2e 00 a8 0a 00 f4 45 00 00 ff 07 36 00 60 34 00 00 ff 07 36 00 00 ff 07 36 00 00 ff 07 36 00 00 ff 07 36 00 00 ff 07 36 00 00 ff 07 36 00 00 ff 07 36 00 00 ff a1 01 00 30 12 00 30 12 00 b1 44 00 00 46 00 00 ff ae 44 00 72 0e 00 00 ff f1 45 00 34 12 00 af 44 00 00 ff f1 45 00 00 ff f1 45 00 00 ff f1 45 00 00 ff f1 45 00 00 ff f6 2a 00 f5 45 00 00 ff ae 44 00 00 ff ae 44 00 f4 45 00 00 ff a1 01 00 f7 45 00 00 ff 07 36 00 f7 45 00 00 ff 07 36 00 63 34 00 ac 12 00 54 41 00 f7 45 00 00 ff 07 36 00 63 34 00 a6 12 00 f7 45 00 00 ff 07 36 00 63 34 00 aa 12 00 54 41 00 f7 45 00 00 ff 07 36 00 b6 44 00 f7 45 00 ad 0a 00 f3 45 00 00 ff 07 36 00 01 46 00 00 ff f6 2a 00 af 44 00 f7 45 00 00 ff f6 2a 00 32 12 00 b0 44 00 b5 44 00 59 3f 00 f5 45 00 00 ff f1 45 00 b8 44 00 00 ff f1 45 00 b3 44 00 00 ff f1 45 00 00 ff f1 45 00 00 ff f1 45 00 b6 44 00 00 ff f1 45 00 b0 44 00 00 ff ae 44 00 00 ff ae 44 00 49 18 00 00 ff ae 44 00 62 0e 00 00 ff ae 44 00 dc 11 00 48 0e 00 00 ff ae 44 00 00 ff ae 44 00 b0 12 00 00 ff ae 44 00 ad 12 00 41 07 00 00 ff ae 44 00 a9 12 00 00 ff ae 44 00 00 ff ae 44 00 72 0e 00 00 ff ae 44 00 49 18 00 00 ff ae 44 00 4a 18 00 00 ff f1 45 00 af 44 00 00 ff f1 45 00 49 07 00 00 ff f1 45 00 00 ff f1 45 00 b6 44 00 00 ff f1 45 00 b7 44 00 41 07 00 00 ff ae 44 00 49 18 00 00 ff ae 44 00 40 07 00 00 ff ae 44 00 f3 45 00 00 ff ae 44 00 f7 45 00 00 ff ae 44 00 01 46 00 00 ff ae 44 00 f7 45 00 00 ff 07 36 00 63 34 00 ad 12 00 54 41 00 f7 45 00 00 ff 07 36 00 63 34 00 a9 12 00 54 41 00 f7 45 00 00 ff 07 36 00 63 34 00 54 41 00 f7 45 00 00 ff 07 36 00 63 34 00 54 41 00 f7 45 00 ad 0a 00 00 ff ae 44 00 ac 0a 00 01 46 00 00 ff ae 44 00 f7 45 00 00 ff ae 44 00 e3 11 00 00 ff f1 45 00 b0 44 00 af 44 00 00 ff f1 45 00 b4 44 00 00 ff f1 45 00 b6 44 00 00 ff f1 45 00 b7 44 00 00 ff ae 44 00 3d 08 00 00 ff f1 45 00 b8 44 00 00 ff ae 44 00 00 ff ae 44 00 f4 45 00 00 ff 07 36 00 00 ff 07 36 00 00 ff 07 36 00 00 ff 07 36 00 00 ff 07 36 00 00 ff 07 36 00 ab 12 00 00 ff 07 36 00 af 12 00 00 ff 07 36 00 61 34 00 4c 18 00 4b 18 00 f2 45 00 00 ff 6a 00 00 61 34 00 8b 0a 00 f4 45 00 00 ff ae 44 00 62 0e 00 00 ff ae 44 00 b9 44 00 00 ff f1 45 00 af 44 00 b4 44 00 00 ff f1 45 00 b5 44 00 00 ff f1 45 00 ba 44 00 49 07 00 00 ff ae 44 00 94 07 00 00 ff f1 45 00 af 44 00 00 ff ae 44 00 49 18 00 00 ff ae 44 00 f4 45 00 00 ff 07 36 00 00 ff 07 36 00 00 ff 07 36 00 00 ff 07 36 00 3f 07 00 00 ff 07 36 00 00 ff 07 36 00 63 34 00 a6 12 00 00 ff 07 36 00 ab 12 00 66 34 00 aa 12 00 61 00 00 00 00 00 a2 10 00 10 06 00 53 69 72 69 75 73 64 02 c8 04 73 72 44 00 00 00 00 00 00 00 00 00 00 03 c0 dc 05 00 00 03 00 00 00 00 00 ff 07 36 00 a8 12 00 00 ff 07 36 00 a8 12 00 f4 45 00 00 ff ae 44 00 af 0a 00 f7 45 00 00 ff ae 44 00 ac 12 00 4a 18 00 00 ff f1 45 00 af 44 00 aa 12 00 00 ff f1 45 00 00 ff f1 45 00 b5 44 00 00 ff f1 45 00 b2 44 00 00 ff f1 45 00 b3 44 00 00 ff ae 44 00 26 0e 00 00 ff ae 44 00 f4 45 00 00 ff 07 36 00 0c 36 00 11 36 00 00 ff 07 36 00 00 ff 07 36 00 00 ff 07 36 00 00 ff 07 36 00 62 34 00 00 ff 6a 00 00 4e 18 00 4f 18 00 4d 18 00 f2 45 00 00 ff 07 36 00 60 34 00 a5 12 00 00 ff 07 36 00 00 ff 07 36 00 ac 35 00 00 ff 07 36 00 a8 0a 00 f4 45 00 00 ff ae 44 00 b0 12 00 26 0e 00 00 ff f1 45 00 b9 44 00 ae 12 00 49 18 00 00 ff f1 45 00 b4 44 00 aa 12 00 00 ff f1 45 00 00 ff f1 45 00 00 ff f1 45 00 00 ff ae 44 00 46 0e 00 00 ff ae 44 00 7f 2f 00 f4 45 00 00 ff 07 36 00 15 36 00 12 36 00 00 ff 08 36 00 00 ff 08 36 00 00 ff 08 36 00 00 ff 07 36 00 67 34 00 00 ff 07 36 00 61 34 00 a8 12 00 65 34 00 00 ff 07 36 00 a9 12 00 64 34 00 a9 12 00 63 34 00 00 ff 07 36 00 66 34 00 00 ff 07 36 00 00 ff 07 36 00 62 34 00 00 ff 6a 00 00 00 ff 6a 00 00 00 ff f1 45 00 af 44 00 ae 12 00 00 ff f1 45 00 aa 12 00 00 ff f1 45 00 de 11 00 00 ff f1 45 00 00 ff ae 44 00 00 ff ae 44 00 00 46 00 00 ff 07 36 00 61 00 00 00 00 00 24 04 00 80 05 00 43 61 72 6c 61 64 02 fa 04 00 00 00 00 00 00 00 00 00 00 00 00 00 00 00 6e 00 00 00 00 00 00 01 00 26 36 00 00 ff 08 36 00 00 ff 0a 36 00 58 41 00 56 41 00 00 ff 08 36 00 00 ff 07 36 00 00 ff 07 36 00 62 34 00 00 ff 07 36 00 9b 07 00 00 ff 07 36 00 60 34 00 00 ff 07 36 00 00 ff 07 36 00 62 34 00 00 ff 6a 00 00 00 ff 6a 00 00 00 ff f1 45 00 af 44 00 ad 12 00 00 ff f1 45 00 a9 12 00 00 ff f1 45 00 00 ff f1 45 00 00 ff ae 44 00 48 18 00 00 ff ae 44 00 7f 2f 00 f4 45 00 00 ff 07 36 00 00 ff 08 36 00 00 ff 08 36 00 00 ff 08 36 00 00 ff 07 36 00 00 ff 07 36 00 63 34 00 a6 12 00 67 34 00 00 ff 07 36 00 66 34 00 aa 12 00 61 34 00 00 ff 07 36 00 64 34 00 00 ff 07 36 00 00 ff 07 36 00 62 34 00 00 ff 6a 00 00 00 ff 6a 00 00 00 ff f1 45 00 af 44 00 a5 12 00 00 ff f1 45 00 00 ff f1 45 00 00 ff f1 45 00 00 ff ae 44 00 49 18 00 00 ff ae 44 00 f4 45 00 00 ff 07 36 00 20 36 00 00 ff 07 36 00 00 ff 07 36 00 00 ff 07 36 00 00 ff 07 36 00 62 34 00 00 ff 6a 00 00 4e 18 00 4b 18 00 f2 45 00 00 ff 07 36 00 60 34 00 a5 12 00 00 ff 07 36 00 41 07 00 00 ff 07 36 00 ac 35 00 00 ff e4 35 00 a8 0a 00 f4 45 00 00 ff ae 44 00 ad 12 00 e7 11 00 b9 2d 00 00 ff f1 45 00 b8 44 00 a8 12 00 4a 18 00 00 ff f1 45 00 b3 44 00 a9 12 00 00 ff f1 45 00 00 ff f1 45 00 00 ff f1 45 00 00 ff ae 44 00 00 ff ae 44 00 f4 45 00 00 ff 07 36 00 21 36 00 00 ff 07 36 00 00 ff 07 36 00 00 ff 07 36 00 00 ff 07 36 00 67 34 00 00 ff 07 36 00 a9 12 00 ab 12 00 61 34 00 a8 12 00 00 ff 07 36 00 ac 12 00 a9 12 00 64 34 00 a9 12 00 00 ff 07 36 00 a6 12 00 4d 18 00 4e 18 00 00 ff e4 35 00 0c 28 00 a6 12 00 f3 45 00 00 ff e4 35 00 f5 45 00 00 ff ae 44 00 a9 12 00 62 0e 00 00 ff f1 45 00 0e 28 00 af 44 00 af 44 00 00 ff f1 45 00 00 ff f1 45 00 b6 44 00 00 ff f1 45 00 b0 44 00 00 ff f1 45 00 b4 44 00 00 ff ae 44 00 00 ff ae 44 00 f4 45 00 00 ff 07 36 00 a8 0a 00 28 36 00 00 ff 07 36 00 00 ff 07 36 00 00 ff 07 36 00 00 ff 07 36 00 00 ff 07 36 00 ac 12 00 00 ff 07 36 00 b0 12 00 00 ff 07 36 00 4c 18 00 50 18 00 4f 18 00 f2 45 00 00 ff 6a 00 00 f4 45 00 00 ff ae 44 00 26 0e 00 00 ff f1 45 00 b2 44 00 b8 44 00 ad 0d 00 00 ff f1 45 00 b3 44 00 b3 44 00 00 ff f1 45 00 00 ff f1 45 00 b1 44 00 00 ff ae 44 00 61 0e 00 00 ff f1 45 00 b9 44 00 00 ff ae 44 00 49 18 00 00 ff ae 44 00 f4 45 00 00 ff 6a 00 00 f7 45 00 00 ff 6c 00 00 ad 0a 00 01 46 00 00 ff e4 35 00 a5 12 00 aa 0a 00 f7 45 00 00 ff e4 35 00 ac 0a 00 f7 45 00 00 ff e4 35 00 f7 45 00 00 ff e4 35 00 a7 12 00 f7 45 00 00 ff 6a 00 00 ad 0a 00 f7 45 00 00 ff 6a 00 00 ac 0a 00 01 46 00 00 ff 6a 00 00 f5 45 00 00 ff ae 44 00 b9 2d 00 00 ff f1 45 00 af 44 00 00 ff f1 45 00 4a 18 00 00 ff f1 45 00 00 ff f1 45 00 b1 44 00 00 ff ae 44 00 4a 18 00 00 ff ae 44 00 00 ff ae 44 00 0b 46 00 00 ff ae 44 00 00 ff ae 44 00 49 18 00 00 ff ae 44 00 49 18 00 00 ff ae 44 00 00 ff ae 44 00 00 ff ae 44 00 47 18 00 00 ff ae 44 00 61 0e 00 00 ff ae 44 00 48 18 00 00 ff ae 44 00 4a 18 00 00 ff ae 44 00 47 18 00 00 ff ae 44 00 00 ff f1 45 00 b9 44 00 00 ff f1 45 00 b4 44 00 00 ff f1 45 00 00 ff f1 45 00 b5 44 00 49 07 00 00 ff f1 45 00 b2 44 00 00 ff f1 45 00 b2 44 00 00 ff ae 44 00 4b 07 00 00 ff ae 44 00 f3 45 00 00 ff ae 44 00 f7 45 00 00 ff ae 44 00 f7 45 00 00 ff ae 44 00 f7 45 00 00 ff ae 44 00 5c 0b 00 f7 45 00 00 ff ae 44 00 01 46 00 00 ff ae 44 00 ad 0a 00 f7 45 00 00 ff ae 44 00 aa 0a 00 f7 45 00 00 ff ae 44 00 ac 0a 00 f7 45 00 00 ff ae 44 00 5c 0b 00 f7 45 00 00 ff ae 44 00 f7 45 00 00 ff ae 44 00 dc 35 00 00 ff f1 45 00 0f 28 00 af 44 00 4a 18 00 00 ff f1 45 00 00 ff f1 45 00 00 ff f1 45 00 e3 11 00 00 ff f1 45 00 00 ff ae 44 00 00 ff ae 44 00 f4 45 00 00 ff 07 36 00 f2 45 00 00 ff 07 36 00 02 46 00 00 ff a1 01 00 d5 45 00 00 ff a1 01 00 35 09 00 00 ff a1 01 00 d5 45 00 00 ff a1 01 00 35 09 00 00 ff a1 01 00 d2 15 00 00 ff a1 01 00 d5 15 00 00 ff a1 01 00 d8 15 00 00 ff a1 01 00 62 34 00 42 24 00 f4 45 00 00 ff f1 45 00 b8 44 00 00 ff f1 45 00 b3 44 00 00 ff f1 45 00 00 ff f1 45 00 00 ff f1 45 00 00 ff f1 45 00 00 ff ae 44 00 4a 18 00 00 ff ae 44 00 f4 45 00 00 ff 07 36 00 0d 09 00 0c 01 01 00 00 ff 07 36 00 02 46 00 00 ff a1 01 00 00 ff a1 01 00 00 ff a1 01 00 00 ff a1 01 00 00 ff a1 01 00 d3 15 00 00 ff f6 2a 00 d6 15 00 00 ff a1 01 00 d9 15 00 00 ff a1 01 00 8b 16 00 62 34 00 00 ff f1 45 00 b3 44 00 61 00 00 00 00 00 a9 07 00 40 07 00 43 68 69 63 6b 65 6e 64 01 6f 00 00 00 00 00 00 00 00 00 00 00 00 00 00 00 00 b4 00 00 00 00 00 00 01 00 00 ff f1 45 00 4b 07 00 00 ff f1 45 00 49 18 00 00 ff f1 45 00 00 ff f1 45 00 00 ff f1 45 00 00 ff ae 44 00 00 ff ae 44 00 f4 45 00 00 ff 07 36 00 0e 09 00 ed 00 01 00 00 ff 07 36 00 02 46 00 00 ff a1 01 00 d5 45 00 00 ff a1 01 00 35 09 00 00 ff a1 01 00 d5 45 00 00 ff a1 01 00 35 09 00 00 ff a1 01 00 d3 15 00 00 ff f6 2a 00 d6 15 00 00 ff a1 01 00 d9 15 00 00 ff a1 01 00 8b 16 00 62 34 00 00 ff f1 45 00 b0 44 00 00 ff f1 45 00 b4 44 00 00 ff f1 45 00 00 ff f1 45 00 00 ff f1 45 00 00 ff f1 45 00 00 ff ae 44 00 49 0e 00 00 ff ae 44 00 f4 45 00 00 ff 07 36 00 0e 09 00 ee 00 01 00 00 ff 07 36 00 02 46 00 00 ff a1 01 00 00 ff a1 01 00 00 ff a1 01 00 00 ff a1 01 00 00 ff a1 01 00 d4 15 00 00 ff a1 01 00 d7 15 00 00 ff a1 01 00 da 15 00 00 ff a1 01 00 b7 44 00 62 34 00 20 14 00 43 24 00 a9 0a 00 f4 45 00 00 ff ae 44 00 49 0e 00 00 ff f1 45 00 af 44 00 00 ff f1 45 00 49 07 00 00 ff f1 45 00 00 ff f1 45 00 00 ff f1 45 00 00 ff ae 44 00 4a 18 00 00 ff ae 44 00 f4 45 00 00 ff 07 36 00 0e 09 00 0a 01 01 00 00 ff 07 36 00 02 46 00 00 ff a1 01 00 d5 45 00 00 ff a1 01 00 35 09 00 00 ff a1 01 00 d5 45 00 00 ff a1 01 00 35 09 00 00 ff a1 01 00 d5 45 00 00 ff a1 01 00 35 09 00 00 ff a1 01 00 00 ff f6 2a 00 f4 45 00 00 ff ae 44 00 a6 12 00 4a 18 00 00 ff f1 45 00 af 44 00 a6 12 00 00 ff f1 45 00 a6 12 00 00 ff f1 45 00 aa 12 00 00 ff f1 45 00 00 ff f1 45 00 00 ff ae 44 00 00 ff ae 44 00 f4 45 00 00 ff 07 36 00 0e 09 00 ec 00 01 00 00 ff 07 36 00 02 46 00 00 ff a1 01 00 00 ff a1 01 00 00 ff a1 01 00 00 ff a1 01 00 00 ff a1 01 00 00 ff a1 01 00 00 ff a1 01 00 00 ff ce 35 00 b5 44 00 04 05 00 ae 0a 00 f4 45 00 00 ff 6a 00 00 9b 07 00 00 ff 6a 00 00 00 ff f1 45 00 ad 12 00 00 ff f1 45 00 a9 12 00 00 ff f1 45 00 00 ff f1 45 00 00 ff 00 ff 00 ff 00 ff 00 ff 00 ff 0c ff 00 ff 09 46 00 00 ff 03 46 00 00 ff 03 46 00 00 ff 03 46 00 00 ff 03 46 00 00 ff 03 46 00 00 ff 03 46 00 00 ff 03 46 00 00 ff 03 46 00 00 ff 03 46 00 07 ff 26 0e 00 00 ff 02 46 00 00 ff 9d 2b 00 00 ff 9d 2b 00 00 ff a0 2b 00 00 ff 9f 2b 00 00 ff 9f 2b 00 00 ff 9f 2b 00 00 ff a0 2b 00 00 ff 9d 2b 00 00 ff 9d 2b 00 02 46 00 07 ff 00 ff 02 46 00 00 ff a0 2b 00 00 ff a0 2b 00 00 ff 9f 2b 00 00 ff 9f 2b 00 00 ff 9d 2b 00 00 ff a0 2b 00 00 ff a0 2b 00 00 ff 9d 2b 00 00 ff 9d 2b 00 02 46 00 07 ff 00 ff 02 46 00 00 ff 9f 2b 00 00 ff 9d 2b 00 00 ff 9d 2b 00 00 ff 9d 2b 00 00 ff 9d 2b 00 00 ff 9d 2b 00 00 ff 9d 2b 00 00 ff 9d 2b 00 00 ff 9d 2b 00 02 46 00 07 ff 00 ff 62 34 00 62 34 00 02 46 00 00 ff 9f 2b 00 00 ff 9f 2b 00 00 ff 9d 2b 00 00 ff 9d 2b 00 00 ff 9d 2b 00 00 ff 9f 2b 00 00 ff 9d 2b 00 00 ff a0 2b 00 00 ff 9f 2b 00 02 46 00 07 ff 00 ff 02 46 00 00 ff a0 2b 00 00 ff 9f 2b 00 00 ff 9f 2b 00 00 ff 9d 2b 00 00 ff 9f 2b 00 00 ff 9f 2b 00 00 ff 9d 2b 00 00 ff a0 2b 00 00 ff a0 2b 00 02 46 00 07 ff 00 ff 02 46 00 00 ff 9f 2b 00 00 ff a0 2b 00 00 ff a0 2b 00 00 ff 9d 2b 00 00 ff 9f 2b 00 00 ff 9f 2b 00 00 ff a0 2b 00 00 ff 9f 2b 00 00 ff 9f 2b 00 02 46 00 07 ff 00 ff 02 46 00 00 ff a0 2b 00 00 ff 9d 2b 00 00 ff 9d 2b 00 00 ff 9d 2b 00 00 ff 9f 2b 00 00 ff 9d 2b 00 00 ff a0 2b 00 00 ff 9d 2b 00 00 ff 9d 2b 00 02 46 00 07 ff 00 ff 02 46 00 00 ff 9d 2b 00 00 ff a0 2b 00 00 ff 9f 2b 00 00 ff a0 2b 00 00 ff 9d 2b 00 00 ff a0 2b 00 00 ff a0 2b 00 00 ff 9d 2b 00 00 ff 9d 2b 00 02 46 00 07 ff 00 ff 02 46 00 00 ff 9d 2b 00 03 46 00 00 ff 9d 2b 00 03 46 00 00 ff 9d 2b 00 03 46 00 00 ff 9d 2b 00 03 46 00 00 ff 9d 2b 00 03 46 00 00 ff 9f 2b 00 03 46 00 09 46 00 00 ff 9d 2b 00 03 46 00 00 ff 9d 2b 00 03 46 00 00 ff 9d 2b 00 04 46 00 07 ff 00 ff 00 ff 00 ff 00 ff 00 ff 0c ff f3 45 00 00 ff e0 35 00 f7 45 00 00 ff e0 35 00 01 46 00 00 ff e0 35 00 f7 45 00 00 ff e0 35 00 af 0a 00 f7 45 00 00 ff e0 35 00 ac 0a 00 f7 45 00 00 ff e0 35 00 01 46 00 00 ff ce 35 00 f7 45 00 00 ff ac 0a 00 01 46 00 00 ff f7 45 00 08 ff 4f 18 00 f4 45 00 00 ff 00 ff 00 ff 00 ff 42 24 00 a8 0a 00 f4 45 00 00 ff fc 35 00 69 34 00 ac 35 00 00 ff fc 35 00 61 34 00 42 07 00 00 ff fc 35 00 61 34 00 af 12 00 0b 46 00 4f 18 00 00 ff 6a 00 00 61 34 00 4b 18 00 4c 18 00 f2 45 00 00 ff 6a 00 00 61 34 00 f4 45 00 07 ff f3 45 00 00 ff f4 45 00 00 ff 00 ff 00 ff 00 ff 02 46 00 00 ff fc 35 00 60 34 00 00 ff fc 35 00 00 ff fc 35 00 ab 12 00 00 ff fc 35 00 af 12 00 00 ff 6a 00 00 f4 45 00 00 ff f7 45 00 06 ff f4 45 00 f4 45 00 00 ff a9 0a 00 f4 45 00 00 ff 00 ff 00 ff 00 ff 02 46 00 00 ff fc 35 00 60 34 00 00 ff fc 35 00 4a 18 00 00 ff fc 35 00 00 ff fc 35 00 ab 12 00 00 ff fc 35 00 a8 12 00 ac 35 00 00 ff fc 35 00 f4 45 00 00 ff 0d 35 00 03 46 00 00 ff 0d 35 00 03 46 00 00 ff 0d 35 00 03 46 00 00 ff 0d 35 00 03 46 00 00 ff 0d 35 00 03 46 00 00 ff 0d 35 00 03 46 00 00 ff 0d 35 00 62 34 00 44 24 00 03 46 00 f4 45 00 f4 45 00 00 ff a6 0a 00 f4 45 00 00 ff 00 ff 00 ff 00 ff 02 46 00 00 ff fc 35 00 68 34 00 00 ff fc 35 00 65 34 00 66 34 00 00 ff fc 35 00 63 34 00 00 ff fc 35 00 66 34 00 00 ff fc 35 00 00 ff fc 35 00 00 ff fc 35 00 00 ff fc 35 00 00 ff fc 35 00 00 ff fc 35 00 00 ff fc 35 00 00 ff fc 35 00 00 ff fc 35 00 62 34 00 00 ff a8 0a 00 f4 45 00 00 ff 00 ff 00 ff 00 ff 02 46 00 00 ff 8b 34 00 9d 07 00 00 ff fc 35 00 62 34 00 60 34 00 00 ff da 12 00 00 ff fc 35 00 60 34 00 00 ff fc 35 00 00 ff fc 35 00 00 ff fc 35 00 00 ff fc 35 00 00 ff fc 35 00 00 ff fc 35 00 00 ff fc 35 00 00 ff fc 35 00 00 ff fc 35 00 62 34 00 00 ff f4 45 00 00 ff 00 ff 00 ff 00 ff 02 46 00 00 ff fc 35 00 69 34 00 00 ff fc 35 00 67 34 00 64 34 00 00 ff fc 35 00 61 34 00 00 ff fc 35 00 64 34 00 00 ff fc 35 00 00 ff fc 35 00 09 46 00 00 ff fc 35 00 03 46 00 00 ff fc 35 00 03 46 00 00 ff fc 35 00 03 46 00 00 ff fc 35 00 03 46 00 00 ff fc 35 00 03 46 00 00 ff fc 35 00 03 46 00 00 ff fc 35 00 62 34 00 00 ff f4 45 00 00 ff 00 ff 00 ff 00 ff 02 46 00 00 ff fc 35 00 60 34 00 4a 18 00 00 ff fc 35 00 40 07 00 00 ff fc 35 00 4a 18 00 00 ff fc 35 00 ac 12 00 00 ff fc 35 00 ac 35 00 00 ff e0 35 00 62 34 00 f4 45 00 06 ff 13 35 00 62 34 00 43 24 00 f4 45 00 00 ff f4 45 00 00 ff 00 ff 00 ff 00 ff 02 46 00 00 ff fc 35 00 60 34 00 00 ff fc 35 00 00 ff fc 35 00 ac 12 00 00 ff fc 35 00 b0 12 00 00 ff 6a 00 00 f3 45 00 00 ff e0 35 00 f5 45 00 06 ff f4 45 00 00 ff f4 45 00 00 ff 00 ff 00 ff 00 ff 02 46 00 00 ff fc 35 00 60 34 00 ac 35 00 00 ff fc 35 00 00 ff fc 35 00 a7 12 00 00 ff 6a 00 00 4d 18 00 4f 18 00 f2 45 00 00 ff 6a 00 00 f4 45 00 07 ff 00 46 00 00 ff f4 45 00 00 ff f7 45 00 00 ff 01 46 00 00 ff ad 0a 00 f7 45 00 00 ff ac 0a 00 43 24 00 f5 45 00 00 ff e4 35 00 f7 45 00 00 ff e4 35 00 ac 12 00 01 46 00 00 ff e4 35 00 b0 12 00 ad 0a 00 f7 45 00 00 ff 6a 00 00 ac 0a 00 8c 0a 00 01 46 00 00 ff 6a 00 00 f5 45 00 07 ff f4 45 00 00 ff 00 ff 00 ff 00 ff 00 ff 00 ff 00 ff 0a ff f4 45 00 00 ff f3 45 00 00 ff a1 01 00 f7 45 00 00 ff a1 01 00 01 46 00 00 ff a1 01 00 5c 0b 00 f7 45 00 00 ff a1 01 00 f7 45 00 00 ff a1 01 00 f7 45 00 00 ff a1 01 00 f7 45 00 00 ff a1 01 00 01 46 00 00 ff a1 01 00 f7 45 00 00 ff a1 01 00 5c 0b 00 f7 45 00 00 ff f7 45 00 06 ff f4 45 00 00 ff f4 45 00 00 ff a1 01 00 bd 09 00 00 ff a1 01 00 00 ff a1 01 00 00 ff a1 01 00 00 ff a1 01 00 f4 45 00 00 ff a1 01 00 bd 09 00 00 ff a1 01 00 00 ff a1 01 00 00 ff a1 01 00 00 ff a1 01 00 f4 45 00 06 ff 00 46 00 00 ff f4 45 00 00 ff a1 01 00 be 09 00 00 ff a1 01 00 00 ff a1 01 00 00 ff a1 01 00 00 ff a1 01 00 f4 45 00 00 ff a1 01 00 be 09 00 00 ff a1 01 00 00 ff a1 01 00 00 ff a1 01 00 00 ff a1 01 00 f4 45 00 06 ff 33 21 00 f4 45 00 00 ff 00 46 00 00 ff a1 01 00 00 ff a1 01 00 00 ff a1 01 00 00 ff a1 01 00 00 ff a1 01 00 f4 45 00 00 ff a1 01 00 00 ff a1 01 00 00 ff a1 01 00 00 ff a1 01 00 00 ff a1 01 00 00 46 00 06 ff f4 45 00 00 ff f4 45 00 00 ff a1 01 00 00 ff a1 01 00 00 ff a1 01 00 00 ff a1 01 00 00 ff a1 01 00 f4 45 00 00 ff a1 01 00 00 ff a1 01 00 00 ff a1 01 00 00 ff a1 01 00 00 ff a1 01 00 f4 45 00 06 ff 9a 34 00 f4 45 00 00 ff f4 45 00 00 ff a1 01 00 f7 45 00 00 ff a1 01 00 5c 0b 00 f7 45 00 00 ff a1 01 00 f7 45 00 00 ff a1 01 00 06 46 00 00 ff a1 01 00 f5 45 00 00 ff a1 01 00 f7 45 00 00 ff a1 01 00 f7 45 00 00 ff a1 01 00 06 46 00 00 ff a1 01 00 f7 45 00 00 ff a1 01 00 f5 45 00 06 ff 9a 34 00 9a 34 00 f4 45 00 00 ff b7 01 00 02 46 00 00 ff a0 2b 00 de 09 00 00 ff a0 2b 00 44 09 00 00 ff a0 2b 00 45 09 00 00 ff a0 2b 00 00 ff a0 2b 00 00 ff a0 2b 00 00 ff a0 2b 00 de 11 00 00 ff a0 2b 00 00 ff a0 2b 00 00 ff a0 2b 00 62 34 00 00 ff d5 01 00 05 ff 9a 34 00 f4 45 00 00 ff b7 01 00 02 46 00 00 ff a0 2b 00 0b 46 00 00 ff a0 2b 00 00 ff a0 2b 00 e5 11 00 00 ff a0 2b 00 00 ff a0 2b 00 00 ff a0 2b 00 00 ff a0 2b 00 00 ff a0 2b 00 df 11 00 00 ff a0 2b 00 00 ff a0 2b 00 62 34 00 02 46 00 06 ff 9a 34 00 f4 45 00 c6 ff 03 46 00 00 ff 03 46 00 00 ff 03 46 00 00 ff 03 46 00 00 ff 03 46 00 00 ff 03 46 00 00 ff 03 46 00 00 ff 03 46 00 00 ff 03 46 00 09 ff 9d 2b 00 00 ff 9d 2b 00 00 ff 9f 2b 00 00 ff 9f 2b 00 00 ff 9d 2b 00 00 ff 9f 2b 00 00 ff 9d 2b 00 00 ff 9d 2b 00 00 ff 9d 2b 00 02 46 00 07 ff 09 46 00 00 ff 03 46 00 00 ff 9d 2b 00 00 ff 9d 2b 00 00 ff a0 2b 00 00 ff 9d 2b 00 00 ff 9f 2b 00 00 ff 9f 2b 00 00 ff a0 2b 00 00 ff 9d 2b 00 00 ff 9d 2b 00 02 46 00 00 ff 03 46 00 06 ff 02 46 00 00 ff 9f 2b 00 00 ff a0 2b 00 00 ff 9f 2b 00 00 ff 9f 2b 00 00 ff a0 2b 00 00 ff 9f 2b 00 00 ff 9f 2b 00 00 ff 9d 2b 00 00 ff 9d 2b 00 00 ff a0 2b 00 00 ff a0 2b 00 02 46 00 06 ff 02 46 00 00 ff 9d 2b 00 00 ff 9f 2b 00 00 ff 9d 2b 00 00 ff 9f 2b 00 00 ff 9f 2b 00 00 ff a0 2b 00 00 ff a0 2b 00 00 ff 9f 2b 00 00 ff 9d 2b 00 00 ff a0 2b 00 00 ff 9f 2b 00 02 46 00 06 ff 02 46 00 00 ff 9d 2b 00 1e 46 00 00 ff a0 2b 00 00 ff 9f 2b 00 00 ff 9f 2b 00 00 ff 9f 2b 00 00 ff 9f 2b 00 00 ff 9d 2b 00 00 ff 9d 2b 00 00 ff 9d 2b 00 00 ff 9d 2b 00 00 ff a0 2b 00 02 46 00 06 ff 02 46 00 00 ff 9d 2b 00 1f 46 00 00 ff a0 2b 00 00 ff 9f 2b 00 00 ff a0 2b 00 00 ff 9f 2b 00 00 ff 9f 2b 00 00 ff a0 2b 00 00 ff 9d 2b 00 00 ff 9d 2b 00 00 ff 9d 2b 00 00 ff a0 2b 00 02 46 00 06 ff 02 46 00 00 ff a0 2b 00 20 46 00 6c 07 00 00 ff a0 2b 00 00 ff a0 2b 00 00 ff 9d 2b 00 00 ff a0 2b 00 00 ff 9d 2b 00 00 ff a0 2b 00 00 ff 9d 2b 00 00 ff 9f 2b 00 00 ff a0 2b 00 00 ff a0 2b 00 02 46 00 06 ff 02 46 00 00 ff a0 2b 00 21 46 00 00 ff 9d 2b 00 00 ff 9f 2b 00 00 ff 9f 2b 00 00 ff 9f 2b 00 00 ff 9f 2b 00 00 ff 9d 2b 00 00 ff 9d 2b 00 00 ff a0 2b 00 00 ff a0 2b 00 09 46 00 00 ff a0 2b 00 04 46 00 06 ff 02 46 00 00 ff 9d 2b 00 00 ff 9f 2b 00 00 ff 9d 2b 00 00 ff 9d 2b 00 00 ff a0 2b 00 00 ff 9f 2b 00 00 ff 9d 2b 00 00 ff 9f 2b 00 00 ff a0 2b 00 00 ff 9d 2b 00 02 46 00 07 ff 02 46 00 00 ff 9d 2b 00 00 ff a0 2b 00 03 46 00 00 ff a0 2b 00 03 46 00 00 ff a0 2b 00 03 46 00 00 ff 9f 2b 00 03 46 00 00 ff 9f 2b 00 03 46 00 00 ff a0 2b 00 63 34 00 03 46 00 00 ff 9f 2b 00 63 34 00 00 ff 9f 2b 00 03 46 00 00 ff 9d 2b 00 04 46 00 07 ff 02 46 00 00 ff 9d 2b 00 10 ff 02 46 00 00 ff 9d 2b 00 00 ff 03 46 00 00 ff 03 46 00 00 ff 03 46 00 00 ff 03 46 00 00 ff 03 46 00 00 ff 63 34 00 03 46 00 00 ff 63 34 00 00 ff 03 46 00 00 ff 03 46 00 00 ff 03 46 00 06 ff 02 46 00 00 ff 9d 2b 00 00 ff 9f 2b 00 00 ff 9f 2b 00 00 ff 9d 2b 00 00 ff a0 2b 00 00 ff a0 2b 00 00 ff a0 2b 00 00 ff 9d 2b 00 00 ff a0 2b 00 00 ff a0 2b 00 00 ff 9f 2b 00 02 46 00 06 ff 02 46 00 00 ff 9f 2b 00 00 ff 9f 2b 00 00 ff a0 2b 00 00 ff a0 2b 00 00 ff a0 2b 00 00 ff 9f 2b 00 00 ff 9d 2b 00 00 ff 9f 2b 00 00 ff 9f 2b 00 00 ff 9d 2b 00 00 ff 9f 2b 00 02 46 00 06 ff 02 46 00 00 ff a0 2b 00 00 ff a0 2b 00 00 ff 9f 2b 00 00 ff 9d 2b 00 00 ff a0 2b 00 00 ff a0 2b 00 00 ff 9d 2b 00 00 ff a0 2b 00 00 ff 9f 2b 00 00 ff 9d 2b 00 00 ff 9f 2b 00 20 47 00 02 46 00 06 ff 02 46 00 00 ff 9d 2b 00 00 ff 9f 2b 00 00 ff 9d 2b 00 00 ff a0 2b 00 00 ff a0 2b 00 00 ff 9d 2b 00 00 ff 9f 2b 00 00 ff 9d 2b 00 00 ff 9f 2b 00 00 ff 9d 2b 00 00 ff a0 2b 00 02 46 00 06 ff 02 46 00 00 ff a0 2b 00 00 ff a0 2b 00 03 46 00 00 ff 9d 2b 00 03 46 00 00 ff a0 2b 00 03 46 00 00 ff 9d 2b 00 03 46 00 00 ff 9f 2b 00 03 46 00 00 ff 9f 2b 00 03 46 00 00 ff a0 2b 00 03 46 00 00 ff a0 2b 00 03 46 00 00 ff a0 2b 00 03 46 00 00 ff a0 2b 00 04 46 00 06 ff 02 46 00 00 ff a0 2b 00 10 ff 02 46 00 00 ff 9f 2b 00 10 ff 02 46 00 00 ff 9f 2b 00 4a 18 00 00 ff 03 46 00 00 ff 03 46 00 00 ff 03 46 00 00 ff 03 46 00 00 ff 03 46 00 0b ff 02 46 00 00 ff a0 2b 00 03 46 00 ff ff ff ff ff ff ff ff ff ff ff ff ff ff ff ff ff ff ff ff ff ff 40 ff 78 01 0f 47 0a 78 02 65 28 00 78 03 26 0b 00 78 04 f9 46 0a 78 05 52 43 5f 00 78 06 8a 0d 00 78 07 04 47 0a 78 08 1a 47 0a 79 09 78 0a 51 46 00 78 0b 1c 44 00 78 0c 1d 44 00 a0 54 38 54 38 40 42 0f 00 7a 74 82 6a dd 01 06 b0 09 b0 09 19 00 64 d8 09 a1 0a 00 0a 00 0a 00 0a 00 0a 00 0a 00 0a 1e 82 c8 d7 8d a2 10 00 10 03 c0 a2 00 40 a0 54 38 54 38 40 42 0f 00 7a 74 82 6a dd 01 06 b0 09 58 0c 19 00 64 d8 09 8f a2 10 00 10 dc 05 8c a2 10 00 10 5e a0 54 38 3c 3c 40 42 0f 00 7a 74 82 6a dd 01 06 b0 09 78 0f 19 00 64 d8 09 8f a2 10 00 10 dc 05 8c a2 10 00 10 5a a0 54 38 2a 3f 40 42 0f 00 7a 74 82 6a dd 01 06 b0 09 d0 11 19 00 64 d8 09 8f a2 10 00 10 dc 05 8c a2 10 00 10 58 a0 54 38 92 40 40 42 0f 00 7a 74 82 6a dd 01 06 b0 09 d0 11 19 00 64 d8 09 b4 19 07 00 23 77 23 31 30 30 3b 8c a2 10 00 10 62 a0 ec 3e 92 40 40 42 0f 00 7a 74 82 6a dd 01 06 b0 09 d0 11 19 00 64 d8 09 8f a2 10 00 10 dc 05 80 a2 10 00 10 04 b4 18 33 00 53 75 61 20 c3 ba 6c 74 69 6d 61 20 76 69 73 69 74 61 20 66 6f 69 20 65 6d 20 57 65 64 20 53 65 70 20 31 36 20 31 34 3a 31 35 3a 33 37 20 32 30 32 36 2e b4 18 2d 00 53 65 6a 61 20 62 65 6d 2d 76 69 6e 64 6f 20 61 6f 20 66 61 6e 74 61 73 74 69 63 6f 20 6d 75 6e 64 6f 20 64 65 20 41 76 61 74 61 72 21 8e a2 10 00 10 3d 04 73 72 44 00 00 00 00 00 00 00 00 00 00 6a f6 01 59 01 07 03 61 00 00 00 00 00 a3 10 00 40 00 00 00 02 ba 04 00 00 00 00 00 00 00 00 00 00 00 00 00 00 00 dc 05 00 00 00 00 00 00 01 

ProtocolGame parse message exception (323 bytes, 275 unread, last opcode is 0x66 (102), prev opcode is 0x6d (109), proto: 860): invalid thing id (0)
44 01 54 a0 c8 91 3b 01 
6d f6 01 5a 01 07 04 f7 01 5a 01 07 
66 ae 44 00 48 18 00 00 ff ae 44 00 f4 45 00 00 ff 07 36 00 0e 09 00 ef 00 01 00 00 ff 07 36 00 09 46 00 02 46 00 00 ff a1 01 00 d5 45 00 00 ff a1 01 00 35 09 00 00 ff a1 01 00 d5 45 00 00 ff a1 01 00 35 09 00 00 ff a1 01 00 d5 45 00 00 ff a1 01 00 35 09 00 00 ff a1 01 00 de 09 00 00 ff ce 35 00 b1 44 00 ae 0a 00 f4 45 00 00 ff ae 44 00 af 12 00 61 0e 00 00 ff f1 45 00 af 44 00 ad 12 00 4a 18 00 00 ff f1 45 00 a9 12 00 00 ff f1 45 00 b6 44 00 00 ff f1 45 00 b0 44 00 49 18 00 00 ff f1 45 00 b4 44 00 00 ff 02 46 00 f3 45 00 00 ff a1 01 00 f7 45 00 00 ff a1 01 00 f7 45 00 00 ff a1 01 00 06 46 00 00 ff a1 01 00 f7 45 00 00 ff a0 2b 00 f7 45 00 00 ff a0 2b 00 03 46 00 00 ff a0 2b 00 03 46 00 00 ff a0 2b 00 03 46 00 00 ff a0 2b 00 03 46 00 00 ff a0 2b 00 04 46 00 06 ff f4 45 00 00 ff 9d 2b 00 00 ff 9f 2b 00 00 ff 9d 2b 00 00 ff a0 2b 00 00 ff a0 2b 00 02 46 00 67 ff 6d f6 01 59 01 07 03 f6 01 5a 01 07 

ProtocolGame parse message exception (8821 bytes, 4609 unread, last opcode is 0x64 (100), prev opcode is 0x0a (10), proto: 860): invalid thing id (0)
74 22 91 33 38 a2 6d 22 
0a ab 10 00 10 32 00 00 
64 f6 01 5a 01 07 b6 36 00 f7 45 00 00 ff b6 36 00 f7 45 00 00 ff b6 36 00 f7 45 00 00 ff b6 36 00 f7 45 00 00 ff b6 36 00 f7 45 00 00 ff b6 36 00 f7 45 00 00 ff b6 36 00 f7 45 00 00 ff b6 36 00 f7 45 00 00 ff b6 36 00 f7 45 00 00 ff b6 36 00 ad 0a 00 f7 45 00 00 ff b6 36 00 aa 0a 00 f7 45 00 00 ff b6 36 00 aa 0a 00 f7 45 00 00 ff b6 36 00 ac 0a 00 f5 45 00 00 ff ce 35 00 63 34 00 00 ff ce 35 00 63 34 00 00 ff ce 35 00 63 34 00 63 34 00 00 ff ce 35 00 63 34 00 3f 07 00 00 ff ce 35 00 63 34 00 00 ff ae 44 00 2f 25 00 00 ff ae 44 00 5f 45 00 2f 25 00 00 ff ae 44 00 2f 25 00 00 ff ae 44 00 2f 25 00 49 18 00 00 ff ae 44 00 2f 25 00 00 ff ae 44 00 e2 11 00 2f 25 00 00 ff ae 44 00 2f 25 00 49 18 00 00 ff ae 44 00 2f 25 00 00 ff ae 44 00 2f 25 00 49 18 00 00 ff ae 44 00 2f 25 00 41 07 00 00 ff ae 44 00 e3 11 00 2f 25 00 00 ff ae 44 00 e4 11 00 2f 25 00 00 ff ae 44 00 62 45 00 2f 25 00 00 ff ae 44 00 00 ff ae 44 00 49 0e 00 00 ff ae 44 00 00 ff ae 44 00 00 ff ae 44 00 00 ff ae 44 00 f7 45 00 00 ff ae 44 00 e3 11 00 0b 46 00 49 18 00 49 18 00 00 ff ae 44 00 af 0a 00 f3 45 00 00 ff ae 44 00 aa 0a 00 01 46 00 00 ff ae 44 00 8f 3f 00 ac 0a 00 f7 45 00 00 ff ae 44 00 8f 3f 00 5c 0b 00 f7 45 00 00 ff ae 44 00 8f 3f 00 f7 45 00 00 ff ae 44 00 91 3f 00 90 3f 00 8f 3f 00 f7 45 00 00 ff ae 44 00 f7 45 00 00 ff ae 44 00 5c 0b 00 ad 0a 00 f7 45 00 00 ff ae 44 00 aa 0a 00 f7 45 00 00 ff ae 44 00 ac 0a 00 f7 45 00 00 ff ae 44 00 40 07 00 00 ff ae 44 00 00 ff ae 44 00 00 ff ae 44 00 00 ff ae 44 00 4a 18 00 00 ff ae 44 00 00 ff f6 2a 00 f4 45 00 00 ff ae 44 00 26 0e 00 00 ff ae 44 00 a6 0a 00 f4 45 00 00 ff 2e 2e 00 95 3f 00 00 ff 2e 2e 00 00 ff 2e 2e 00 00 ff 2e 2e 00 00 ff 2e 2e 00 00 ff 07 36 00 69 34 00 00 ff 07 36 00 61 34 00 00 ff 07 36 00 61 34 00 ac 35 00 00 ff a1 01 00 61 34 00 f4 45 00 00 ff ae 44 00 62 0e 00 00 ff ae 44 00 00 ff ae 44 00 40 07 00 00 ff ae 44 00 3f 07 00 00 ff f1 45 00 b8 44 00 00 ff f1 45 00 b2 44 00 00 ff f6 2a 00 00 46 00 00 ff ae 44 00 49 0e 00 00 ff ae 44 00 92 3f 00 a6 0a 00 f4 45 00 00 ff 2e 2e 00 00 ff 2e 2e 00 65 34 00 00 ff 2e 2e 00 63 34 00 00 ff 2e 2e 00 66 34 00 00 ff 2e 2e 00 00 ff 07 36 00 60 34 00 00 ff 07 36 00 00 ff 07 36 00 00 ff a1 01 00 00 46 00 00 ff ae 44 00 dc 35 00 00 ff ae 44 00 00 ff ae 44 00 00 ff f1 45 00 b8 44 00 00 ff f1 45 00 b3 44 00 00 ff f1 45 00 00 ff f6 2a 00 f4 45 00 00 ff ae 44 00 4a 18 00 00 ff ae 44 00 92 3f 00 a8 0a 00 f4 45 00 00 ff 2e 2e 00 00 ff 2e 2e 00 62 34 00 00 ff 2e 2e 00 b8 43 00 00 ff 2e 2e 00 60 34 00 00 ff 2e 2e 00 00 ff 07 36 00 60 34 00 00 ff 07 36 00 00 ff 07 36 00 00 ff 07 36 00 62 34 00 f3 45 00 f4 45 00 00 ff ae 44 00 4a 18 00 00 ff f1 45 00 b8 44 00 00 ff f1 45 00 b2 44 00 00 ff f1 45 00 b3 44 00 00 ff f1 45 00 41 07 00 00 ff f1 45 00 b6 44 00 00 ff f6 2a 00 f5 45 00 00 ff ae 44 00 00 ff ae 44 00 92 3f 00 59 3f 00 8c 0a 00 f4 45 00 00 ff 2e 2e 00 00 ff 2e 2e 00 67 34 00 00 ff 2e 2e 00 61 34 00 00 ff 2e 2e 00 64 34 00 00 ff 2e 2e 00 00 ff 07 36 00 60 34 00 00 ff 07 36 00 00 ff 07 36 00 00 ff 07 36 00 62 34 00 00 ff ae 44 00 48 18 00 00 ff f1 45 00 af 44 00 00 ff f1 45 00 00 ff f1 45 00 00 ff f1 45 00 b6 44 00 00 ff f1 45 00 b7 44 00 00 ff f6 2a 00 f4 45 00 00 ff ae 44 00 41 07 00 00 ff 7a 20 00 94 3f 00 93 3f 00 94 3f 00 93 3f 00 92 3f 00 f4 45 00 00 ff 2e 2e 00 00 ff 2e 2e 00 00 ff 2e 2e 00 00 ff 2e 2e 00 00 ff 2e 2e 00 00 ff 07 36 00 60 34 00 00 ff 07 36 00 00 ff 07 36 00 00 ff 07 36 00 62 34 00 00 ff f1 45 00 b2 44 00 b8 44 00 00 ff f1 45 00 b3 44 00 00 ff f1 45 00 00 ff f1 45 00 00 ff f1 45 00 b1 44 00 00 ff ae 44 00 00 ff f6 2a 00 f4 45 00 00 ff ae 44 00 49 18 00 00 ff 20 2e 00 a9 0a 00 f4 45 00 00 ff 07 36 00 69 34 00 00 ff 07 36 00 61 34 00 00 ff 07 36 00 61 34 00 61 00 00 00 00 00 21 04 00 80 04 00 4b 6f 69 6e 64 03 92 04 72 00 64 72 00 00 00 00 00 00 00 00 00 00 00 96 00 00 00 00 00 00 01 00 00 ff 07 36 00 61 34 00 00 ff 07 36 00 61 34 00 00 ff 07 36 00 64 34 00 00 ff 07 36 00 00 ff 07 36 00 00 ff 07 36 00 32 12 00 62 34 00 00 ff f1 45 00 af 44 00 49 07 00 00 ff f1 45 00 00 ff f1 45 00 4a 18 00 00 ff f1 45 00 00 ff f1 45 00 b5 44 00 00 ff f1 45 00 ba 44 00 00 ff f6 2a 00 a9 0a 00 f4 45 00 00 ff ae 44 00 00 ff 21 2e 00 a6 0a 00 f4 45 00 00 ff 07 36 00 60 34 00 00 ff 07 36 00 00 ff 07 36 00 00 ff 07 36 00 00 ff 07 36 00 00 ff 07 36 00 00 ff 07 36 00 00 ff 07 36 00 00 ff 07 36 00 30 12 00 b6 44 00 f4 45 00 00 ff f1 45 00 b9 44 00 00 ff f1 45 00 b4 44 00 00 ff f1 45 00 00 ff f1 45 00 00 ff f1 45 00 49 18 00 00 ff f1 45 00 b5 44 00 00 ff f6 2a 00 a8 0a 00 f4 45 00 00 ff ae 44 00 4b 07 00 00 ff 21 2e 00 a8 0a 00 f4 45 00 00 ff 07 36 00 60 34 00 00 ff 07 36 00 00 ff 07 36 00 00 ff 07 36 00 00 ff 07 36 00 00 ff 07 36 00 00 ff 07 36 00 00 ff 07 36 00 00 ff a1 01 00 30 12 00 30 12 00 b1 44 00 00 46 00 00 ff ae 44 00 72 0e 00 00 ff f1 45 00 34 12 00 af 44 00 00 ff f1 45 00 00 ff f1 45 00 00 ff f1 45 00 00 ff f1 45 00 00 ff f6 2a 00 f5 45 00 00 ff ae 44 00 00 ff ae 44 00 f4 45 00 00 ff a1 01 00 f7 45 00 00 ff 07 36 00 f7 45 00 00 ff 07 36 00 63 34 00 ac 12 00 54 41 00 f7 45 00 00 ff 07 36 00 63 34 00 a6 12 00 f7 45 00 00 ff 07 36 00 63 34 00 aa 12 00 54 41 00 f7 45 00 00 ff 07 36 00 b6 44 00 f7 45 00 ad 0a 00 f3 45 00 00 ff 07 36 00 01 46 00 00 ff f6 2a 00 af 44 00 f7 45 00 00 ff f6 2a 00 32 12 00 b0 44 00 b5 44 00 59 3f 00 f5 45 00 00 ff f1 45 00 b8 44 00 00 ff f1 45 00 b3 44 00 00 ff f1 45 00 00 ff f1 45 00 00 ff f1 45 00 b6 44 00 00 ff f1 45 00 b0 44 00 00 ff ae 44 00 00 ff ae 44 00 49 18 00 00 ff ae 44 00 62 0e 00 00 ff ae 44 00 dc 11 00 48 0e 00 00 ff ae 44 00 00 ff ae 44 00 b0 12 00 00 ff ae 44 00 ad 12 00 41 07 00 00 ff ae 44 00 a9 12 00 00 ff ae 44 00 00 ff ae 44 00 72 0e 00 00 ff ae 44 00 49 18 00 00 ff ae 44 00 4a 18 00 00 ff f1 45 00 af 44 00 00 ff f1 45 00 49 07 00 00 ff f1 45 00 00 ff f1 45 00 b6 44 00 00 ff f1 45 00 b7 44 00 41 07 00 00 ff ae 44 00 49 18 00 00 ff ae 44 00 40 07 00 00 ff ae 44 00 f3 45 00 00 ff ae 44 00 f7 45 00 00 ff ae 44 00 01 46 00 00 ff ae 44 00 f7 45 00 00 ff 07 36 00 63 34 00 ad 12 00 54 41 00 f7 45 00 00 ff 07 36 00 63 34 00 a9 12 00 54 41 00 f7 45 00 00 ff 07 36 00 63 34 00 54 41 00 f7 45 00 00 ff 07 36 00 63 34 00 54 41 00 f7 45 00 ad 0a 00 00 ff ae 44 00 ac 0a 00 01 46 00 00 ff ae 44 00 f7 45 00 00 ff ae 44 00 e3 11 00 00 ff f1 45 00 b0 44 00 af 44 00 00 ff f1 45 00 b4 44 00 00 ff f1 45 00 b6 44 00 00 ff f1 45 00 b7 44 00 00 ff ae 44 00 3d 08 00 00 ff f1 45 00 b8 44 00 61 00 00 00 00 00 a9 07 00 40 07 00 43 68 69 63 6b 65 6e 64 01 6f 00 00 00 00 00 00 00 00 00 00 00 00 00 00 00 00 b4 00 00 00 00 00 00 01 00 00 ff ae 44 00 00 ff ae 44 00 f4 45 00 00 ff 07 36 00 00 ff 07 36 00 00 ff 07 36 00 00 ff 07 36 00 00 ff 07 36 00 00 ff 07 36 00 ab 12 00 00 ff 07 36 00 af 12 00 00 ff 07 36 00 61 34 00 4c 18 00 4b 18 00 f2 45 00 00 ff 6a 00 00 61 34 00 8b 0a 00 f4 45 00 00 ff ae 44 00 62 0e 00 00 ff ae 44 00 b9 44 00 00 ff f1 45 00 af 44 00 b4 44 00 00 ff f1 45 00 b5 44 00 00 ff f1 45 00 ba 44 00 49 07 00 00 ff ae 44 00 94 07 00 00 ff f1 45 00 af 44 00 00 ff ae 44 00 49 18 00 00 ff ae 44 00 f4 45 00 00 ff 07 36 00 00 ff 07 36 00 00 ff 07 36 00 00 ff 07 36 00 3f 07 00 00 ff 07 36 00 00 ff 07 36 00 63 34 00 a6 12 00 00 ff 07 36 00 ab 12 00 66 34 00 aa 12 00 61 00 00 00 00 00 ab 10 00 10 06 00 53 69 72 69 75 73 64 02 c8 04 73 72 44 00 00 00 00 00 00 00 00 00 00 03 c0 dc 05 00 00 03 00 00 00 00 00 ff 07 36 00 a8 12 00 00 ff 07 36 00 a8 12 00 f4 45 00 00 ff ae 44 00 af 0a 00 f7 45 00 00 ff ae 44 00 ac 12 00 4a 18 00 00 ff f1 45 00 af 44 00 aa 12 00 00 ff f1 45 00 00 ff f1 45 00 b5 44 00 00 ff f1 45 00 b2 44 00 00 ff f1 45 00 b3 44 00 00 ff ae 44 00 26 0e 00 00 ff ae 44 00 f4 45 00 00 ff 07 36 00 0c 36 00 11 36 00 00 ff 07 36 00 00 ff 07 36 00 00 ff 07 36 00 00 ff 07 36 00 62 34 00 00 ff 6a 00 00 4e 18 00 4f 18 00 4d 18 00 f2 45 00 00 ff 07 36 00 60 34 00 a5 12 00 00 ff 07 36 00 00 ff 07 36 00 ac 35 00 00 ff 07 36 00 a8 0a 00 f4 45 00 00 ff ae 44 00 b0 12 00 26 0e 00 00 ff f1 45 00 b9 44 00 ae 12 00 49 18 00 00 ff f1 45 00 b4 44 00 aa 12 00 00 ff f1 45 00 00 ff f1 45 00 00 ff f1 45 00 00 ff ae 44 00 46 0e 00 00 ff ae 44 00 7f 2f 00 f4 45 00 00 ff 07 36 00 15 36 00 12 36 00 00 ff 08 36 00 00 ff 08 36 00 00 ff 08 36 00 00 ff 07 36 00 67 34 00 00 ff 07 36 00 61 34 00 a8 12 00 65 34 00 00 ff 07 36 00 a9 12 00 64 34 00 a9 12 00 63 34 00 00 ff 07 36 00 66 34 00 00 ff 07 36 00 00 ff 07 36 00 62 34 00 00 ff 6a 00 00 00 ff 6a 00 00 00 ff f1 45 00 af 44 00 ae 12 00 00 ff f1 45 00 aa 12 00 00 ff f1 45 00 de 11 00 00 ff f1 45 00 00 ff ae 44 00 00 ff ae 44 00 00 46 00 00 ff 07 36 00 61 00 00 00 00 00 24 04 00 80 05 00 43 61 72 6c 61 64 02 fa 04 00 00 00 00 00 00 00 00 00 00 00 00 00 00 00 6e 00 00 00 00 00 00 01 00 26 36 00 00 ff 08 36 00 00 ff 0a 36 00 58 41 00 56 41 00 00 ff 08 36 00 00 ff 07 36 00 00 ff 07 36 00 62 34 00 00 ff 07 36 00 9b 07 00 00 ff 07 36 00 60 34 00 00 ff 07 36 00 00 ff 07 36 00 62 34 00 00 ff 6a 00 00 00 ff 6a 00 00 00 ff f1 45 00 af 44 00 ad 12 00 00 ff f1 45 00 a9 12 00 00 ff f1 45 00 00 ff f1 45 00 00 ff ae 44 00 48 18 00 00 ff ae 44 00 7f 2f 00 f4 45 00 00 ff 07 36 00 00 ff 08 36 00 00 ff 08 36 00 00 ff 08 36 00 00 ff 07 36 00 00 ff 07 36 00 63 34 00 a6 12 00 67 34 00 00 ff 07 36 00 66 34 00 aa 12 00 61 34 00 00 ff 07 36 00 64 34 00 00 ff 07 36 00 00 ff 07 36 00 62 34 00 00 ff 6a 00 00 00 ff 6a 00 00 00 ff f1 45 00 af 44 00 a5 12 00 00 ff f1 45 00 00 ff f1 45 00 00 ff f1 45 00 00 ff ae 44 00 49 18 00 00 ff ae 44 00 f4 45 00 00 ff 07 36 00 20 36 00 00 ff 07 36 00 00 ff 07 36 00 00 ff 07 36 00 00 ff 07 36 00 62 34 00 00 ff 6a 00 00 4e 18 00 4b 18 00 f2 45 00 00 ff 07 36 00 60 34 00 a5 12 00 00 ff 07 36 00 41 07 00 00 ff 07 36 00 ac 35 00 00 ff e4 35 00 a8 0a 00 f4 45 00 00 ff ae 44 00 ad 12 00 e7 11 00 b9 2d 00 00 ff f1 45 00 b8 44 00 a8 12 00 4a 18 00 00 ff f1 45 00 b3 44 00 a9 12 00 00 ff f1 45 00 00 ff f1 45 00 00 ff f1 45 00 00 ff ae 44 00 00 ff ae 44 00 f4 45 00 00 ff 07 36 00 21 36 00 00 ff 07 36 00 00 ff 07 36 00 00 ff 07 36 00 00 ff 07 36 00 67 34 00 00 ff 07 36 00 a9 12 00 ab 12 00 61 34 00 a8 12 00 00 ff 07 36 00 ac 12 00 a9 12 00 64 34 00 a9 12 00 00 ff 07 36 00 a6 12 00 4d 18 00 4e 18 00 00 ff e4 35 00 0c 28 00 a6 12 00 f3 45 00 00 ff e4 35 00 f5 45 00 00 ff ae 44 00 a9 12 00 62 0e 00 00 ff f1 45 00 0e 28 00 af 44 00 af 44 00 00 ff f1 45 00 00 ff f1 45 00 b6 44 00 00 ff f1 45 00 b0 44 00 00 ff f1 45 00 b4 44 00 00 ff ae 44 00 00 ff ae 44 00 f4 45 00 00 ff 07 36 00 a8 0a 00 28 36 00 00 ff 07 36 00 00 ff 07 36 00 00 ff 07 36 00 00 ff 07 36 00 00 ff 07 36 00 ac 12 00 00 ff 07 36 00 b0 12 00 00 ff 07 36 00 4c 18 00 50 18 00 4f 18 00 f2 45 00 00 ff 6a 00 00 f4 45 00 00 ff ae 44 00 26 0e 00 00 ff f1 45 00 b2 44 00 b8 44 00 ad 0d 00 00 ff f1 45 00 b3 44 00 b3 44 00 00 ff f1 45 00 00 ff f1 45 00 b1 44 00 00 ff ae 44 00 61 0e 00 00 ff f1 45 00 b9 44 00 00 ff ae 44 00 49 18 00 00 ff ae 44 00 f4 45 00 00 ff 6a 00 00 f7 45 00 00 ff 6c 00 00 ad 0a 00 01 46 00 00 ff e4 35 00 a5 12 00 aa 0a 00 f7 45 00 00 ff e4 35 00 ac 0a 00 f7 45 00 00 ff e4 35 00 f7 45 00 00 ff e4 35 00 a7 12 00 f7 45 00 00 ff 6a 00 00 ad 0a 00 f7 45 00 00 ff 6a 00 00 ac 0a 00 01 46 00 00 ff 6a 00 00 f5 45 00 00 ff ae 44 00 b9 2d 00 00 ff f1 45 00 af 44 00 00 ff f1 45 00 4a 18 00 00 ff f1 45 00 00 ff f1 45 00 b1 44 00 00 ff ae 44 00 4a 18 00 00 ff ae 44 00 00 ff ae 44 00 0b 46 00 00 ff ae 44 00 00 ff ae 44 00 49 18 00 00 ff ae 44 00 49 18 00 00 ff ae 44 00 00 ff ae 44 00 00 ff ae 44 00 47 18 00 00 ff ae 44 00 61 0e 00 00 ff ae 44 00 48 18 00 00 ff ae 44 00 4a 18 00 00 ff ae 44 00 47 18 00 00 ff ae 44 00 00 ff f1 45 00 b9 44 00 00 ff f1 45 00 b4 44 00 00 ff f1 45 00 00 ff f1 45 00 b5 44 00 49 07 00 00 ff f1 45 00 b2 44 00 00 ff f1 45 00 b2 44 00 00 ff ae 44 00 4b 07 00 00 ff ae 44 00 f3 45 00 00 ff ae 44 00 f7 45 00 00 ff ae 44 00 f7 45 00 00 ff ae 44 00 f7 45 00 00 ff ae 44 00 5c 0b 00 f7 45 00 00 ff ae 44 00 01 46 00 00 ff ae 44 00 ad 0a 00 f7 45 00 00 ff ae 44 00 aa 0a 00 f7 45 00 00 ff ae 44 00 ac 0a 00 f7 45 00 00 ff ae 44 00 5c 0b 00 f7 45 00 00 ff ae 44 00 f7 45 00 00 ff ae 44 00 dc 35 00 00 ff f1 45 00 0f 28 00 af 44 00 4a 18 00 00 ff f1 45 00 00 ff f1 45 00 00 ff f1 45 00 e3 11 00 00 ff f1 45 00 00 ff ae 44 00 00 ff ae 44 00 f4 45 00 00 ff 07 36 00 f2 45 00 00 ff 07 36 00 02 46 00 00 ff a1 01 00 d5 45 00 00 ff a1 01 00 35 09 00 00 ff a1 01 00 d5 45 00 00 ff a1 01 00 35 09 00 00 ff a1 01 00 d2 15 00 00 ff a1 01 00 d5 15 00 00 ff a1 01 00 d8 15 00 00 ff a1 01 00 62 34 00 42 24 00 f4 45 00 00 ff f1 45 00 b8 44 00 00 ff f1 45 00 b3 44 00 00 ff f1 45 00 00 ff f1 45 00 00 ff f1 45 00 00 ff f1 45 00 00 ff ae 44 00 4a 18 00 00 ff ae 44 00 f4 45 00 00 ff 07 36 00 0d 09 00 0c 01 01 00 00 ff 07 36 00 02 46 00 00 ff a1 01 00 00 ff a1 01 00 00 ff a1 01 00 00 ff a1 01 00 00 ff a1 01 00 d3 15 00 00 ff f6 2a 00 d6 15 00 00 ff a1 01 00 d9 15 00 00 ff a1 01 00 8b 16 00 62 34 00 00 ff f1 45 00 b3 44 00 00 ff f1 45 00 4b 07 00 00 ff f1 45 00 49 18 00 00 ff f1 45 00 00 ff f1 45 00 00 ff f1 45 00 00 ff ae 44 00 00 ff ae 44 00 f4 45 00 00 ff 07 36 00 0e 09 00 ed 00 01 00 00 ff 07 36 00 02 46 00 00 ff a1 01 00 d5 45 00 00 ff a1 01 00 35 09 00 00 ff a1 01 00 d5 45 00 00 ff a1 01 00 35 09 00 00 ff a1 01 00 d3 15 00 00 ff f6 2a 00 d6 15 00 00 ff a1 01 00 d9 15 00 00 ff a1 01 00 8b 16 00 62 34 00 00 ff f1 45 00 b0 44 00 00 ff f1 45 00 b4 44 00 00 ff f1 45 00 00 ff f1 45 00 00 ff f1 45 00 00 ff f1 45 00 00 ff ae 44 00 49 0e 00 00 ff ae 44 00 f4 45 00 00 ff 07 36 00 0e 09 00 ee 00 01 00 00 ff 07 36 00 02 46 00 00 ff a1 01 00 00 ff a1 01 00 00 ff a1 01 00 00 ff a1 01 00 00 ff a1 01 00 d4 15 00 00 ff a1 01 00 d7 15 00 00 ff a1 01 00 da 15 00 00 ff a1 01 00 b7 44 00 62 34 00 20 14 00 43 24 00 a9 0a 00 f4 45 00 00 ff ae 44 00 49 0e 00 00 ff f1 45 00 af 44 00 00 ff f1 45 00 49 07 00 00 ff f1 45 00 00 ff f1 45 00 00 ff f1 45 00 00 ff ae 44 00 4a 18 00 00 ff ae 44 00 f4 45 00 00 ff 07 36 00 0e 09 00 0a 01 01 00 00 ff 07 36 00 02 46 00 00 ff a1 01 00 d5 45 00 00 ff a1 01 00 35 09 00 00 ff a1 01 00 d5 45 00 00 ff a1 01 00 35 09 00 00 ff a1 01 00 d5 45 00 00 ff a1 01 00 35 09 00 00 ff a1 01 00 00 ff f6 2a 00 f4 45 00 00 ff ae 44 00 a6 12 00 4a 18 00 00 ff f1 45 00 af 44 00 a6 12 00 00 ff f1 45 00 a6 12 00 00 ff f1 45 00 aa 12 00 00 ff f1 45 00 00 ff f1 45 00 00 ff ae 44 00 00 ff ae 44 00 f4 45 00 00 ff 07 36 00 0e 09 00 ec 00 01 00 00 ff 07 36 00 02 46 00 00 ff a1 01 00 00 ff a1 01 00 00 ff a1 01 00 00 ff a1 01 00 00 ff a1 01 00 00 ff a1 01 00 00 ff a1 01 00 00 ff ce 35 00 b5 44 00 04 05 00 ae 0a 00 f4 45 00 00 ff 6a 00 00 9b 07 00 00 ff 6a 00 00 00 ff f1 45 00 ad 12 00 00 ff f1 45 00 a9 12 00 00 ff f1 45 00 00 ff f1 45 00 00 ff 00 ff 00 ff 00 ff 00 ff 00 ff 0c ff 00 ff 09 46 00 00 ff 03 46 00 00 ff 03 46 00 00 ff 03 46 00 00 ff 03 46 00 00 ff 03 46 00 00 ff 03 46 00 00 ff 03 46 00 00 ff 03 46 00 00 ff 03 46 00 07 ff 26 0e 00 00 ff 02 46 00 00 ff 9d 2b 00 00 ff 9d 2b 00 00 ff a0 2b 00 00 ff 9f 2b 00 00 ff 9f 2b 00 00 ff 9f 2b 00 00 ff a0 2b 00 00 ff 9d 2b 00 00 ff 9d 2b 00 02 46 00 07 ff 00 ff 02 46 00 00 ff a0 2b 00 00 ff a0 2b 00 00 ff 9f 2b 00 00 ff 9f 2b 00 00 ff 9d 2b 00 00 ff a0 2b 00 00 ff a0 2b 00 00 ff 9d 2b 00 00 ff 9d 2b 00 02 46 00 07 ff 00 ff 02 46 00 00 ff 9f 2b 00 00 ff 9d 2b 00 00 ff 9d 2b 00 00 ff 9d 2b 00 00 ff 9d 2b 00 00 ff 9d 2b 00 00 ff 9d 2b 00 00 ff 9d 2b 00 00 ff 9d 2b 00 02 46 00 07 ff 00 ff 62 34 00 62 34 00 02 46 00 00 ff 9f 2b 00 00 ff 9f 2b 00 00 ff 9d 2b 00 00 ff 9d 2b 00 00 ff 9d 2b 00 00 ff 9f 2b 00 00 ff 9d 2b 00 00 ff a0 2b 00 00 ff 9f 2b 00 02 46 00 07 ff 00 ff 02 46 00 00 ff a0 2b 00 00 ff 9f 2b 00 00 ff 9f 2b 00 00 ff 9d 2b 00 00 ff 9f 2b 00 00 ff 9f 2b 00 00 ff 9d 2b 00 00 ff a0 2b 00 00 ff a0 2b 00 02 46 00 07 ff 00 ff 02 46 00 00 ff 9f 2b 00 00 ff a0 2b 00 00 ff a0 2b 00 00 ff 9d 2b 00 00 ff 9f 2b 00 00 ff 9f 2b 00 00 ff a0 2b 00 00 ff 9f 2b 00 00 ff 9f 2b 00 02 46 00 07 ff 00 ff 02 46 00 00 ff a0 2b 00 00 ff 9d 2b 00 00 ff 9d 2b 00 00 ff 9d 2b 00 00 ff 9f 2b 00 00 ff 9d 2b 00 00 ff a0 2b 00 00 ff 9d 2b 00 00 ff 9d 2b 00 02 46 00 07 ff 00 ff 02 46 00 00 ff 9d 2b 00 00 ff a0 2b 00 00 ff 9f 2b 00 00 ff a0 2b 00 00 ff 9d 2b 00 00 ff a0 2b 00 00 ff a0 2b 00 00 ff 9d 2b 00 00 ff 9d 2b 00 02 46 00 07 ff 00 ff 02 46 00 00 ff 9d 2b 00 03 46 00 00 ff 9d 2b 00 03 46 00 00 ff 9d 2b 00 03 46 00 00 ff 9d 2b 00 03 46 00 00 ff 9d 2b 00 03 46 00 00 ff 9f 2b 00 03 46 00 09 46 00 00 ff 9d 2b 00 03 46 00 00 ff 9d 2b 00 03 46 00 00 ff 9d 2b 00 04 46 00 07 ff 00 ff 00 ff 00 ff 00 ff 00 ff 0c ff f3 45 00 00 ff e0 35 00 f7 45 00 00 ff e0 35 00 01 46 00 00 ff e0 35 00 f7 45 00 00 ff e0 35 00 af 0a 00 f7 45 00 00 ff e0 35 00 ac 0a 00 f7 45 00 00 ff e0 35 00 01 46 00 00 ff ce 35 00 f7 45 00 00 ff ac 0a 00 01 46 00 00 ff f7 45 00 08 ff 4f 18 00 f4 45 00 00 ff 00 ff 00 ff 00 ff 42 24 00 a8 0a 00 f4 45 00 00 ff fc 35 00 69 34 00 ac 35 00 00 ff fc 35 00 61 34 00 42 07 00 00 ff fc 35 00 61 34 00 af 12 00 0b 46 00 4f 18 00 00 ff 6a 00 00 61 34 00 4b 18 00 4c 18 00 f2 45 00 00 ff 6a 00 00 61 34 00 f4 45 00 07 ff f3 45 00 00 ff f4 45 00 00 ff 00 ff 00 ff 00 ff 02 46 00 00 ff fc 35 00 60 34 00 00 ff fc 35 00 00 ff fc 35 00 ab 12 00 00 ff fc 35 00 af 12 00 00 ff 6a 00 00 f4 45 00 00 ff f7 45 00 06 ff f4 45 00 f4 45 00 00 ff a9 0a 00 f4 45 00 00 ff 00 ff 00 ff 00 ff 02 46 00 00 ff fc 35 00 60 34 00 00 ff fc 35 00 4a 18 00 00 ff fc 35 00 00 ff fc 35 00 ab 12 00 00 ff fc 35 00 a8 12 00 ac 35 00 00 ff fc 35 00 f4 45 00 00 ff 0d 35 00 03 46 00 00 ff 0d 35 00 03 46 00 00 ff 0d 35 00 03 46 00 00 ff 0d 35 00 03 46 00 00 ff 0d 35 00 03 46 00 00 ff 0d 35 00 03 46 00 00 ff 0d 35 00 62 34 00 44 24 00 03 46 00 f4 45 00 f4 45 00 00 ff a6 0a 00 f4 45 00 00 ff 00 ff 00 ff 00 ff 02 46 00 00 ff fc 35 00 68 34 00 00 ff fc 35 00 65 34 00 66 34 00 00 ff fc 35 00 63 34 00 00 ff fc 35 00 66 34 00 00 ff fc 35 00 00 ff fc 35 00 00 ff fc 35 00 00 ff fc 35 00 00 ff fc 35 00 00 ff fc 35 00 00 ff fc 35 00 00 ff fc 35 00 00 ff fc 35 00 62 34 00 00 ff a8 0a 00 f4 45 00 00 ff 00 ff 00 ff 00 ff 02 46 00 00 ff 8b 34 00 9d 07 00 00 ff fc 35 00 62 34 00 60 34 00 00 ff da 12 00 00 ff fc 35 00 60 34 00 00 ff fc 35 00 00 ff fc 35 00 00 ff fc 35 00 00 ff fc 35 00 00 ff fc 35 00 00 ff fc 35 00 00 ff fc 35 00 00 ff fc 35 00 00 ff fc 35 00 62 34 00 00 ff f4 45 00 00 ff 00 ff 00 ff 00 ff 02 46 00 00 ff fc 35 00 69 34 00 00 ff fc 35 00 67 34 00 64 34 00 00 ff fc 35 00 61 34 00 00 ff fc 35 00 64 34 00 00 ff fc 35 00 00 ff fc 35 00 09 46 00 00 ff fc 35 00 03 46 00 00 ff fc 35 00 03 46 00 00 ff fc 35 00 03 46 00 00 ff fc 35 00 03 46 00 00 ff fc 35 00 03 46 00 00 ff fc 35 00 03 46 00 00 ff fc 35 00 62 34 00 00 ff f4 45 00 00 ff 00 ff 00 ff 00 ff 02 46 00 00 ff fc 35 00 60 34 00 4a 18 00 00 ff fc 35 00 40 07 00 00 ff fc 35 00 4a 18 00 00 ff fc 35 00 ac 12 00 00 ff fc 35 00 ac 35 00 00 ff e0 35 00 62 34 00 f4 45 00 06 ff 13 35 00 62 34 00 43 24 00 f4 45 00 00 ff f4 45 00 00 ff 00 ff 00 ff 00 ff 02 46 00 00 ff fc 35 00 60 34 00 00 ff fc 35 00 00 ff fc 35 00 ac 12 00 00 ff fc 35 00 b0 12 00 00 ff 6a 00 00 f3 45 00 00 ff e0 35 00 f5 45 00 06 ff f4 45 00 00 ff f4 45 00 00 ff 00 ff 00 ff 00 ff 02 46 00 00 ff fc 35 00 60 34 00 ac 35 00 00 ff fc 35 00 00 ff fc 35 00 a7 12 00 00 ff 6a 00 00 4d 18 00 4f 18 00 f2 45 00 00 ff 6a 00 00 f4 45 00 07 ff 00 46 00 00 ff f4 45 00 00 ff f7 45 00 00 ff 01 46 00 00 ff ad 0a 00 f7 45 00 00 ff ac 0a 00 43 24 00 f5 45 00 00 ff e4 35 00 f7 45 00 00 ff e4 35 00 ac 12 00 01 46 00 00 ff e4 35 00 b0 12 00 ad 0a 00 f7 45 00 00 ff 6a 00 00 ac 0a 00 8c 0a 00 01 46 00 00 ff 6a 00 00 f5 45 00 07 ff f4 45 00 00 ff 00 ff 00 ff 00 ff 00 ff 00 ff 00 ff 0a ff f4 45 00 00 ff f3 45 00 00 ff a1 01 00 f7 45 00 00 ff a1 01 00 01 46 00 00 ff a1 01 00 5c 0b 00 f7 45 00 00 ff a1 01 00 f7 45 00 00 ff a1 01 00 f7 45 00 00 ff a1 01 00 f7 45 00 00 ff a1 01 00 01 46 00 00 ff a1 01 00 f7 45 00 00 ff a1 01 00 5c 0b 00 f7 45 00 00 ff f7 45 00 06 ff f4 45 00 00 ff f4 45 00 00 ff a1 01 00 bd 09 00 00 ff a1 01 00 00 ff a1 01 00 00 ff a1 01 00 00 ff a1 01 00 f4 45 00 00 ff a1 01 00 bd 09 00 00 ff a1 01 00 00 ff a1 01 00 00 ff a1 01 00 00 ff a1 01 00 f4 45 00 06 ff 00 46 00 00 ff f4 45 00 00 ff a1 01 00 be 09 00 00 ff a1 01 00 00 ff a1 01 00 00 ff a1 01 00 00 ff a1 01 00 f4 45 00 00 ff a1 01 00 be 09 00 00 ff a1 01 00 00 ff a1 01 00 00 ff a1 01 00 00 ff a1 01 00 f4 45 00 06 ff 33 21 00 f4 45 00 00 ff 00 46 00 00 ff a1 01 00 00 ff a1 01 00 00 ff a1 01 00 00 ff a1 01 00 00 ff a1 01 00 f4 45 00 00 ff a1 01 00 00 ff a1 01 00 00 ff a1 01 00 00 ff a1 01 00 00 ff a1 01 00 00 46 00 06 ff f4 45 00 00 ff f4 45 00 00 ff a1 01 00 00 ff a1 01 00 00 ff a1 01 00 00 ff a1 01 00 00 ff a1 01 00 f4 45 00 00 ff a1 01 00 00 ff a1 01 00 00 ff a1 01 00 00 ff a1 01 00 00 ff a1 01 00 f4 45 00 06 ff 9a 34 00 f4 45 00 00 ff f4 45 00 00 ff a1 01 00 f7 45 00 00 ff a1 01 00 5c 0b 00 f7 45 00 00 ff a1 01 00 f7 45 00 00 ff a1 01 00 06 46 00 00 ff a1 01 00 f5 45 00 00 ff a1 01 00 f7 45 00 00 ff a1 01 00 f7 45 00 00 ff a1 01 00 06 46 00 00 ff a1 01 00 f7 45 00 00 ff a1 01 00 f5 45 00 06 ff 9a 34 00 9a 34 00 f4 45 00 00 ff b7 01 00 02 46 00 00 ff a0 2b 00 de 09 00 00 ff a0 2b 00 44 09 00 00 ff a0 2b 00 45 09 00 00 ff a0 2b 00 00 ff a0 2b 00 00 ff a0 2b 00 00 ff a0 2b 00 de 11 00 00 ff a0 2b 00 00 ff a0 2b 00 00 ff a0 2b 00 62 34 00 00 ff d5 01 00 05 ff 9a 34 00 f4 45 00 00 ff b7 01 00 02 46 00 00 ff a0 2b 00 0b 46 00 00 ff a0 2b 00 00 ff a0 2b 00 e5 11 00 00 ff a0 2b 00 00 ff a0 2b 00 00 ff a0 2b 00 00 ff a0 2b 00 00 ff a0 2b 00 df 11 00 00 ff a0 2b 00 00 ff a0 2b 00 62 34 00 02 46 00 06 ff 9a 34 00 f4 45 00 c6 ff 03 46 00 00 ff 03 46 00 00 ff 03 46 00 00 ff 03 46 00 00 ff 03 46 00 00 ff 03 46 00 00 ff 03 46 00 00 ff 03 46 00 00 ff 03 46 00 09 ff 9d 2b 00 00 ff 9d 2b 00 00 ff 9f 2b 00 00 ff 9f 2b 00 00 ff 9d 2b 00 00 ff 9f 2b 00 00 ff 9d 2b 00 00 ff 9d 2b 00 00 ff 9d 2b 00 02 46 00 07 ff 09 46 00 00 ff 03 46 00 00 ff 9d 2b 00 00 ff 9d 2b 00 00 ff a0 2b 00 00 ff 9d 2b 00 00 ff 9f 2b 00 00 ff 9f 2b 00 00 ff a0 2b 00 00 ff 9d 2b 00 00 ff 9d 2b 00 02 46 00 00 ff 03 46 00 06 ff 02 46 00 00 ff 9f 2b 00 00 ff a0 2b 00 00 ff 9f 2b 00 00 ff 9f 2b 00 00 ff a0 2b 00 00 ff 9f 2b 00 00 ff 9f 2b 00 00 ff 9d 2b 00 00 ff 9d 2b 00 00 ff a0 2b 00 00 ff a0 2b 00 02 46 00 06 ff 02 46 00 00 ff 9d 2b 00 00 ff 9f 2b 00 00 ff 9d 2b 00 00 ff 9f 2b 00 00 ff 9f 2b 00 00 ff a0 2b 00 00 ff a0 2b 00 00 ff 9f 2b 00 00 ff 9d 2b 00 00 ff a0 2b 00 00 ff 9f 2b 00 02 46 00 06 ff 02 46 00 00 ff 9d 2b 00 1e 46 00 00 ff a0 2b 00 00 ff 9f 2b 00 00 ff 9f 2b 00 00 ff 9f 2b 00 00 ff 9f 2b 00 00 ff 9d 2b 00 00 ff 9d 2b 00 00 ff 9d 2b 00 00 ff 9d 2b 00 00 ff a0 2b 00 02 46 00 06 ff 02 46 00 00 ff 9d 2b 00 1f 46 00 00 ff a0 2b 00 00 ff 9f 2b 00 00 ff a0 2b 00 00 ff 9f 2b 00 00 ff 9f 2b 00 00 ff a0 2b 00 00 ff 9d 2b 00 00 ff 9d 2b 00 00 ff 9d 2b 00 00 ff a0 2b 00 02 46 00 06 ff 02 46 00 00 ff a0 2b 00 20 46 00 6c 07 00 00 ff a0 2b 00 00 ff a0 2b 00 00 ff 9d 2b 00 00 ff a0 2b 00 00 ff 9d 2b 00 00 ff a0 2b 00 00 ff 9d 2b 00 00 ff 9f 2b 00 00 ff a0 2b 00 00 ff a0 2b 00 02 46 00 06 ff 02 46 00 00 ff a0 2b 00 21 46 00 00 ff 9d 2b 00 00 ff 9f 2b 00 00 ff 9f 2b 00 00 ff 9f 2b 00 00 ff 9f 2b 00 00 ff 9d 2b 00 00 ff 9d 2b 00 00 ff a0 2b 00 00 ff a0 2b 00 09 46 00 00 ff a0 2b 00 04 46 00 06 ff 02 46 00 00 ff 9d 2b 00 00 ff 9f 2b 00 00 ff 9d 2b 00 00 ff 9d 2b 00 00 ff a0 2b 00 00 ff 9f 2b 00 00 ff 9d 2b 00 00 ff 9f 2b 00 00 ff a0 2b 00 00 ff 9d 2b 00 02 46 00 07 ff 02 46 00 00 ff 9d 2b 00 00 ff a0 2b 00 03 46 00 00 ff a0 2b 00 03 46 00 00 ff a0 2b 00 03 46 00 00 ff 9f 2b 00 03 46 00 00 ff 9f 2b 00 03 46 00 00 ff a0 2b 00 63 34 00 03 46 00 00 ff 9f 2b 00 63 34 00 00 ff 9f 2b 00 03 46 00 00 ff 9d 2b 00 04 46 00 07 ff 02 46 00 00 ff 9d 2b 00 10 ff 02 46 00 00 ff 9d 2b 00 00 ff 03 46 00 00 ff 03 46 00 00 ff 03 46 00 00 ff 03 46 00 00 ff 03 46 00 00 ff 63 34 00 03 46 00 00 ff 63 34 00 00 ff 03 46 00 00 ff 03 46 00 00 ff 03 46 00 06 ff 02 46 00 00 ff 9d 2b 00 00 ff 9f 2b 00 00 ff 9f 2b 00 00 ff 9d 2b 00 00 ff a0 2b 00 00 ff a0 2b 00 00 ff a0 2b 00 00 ff 9d 2b 00 00 ff a0 2b 00 00 ff a0 2b 00 00 ff 9f 2b 00 02 46 00 06 ff 02 46 00 00 ff 9f 2b 00 00 ff 9f 2b 00 00 ff a0 2b 00 00 ff a0 2b 00 00 ff a0 2b 00 00 ff 9f 2b 00 00 ff 9d 2b 00 00 ff 9f 2b 00 00 ff 9f 2b 00 00 ff 9d 2b 00 00 ff 9f 2b 00 02 46 00 06 ff 02 46 00 00 ff a0 2b 00 00 ff a0 2b 00 00 ff 9f 2b 00 00 ff 9d 2b 00 00 ff a0 2b 00 00 ff a0 2b 00 00 ff 9d 2b 00 00 ff a0 2b 00 00 ff 9f 2b 00 00 ff 9d 2b 00 00 ff 9f 2b 00 20 47 00 02 46 00 06 ff 02 46 00 00 ff 9d 2b 00 00 ff 9f 2b 00 00 ff 9d 2b 00 00 ff a0 2b 00 00 ff a0 2b 00 00 ff 9d 2b 00 00 ff 9f 2b 00 00 ff 9d 2b 00 00 ff 9f 2b 00 00 ff 9d 2b 00 00 ff a0 2b 00 02 46 00 06 ff 02 46 00 00 ff a0 2b 00 00 ff a0 2b 00 03 46 00 00 ff 9d 2b 00 03 46 00 00 ff a0 2b 00 03 46 00 00 ff 9d 2b 00 03 46 00 00 ff 9f 2b 00 03 46 00 00 ff 9f 2b 00 03 46 00 00 ff a0 2b 00 03 46 00 00 ff a0 2b 00 03 46 00 00 ff a0 2b 00 03 46 00 00 ff a0 2b 00 04 46 00 06 ff 02 46 00 00 ff a0 2b 00 10 ff 02 46 00 00 ff 9f 2b 00 10 ff 02 46 00 00 ff 9f 2b 00 4a 18 00 00 ff 03 46 00 00 ff 03 46 00 00 ff 03 46 00 00 ff 03 46 00 00 ff 03 46 00 0b ff 02 46 00 00 ff a0 2b 00 03 46 00 ff ff ff ff ff ff ff ff ff ff ff ff ff ff ff ff ff ff ff ff ff ff 40 ff 78 01 0f 47 0a 78 02 65 28 00 78 03 26 0b 00 78 04 f9 46 0a 78 05 52 43 5f 00 78 06 8a 0d 00 78 07 04 47 0a 78 08 1a 47 0a 79 09 78 0a 51 46 00 78 0b 1c 44 00 78 0c 1d 44 00 a0 54 38 54 38 40 42 0f 00 7a 74 82 6a dd 01 06 b0 09 b0 09 19 00 64 d8 09 a1 0a 00 0a 00 0a 00 0a 00 0a 00 0a 00 0a 1e 82 c8 d7 8d ab 10 00 10 03 c0 a2 00 40 a0 54 38 54 38 40 42 0f 00 7a 74 82 6a dd 01 06 b0 09 58 0c 19 00 64 d8 09 8f ab 10 00 10 dc 05 8c ab 10 00 10 5e a0 54 38 3c 3c 40 42 0f 00 7a 74 82 6a dd 01 06 b0 09 78 0f 19 00 64 d8 09 8f ab 10 00 10 dc 05 8c ab 10 00 10 5a a0 54 38 2a 3f 40 42 0f 00 7a 74 82 6a dd 01 06 b0 09 d0 11 19 00 64 d8 09 8f ab 10 00 10 dc 05 8c ab 10 00 10 58 a0 54 38 92 40 40 42 0f 00 7a 74 82 6a dd 01 06 b0 09 d0 11 19 00 64 d8 09 b4 19 07 00 23 77 23 31 30 30 3b 8c ab 10 00 10 62 a0 ec 3e 92 40 40 42 0f 00 7a 74 82 6a dd 01 06 b0 09 d0 11 19 00 64 d8 09 8f ab 10 00 10 dc 05 80 ab 10 00 10 04 b4 18 33 00 53 75 61 20 c3 ba 6c 74 69 6d 61 20 76 69 73 69 74 61 20 66 6f 69 20 65 6d 20 57 65 64 20 53 65 70 20 31 36 20 31 34 3a 34 34 3a 34 31 20 32 30 32 36 2e b4 18 2d 00 53 65 6a 61 20 62 65 6d 2d 76 69 6e 64 6f 20 61 6f 20 66 61 6e 74 61 73 74 69 63 6f 20 6d 75 6e 64 6f 20 64 65 20 41 76 61 74 61 72 21 8e ab 10 00 10 3d 04 73 72 44 00 00 00 00 00 00 00 00 00 00 6a f6 01 59 01 07 03 61 00 00 00 00 00 ac 10 00 40 00 00 00 02 ba 04 00 00 00 00 00 00 00 00 00 00 00 00 00 00 00 dc 05 00 00 00 00 00 00 01 

